name,state,lat,lon,population
Mumbai,Maharashtra,19.0728,72.8826,12691836
Delhi,Delhi,28.652,77.2315,11034555
Bengaluru,Karnataka,12.9719,77.5937,8495492
Hyderabad,Telangana,17.384,78.4564,6993262
Ahmedabad,Gujarat,23.0258,72.5873,6357693
Chennai,Tamil Nadu,13.0878,80.2785,4681087
Kolkata,West Bengal,22.5626,88.363,4631392
Surat,Gujarat,21.1959,72.8302,4591246
Pune,Maharashtra,18.5196,73.8554,3124458
Jaipur,Rajasthan,26.9196,75.7878,3046163
Kanpur,Uttar Pradesh,26.4652,80.3498,2823249
Navi Mumbai,Maharashtra,19.0368,73.0158,2600000
Lucknow,Uttar Pradesh,26.8393,80.9231,2472011
Nagpur,Maharashtra,21.1463,79.0849,2405665
Coimbatore,Tamil Nadu,11.0056,76.9661,2136916
Indore,Madhya Pradesh,22.7179,75.8333,1994397
Thāne,Maharashtra,19.197,72.9636,1841488
Vadodara,Gujarat,22.2994,73.2081,1822221
Bhopal,Madhya Pradesh,23.2547,77.4029,1798218
Rasapūdipalem,Andhra Pradesh,17.7331,83.3162,1728128
Pimpri-Chinchwad,Maharashtra,18.6187,73.8037,1727692
Patna,Bihar,25.5941,85.1356,1684297
Kallakurichi,Tamil Nadu,11.7338,78.9592,1682687
Ludhiana,Punjab,30.912,75.8538,1618879
Nashik,Maharashtra,19.9973,73.791,1486053
Madurai,Tamil Nadu,9.919,78.1195,1465625
Tirunelveli,Tamil Nadu,8.7274,77.6838,1435844
Agra,Uttar Pradesh,27.1833,78.0167,1430055
Faridabad,Haryana,28.4112,77.3132,1414050
Rājkot,Gujarat,22.2916,70.7932,1390640
Najafgarh,Delhi,28.6092,76.9798,1365000
Jamshedpur,Jharkhand,22.8028,86.1854,1339438
Pimpri,Maharashtra,18.6229,73.807,1284606
Kalyān,Maharashtra,19.2437,73.1355,1262255
Dombivali,Maharashtra,19.2167,73.0833,1247327
Meerut,Uttar Pradesh,28.98,77.7064,1223184
Virār,Maharashtra,19.4559,72.8114,1222390
Nowrangapur,Odisha,19.2311,82.5483,1220946
Srinagar,Jammu and Kashmir,34.0856,74.8056,1206419
Ghāziābād,Uttar Pradesh,28.6654,77.4392,1199191
Dhanbad,Jharkhand,23.7976,86.4299,1196214
Aurangabad,Maharashtra,19.8776,75.3423,1175116
Varanasi,Uttar Pradesh,25.3167,83.0104,1164404
Amritsar,Punjab,31.6223,74.8753,1159227
Vijayawada,Andhra Pradesh,16.5074,80.6466,1143232
Ranchi,Jharkhand,23.3432,85.3094,1120374
Jabalpur,Madhya Pradesh,23.167,79.9501,1081677
Prayagraj,Uttar Pradesh,25.4448,81.8432,1073438
Visakhapatnam,Andhra Pradesh,17.6801,83.2016,1063178
Jodhpur,Rajasthan,26.2684,73.0059,1056191
Gwalior,Madhya Pradesh,26.2298,78.1734,1054420
Teni,Tamil Nadu,10.0112,77.4777,1034724
Howrah,West Bengal,22.5769,88.3186,1027672
Raipur,Chhattisgarh,21.2333,81.6333,1027264
Tiruchirappalli,Tamil Nadu,10.8155,78.6965,1022518
Kota,Rajasthan,25.1825,75.8391,1001694
Shivaji Nagar,Maharashtra,18.5302,73.8526,1000000
Sholapur,Maharashtra,17.6715,75.9104,997281
Chandigarh,Chandigarh,30.7363,76.7884,970602
Tiruppur,Tamil Nadu,11.1154,77.3546,963173
Guwahati,Assam,26.1844,91.7458,962334
Hubballi,Karnataka,15.3478,75.1338,943788
Mysuru,Karnataka,12.2979,76.6392,920550
Salem,Tamil Nadu,11.6538,78.1554,917414
Gurugram,Haryana,28.4601,77.0263,886519
Bhubaneswar,Odisha,20.2724,85.8338,885363
Bhiwandi,Maharashtra,19.3002,73.0588,874032
Jalandhar,Punjab,31.3256,75.5792,868929
Rohini,Delhi,28.7432,77.0678,860000
Kanayannur,Kerala,9.9667,76.2667,851406
Bhayandar,Maharashtra,19.3016,72.8511,809378
Narela,Delhi,28.8527,77.0929,800000
Thiruvananthapuram,Kerala,8.4855,76.9492,788271
Alīgarh,Uttar Pradesh,27.8814,78.0746,753207
Bareilly,Uttar Pradesh,28.3668,79.4317,745435
Morādābād,Uttar Pradesh,28.8389,78.7768,721139
Warangal,Telangana,18.0,79.5833,704570
Dhārāvi,Maharashtra,19.05,72.8667,700000
Gorakhpur,Uttar Pradesh,26.7663,83.3689,674246
Guntur,Andhra Pradesh,16.2997,80.4573,670073
Puducherry,Puducherry,11.9338,79.8298,657209
Jājmau,Uttar Pradesh,26.4304,80.4095,652831
Amravati,Maharashtra,20.9333,77.75,647057
Bikaner,Rajasthan,28.0176,73.315,644406
Kochi,Kerala,9.9399,76.2602,633553
Bhilai,Chhattisgarh,21.2092,81.4285,627734
Cuttack,Odisha,20.465,85.8793,610189
Borivli,Maharashtra,19.235,72.8598,609617
Bhavnagar,Gujarat,21.7629,72.1533,605882
Sāngli,Maharashtra,16.8544,74.5642,601214
Jamnagar,Gujarat,22.4729,70.0667,600943
Jammu,Jammu and Kashmir,32.7353,74.8617,576198
Bokāro,Jharkhand,23.6693,86.1516,564319
Nanded,Maharashtra,19.1602,77.315,550564
Kozhikode,Kerala,11.248,75.7804,550440
Kolhāpur,Maharashtra,16.6956,74.2317,549236
Nellore,Andhra Pradesh,14.4499,79.987,547621
Kalaburagi,Karnataka,17.3358,76.8376,543147
Ajmer,Rajasthan,26.4521,74.6387,542321
Dehradun,Uttarakhand,30.3244,78.0339,522081
Erode,Tamil Nadu,11.3428,77.7274,521891
Durgapur,West Bengal,23.5158,87.308,518872
Ulhasnagar,Maharashtra,19.2167,73.15,516584
Loni,Uttar Pradesh,28.7514,77.2902,516082
Siliguri,West Bengal,26.71,88.4285,515574
Ujjain,Madhya Pradesh,23.1824,75.7764,515215
Bilimora,Gujarat,20.7696,72.9613,510879
Karol Bāgh,Delhi,28.6514,77.1907,505241
Āsansol,West Bengal,23.6833,86.9833,504271
Mangaluru,Karnataka,12.9172,74.856,499487
Belagavi,Karnataka,15.8521,74.5045,490045
Sahāranpur,Uttar Pradesh,29.9679,77.5452,484873
Vellore,Tamil Nadu,12.9184,79.1326,484690
Bhātpāra,West Bengal,22.8664,88.4011,483129
Malegaon,Maharashtra,20.5497,74.5346,481228
Modīnagar,Uttar Pradesh,28.8306,77.573,475843
Gaya,Bihar,24.7969,85.0038,474093
Ambattur,Tamil Nadu,13.0982,80.1615,466205
Jalgaon,Maharashtra,21.0029,75.566,460228
Kurnool,Andhra Pradesh,15.8289,78.036,460184
Rāmgundam,Telangana,18.8008,79.4521,452261
Udaipur,Rajasthan,24.5858,73.7135,451100
Maheshtala,West Bengal,22.5086,88.2532,448317
Patiāla,Punjab,30.3362,76.3922,446246
Shyamnagar,West Bengal,22.8333,88.3667,441956
Davangere,Karnataka,14.4669,75.9269,435128
Akola,Maharashtra,20.7096,76.9981,428857
Rajpur Sonarpur,West Bengal,22.4382,88.432,424368
Korba,Chhattisgarh,22.3458,82.6963,419146
Jhānsi,Uttar Pradesh,25.4589,78.5799,412927
Thoothukudi,Tamil Nadu,8.7674,78.1342,410760
Ballari,Karnataka,15.142,76.924,410445
Bhāgalpur,Bihar,25.2445,86.9718,400146
Agartala,Tripura,23.836,91.2794,400004
Kākināda,Andhra Pradesh,16.9604,82.2381,384182
Latur,Maharashtra,18.3972,76.5678,382940
Pānihāti,West Bengal,22.6909,88.374,378705
Rajamahendravaram,Andhra Pradesh,17.0052,81.7778,376333
Dhule,Maharashtra,20.9013,74.7774,375559
Rohtak,Haryana,28.8945,76.5892,374292
Ahilyanagar,Maharashtra,19.0946,74.7384,367140
Kollam,Kerala,8.8811,76.5847,367107
Bilāspur,Chhattisgarh,22.08,82.1554,365579
Bhilwara,Rajasthan,25.3471,74.6408,359483
Brahmapur,Odisha,19.3115,84.7929,356598
Muzaffarpur,Bihar,26.1226,85.3906,354462
Punāsa,Madhya Pradesh,22.2351,76.3934,350000
Muzaffarnagar,Uttar Pradesh,29.4709,77.7033,349706
Avadi,Tamil Nadu,13.1147,80.1098,345996
Kadapa,Andhra Pradesh,14.48,78.8235,344893
Kukatpally,Telangana,17.4849,78.4138,341709
Kāmārhāti,West Bengal,22.6711,88.3747,332965
Mathura,Uttar Pradesh,27.5035,77.6722,330511
Chānda,Maharashtra,19.9508,79.2952,328351
Vijayapura,Karnataka,16.8244,75.7154,327427
Shivamogga,Karnataka,13.9316,75.5679,322650
Alwar,Rajasthan,27.5625,76.625,322568
Shāhjānpur,Uttar Pradesh,27.8816,79.9092,320434
Jūnāgadh,Gujarat,21.5197,70.4598,319462
New Delhi,Delhi,28.6214,77.2148,317797
Thrissur,Kerala,10.5167,76.2167,315957
Nizāmābād,Telangana,18.6715,78.0988,311152
Tumkūr,Karnataka,13.3414,77.1022,307359
Parbhani,Maharashtra,19.2686,76.7708,307170
Hisar,Haryana,29.1539,75.7229,307024
Fīrozābād,Uttar Pradesh,27.1509,78.3978,306409
Kulti,West Bengal,23.7317,86.8437,305405
Karnāl,Haryana,29.692,76.9845,302140
Barddhamān,West Bengal,23.2557,87.8569,301725
Gundupālaiyam,Puducherry,11.941,79.8029,300104
Bārāsat,West Bengal,22.7215,88.482,298127
Mulugu,Telangana,18.191,79.943,297671
Bihār Sharīf,Bihar,25.2008,85.5239,297268
Bāli,West Bengal,22.6486,88.3412,296973
Rāmpur,Uttar Pradesh,28.8101,79.027,296418
Darbhanga,Bihar,26.1522,85.8971,296039
Panipat,Haryana,29.3875,76.9682,295970
Tirupati,Andhra Pradesh,13.6355,79.4199,295323
Noida,Uttar Pradesh,28.58,77.33,293908
Greater Noida,Uttar Pradesh,28.4962,77.536,293908
Aizawl,Mizoram,23.7289,92.7179,293416
Gandhinagar,Gujarat,23.2167,72.6833,292797
Dindigul,Tamil Nadu,10.369,77.9804,292512
Thanjavur,Tamil Nadu,10.7852,79.1391,291067
Karīmnagar,Telangana,18.4392,79.1286,289821
Dewas,Madhya Pradesh,22.9658,76.0553,289550
Sonīpat,Haryana,28.9948,77.0194,289333
Ichalkaranji,Maharashtra,16.6912,74.4605,287353
Bathinda,Punjab,30.2075,74.9389,285788
Jālna,Maharashtra,19.841,75.8864,285577
Kirāri Sulemānnagar,Delhi,28.6974,77.0648,283211
Satna,Madhya Pradesh,24.5773,80.8272,282977
Purnia,Bihar,25.7789,87.4742,282248
Imphal,Manipur,24.8081,93.9442,277196
Saugor,Madhya Pradesh,23.8388,78.7387,274556
Kushinagar,Uttar Pradesh,26.7413,83.8869,274403
Rourkela,Odisha,22.225,84.8641,273317
Durg,Chhattisgarh,21.1915,81.2762,268806
Anantapur,Andhra Pradesh,14.6778,77.6081,267161
Ratlām,Madhya Pradesh,23.3303,75.0403,264914
Rānipet,Tamil Nadu,12.9247,79.3333,264330
Lal Bahadur Nagar,Telangana,17.3477,78.5576,261987
Arrah,Bihar,25.5563,84.6633,261430
Baranagar,West Bengal,22.6413,88.3773,260072
Gajuwaka,Andhra Pradesh,17.7,83.2167,258944
Etāwah,Uttar Pradesh,26.7762,79.0213,257448
Ambarnath,Maharashtra,19.2,73.1667,253475
Naihāti,West Bengal,22.894,88.4152,253221
Bharatpur,Rajasthan,27.2173,77.4901,252838
Begusarai,Bihar,25.4185,86.1339,252008
Tiruvottiyūr,Tamil Nadu,13.1582,80.3018,249446
Gāndhīdhām,Gujarat,23.0833,70.1333,247992
Mau,Uttar Pradesh,25.9417,83.5611,246050
Sīkar,Rajasthan,27.6121,75.14,244497
Ramagundam,Telangana,18.755,79.474,242979
Hāpur,Uttar Pradesh,28.7298,77.7807,242920
Farrukhābād,Uttar Pradesh,27.3913,79.5793,241152
Alappuzha,Kerala,9.49,76.3264,240991
Katihar,Bihar,25.5385,87.5704,240838
Sri Ganganagar,Rajasthan,29.9201,73.875,237780
Rewa,Madhya Pradesh,24.5326,81.2923,235654
Uluberiya,West Bengal,22.4756,88.099,235345
Sivakasi,Tamil Nadu,9.45,77.798,234704
Karur,Tamil Nadu,10.9577,78.081,234191
Rāichūr,Karnataka,16.2055,77.3557,234073
Pallāvaram,Tamil Nadu,12.968,80.1502,233984
Ooty,Tamil Nadu,11.4134,76.6952,233426
Pāli,Rajasthan,25.7728,73.3234,230075
Hosūr,Tamil Nadu,12.7365,77.8326,229528
Vizianagaram,Andhra Pradesh,18.1169,83.4115,228720
Shrīrāmpur,West Bengal,22.7528,88.3422,226317
Quthbullapur,Telangana,17.5011,78.4582,225816
Nadiād,Gujarat,22.6938,72.8616,225071
Nāgercoil,Tamil Nadu,8.179,77.4323,224849
Karāwalnagar,Delhi,28.7271,77.2705,224281
Mango,Jharkhand,22.8275,86.2164,223805
Murwāra,Madhya Pradesh,23.8378,80.394,221883
Kanchipuram,Tamil Nadu,12.8352,79.7001,221715
Singrauli,Madhya Pradesh,24.1997,82.6754,220257
Mirzāpur,Uttar Pradesh,25.1449,82.5653,220029
Kharagpur,West Bengal,22.3397,87.325,219665
Eluru,Andhra Pradesh,16.7131,81.1044,218020
Rāniganj,Telangana,17.4284,78.4936,217910
Yamuna Nagar,Haryana,30.128,77.2837,217071
Raurkela Industrial Township,Odisha,22.1999,84.8618,216410
Bidar,Karnataka,17.908,77.5152,216020
Munger,Bihar,25.3746,86.4745,213303
Nandyāl,Andhra Pradesh,15.478,78.4836,211424
Panchkula,Haryana,30.6946,76.8504,211355
Burhānpur,Madhya Pradesh,21.3087,76.2303,210886
Morvi,Gujarat,22.8173,70.8377,210451
Anand,Gujarat,22.5525,72.9552,209410
Ongole,Andhra Pradesh,15.5036,80.0445,208344
Hosapete,Karnataka,15.2695,76.3871,206167
Nāngloi Jāt,Delhi,28.6796,77.068,205596
Secunderabad,Telangana,17.5043,78.5426,204182
Deoghar,Jharkhand,24.4898,86.699,203123
Chāpra,Bihar,25.7803,84.7471,202352
Khandwa,Madhya Pradesh,21.8243,76.3509,200738
Puri,Odisha,19.7982,85.8249,200564
Morena,Madhya Pradesh,26.4989,77.9953,200482
Gyānpur,Uttar Pradesh,25.3327,82.4664,200000
Bulandshahr,Uttar Pradesh,28.4039,77.8577,198612
Bhind,Madhya Pradesh,26.5667,78.7873,197585
Bhālswa Jahangirpur,Delhi,28.7356,77.1668,197148
Khammam,Telangana,17.2477,80.1437,196283
Sambhal,Uttar Pradesh,28.585,78.5696,196109
Bhiwāni,Haryana,28.793,76.1397,196057
Panvel,Maharashtra,18.9888,73.1101,195373
Ambāla,Haryana,30.361,76.7978,195153
Kumarapalayam,Tamil Nadu,11.445,77.711,195071
Machilīpatnam,Andhra Pradesh,16.1875,81.1389,192827
Mahesāna,Gujarat,23.5986,72.3847,190753
Mahbūbnagar,Telangana,16.7438,77.986,190400
Sambalpur,Odisha,21.4653,83.9757,189366
Bhusawal,Maharashtra,21.0436,75.7851,187421
Raebareli,Uttar Pradesh,26.2309,81.2332,186433
Haridwar,Uttarakhand,29.9479,78.1602,186079
Phusro,Jharkhand,23.7564,86.0051,185555
Adoni,Andhra Pradesh,15.6279,77.275,184625
Sūjāngarh,Rajasthan,27.7,74.4667,183808
Sirsa,Haryana,29.5349,75.029,182534
Dinapur Nizamat,Bihar,25.6385,85.0512,182429
Bahraigh,Uttar Pradesh,27.5743,81.5947,182218
Kāraikkudi,Tamil Nadu,10.0662,78.7678,181851
Sultan Pur Majra,Delhi,28.6897,77.0765,181554
Guna,Madhya Pradesh,24.6469,77.3113,180935
Chandannagar,West Bengal,22.8622,88.368,180623
Baharampur,West Bengal,24.1047,88.2516,180547
Shahuwadi,Maharashtra,16.9099,73.9465,180322
Madanapalle,Andhra Pradesh,13.5503,78.5029,180180
Shivpuri,Madhya Pradesh,25.4238,77.6622,179977
Surendranagar,Gujarat,22.7271,71.6486,179628
Neyveli,Tamil Nadu,11.6088,79.4994,179150
Silchar,Assam,24.8273,92.7979,178865
Proddatūr,Andhra Pradesh,14.7502,78.5481,177797
Hugli,West Bengal,22.9088,88.3967,177005
Hashtsāl,Delhi,28.6341,77.0577,176877
Amroha,Uttar Pradesh,28.9031,78.4698,176253
Chhindwāra,Madhya Pradesh,22.057,78.9396,175052
Tambaram,Tamil Nadu,12.9246,80.1271,174787
Bhetia,Jharkhand,22.7932,86.141,174355
Pathānkot,Punjab,32.2748,75.6529,174306
Badlapur,Maharashtra,19.1552,73.2655,174226
Cuddalore,Tamil Nadu,11.7562,79.7669,173636
Shimla,Himachal Pradesh,31.1044,77.1666,173503
Gadag-Betageri,Karnataka,15.4167,75.6167,172813
Gadag,Karnataka,15.4298,75.6297,172612
Verāval,Gujarat,20.9077,70.3679,171121
Navsari,Gujarat,20.9424,72.9247,171109
Bahadurgarh,Haryana,28.6929,76.9356,170767
Haldia,West Bengal,22.0605,88.1098,170695
Rāiganj,West Bengal,25.6128,88.1245,170252
Malda,West Bengal,25.0045,88.1457,170039
Jaunpur,Uttar Pradesh,25.7536,82.6869,169572
Deoli,Delhi,28.5025,77.2312,169122
Bharūch,Gujarat,21.6948,72.9805,169007
Hoshiārpur,Punjab,31.5372,75.9127,168653
Jīnd,Haryana,29.3158,76.315,167592
Kumbakonam,Tamil Nadu,10.9621,79.3912,167155
Mohali,Punjab,30.68,76.7221,166864
Fatehpur,Uttar Pradesh,25.9277,80.8127,166480
Tonk,Rajasthan,26.1664,75.7882,165294
Udupi,Karnataka,13.3347,74.7462,165000
Thenali,Andhra Pradesh,16.2425,80.6398,164937
Sītāpur,Uttar Pradesh,27.5619,80.6826,164435
Alandur,Tamil Nadu,13.0025,80.2061,164430
Bhadrāvati,Karnataka,13.8485,75.705,163903
Vapi,Gujarat,20.3718,72.9049,163630
Moga,Punjab,30.8138,75.1688,163397
Rāj-Nāndgaon,Chhattisgarh,21.0969,81.0289,163114
Robertsonpet,Karnataka,12.9563,78.2754,162230
Unnāo,Uttar Pradesh,26.5471,80.4878,161671
Budaun,Uttar Pradesh,28.0381,79.1267,161555
Madhyamgram,West Bengal,22.6894,88.4459,161126
Chittoor,Andhra Pradesh,13.2106,79.0956,160722
Jāmuria,West Bengal,23.7047,87.0787,160242
Jaigaon,West Bengal,26.8477,89.3756,158664
Batāla,Punjab,31.8092,75.2029,158621
Orai,Uttar Pradesh,25.9902,79.4533,158265
Saharsa,Bihar,25.875,86.5961,156540
Vidisha,Madhya Pradesh,23.526,77.8109,155951
Hanumāngarh,Rajasthan,29.5818,74.3294,155687
Thānesar,Haryana,29.9732,76.8321,155152
Hassan,Karnataka,13.0072,76.0962,155006
Kishangarh,Rajasthan,26.5901,74.854,154886
Dalūpura,Delhi,28.6057,77.319,154791
Rudrapur,Uttarakhand,28.98,79.4,154554
Nalgonda,Telangana,17.0544,79.2671,154326
Hazāribāgh,Jharkhand,23.9924,85.3616,153595
Medinīpur,West Bengal,22.4211,87.3226,153349
Bālurghāt,West Bengal,25.221,88.7773,153279
Fyzābād,Uttar Pradesh,26.7755,82.1502,153047
Dinapore,Bihar,25.637,85.0479,152940
Porbandar,Gujarat,21.6422,69.6093,152760
Bānda,Uttar Pradesh,25.4776,80.3349,152218
Hindupur,Andhra Pradesh,13.8281,77.4914,151677
Beāwar,Rajasthan,26.1012,74.3203,151152
Anantnag,Jammu and Kashmir,33.7307,75.1542,150592
Serilingampalle,Telangana,17.4931,78.302,150525
Raigarh,Chhattisgarh,21.8976,83.3966,150019
Malkajgiri,Telangana,17.4478,78.5263,150000
Shāntipur,West Bengal,23.2472,88.433,149983
Bhuj,Gujarat,23.254,69.6693,148834
Bārākpur,West Bengal,22.766,88.3634,148174
Hājīpur,Bihar,25.6854,85.2098,147688
Sasarām,Bihar,24.9494,84.0165,147408
Bhimavaram,Andhra Pradesh,16.5408,81.5232,146961
Beed,Maharashtra,18.9892,75.7563,146709
Burāri,Delhi,28.7557,77.1994,146190
Krishnanagar,West Bengal,23.4058,88.4907,145926
Chitradurga,Karnataka,14.2226,76.4004,145853
Dibrugarh,Assam,27.4799,94.9084,145488
Abohar,Punjab,30.1445,74.1955,145302
Tiruvannamalai,Tamil Nadu,12.2266,79.0746,145278
Kaithal,Haryana,29.8015,76.3996,144915
Balasore,Odisha,21.4927,86.9335,144373
Godhra,Gujarat,22.7755,73.6149,143644
Shillong,Meghalaya,25.5689,91.8831,143229
Rewāri,Haryana,28.199,76.6183,143021
Basirhat City,West Bengal,22.6614,88.8548,143007
Chhatarpur,Madhya Pradesh,24.9177,79.5887,142128
Mandsaur,Madhya Pradesh,24.0718,75.0699,141667
Chas,Jharkhand,23.6356,86.1671,141640
Pālanpur,Gujarat,24.1713,72.4383,141592
Lakhīmpur,Uttar Pradesh,27.9482,80.7793,140223
Valsād,Gujarat,20.6101,72.9343,139764
Damoh,Madhya Pradesh,23.8331,79.4419,139561
Haldwani,Uttarakhand,29.2225,79.5286,139497
Hābra,West Bengal,22.842,88.6561,139297
Kolār,Karnataka,13.1377,78.13,138462
Srikakulam,Andhra Pradesh,18.2989,83.8975,137944
Mandya,Karnataka,12.5223,76.8975,137358
Madhurampur Dehri,Bihar,24.969,84.1964,137231
Kānchrāpāra,West Bengal,22.96,88.4285,136954
Dimāpur,Nagaland,25.9117,93.7217,135860
Māler Kotla,Punjab,30.5309,75.8795,135424
Siwān,Bihar,26.221,84.3561,135066
Kalol,Gujarat,23.2466,72.4951,134426
Bānkura,West Bengal,23.2324,87.0716,133966
Pātan,Gujarat,23.8507,72.1296,133737
Gondā City,Uttar Pradesh,27.1318,81.9533,133583
Dhaulpur,Rajasthan,26.6929,77.8797,133075
Gondiā,Maharashtra,21.4603,80.192,132813
Palakkad,Kerala,10.7732,76.6537,132728
Bettiah,Bihar,26.8023,84.5031,132209
Palwal,Haryana,28.1447,77.3255,131926
Rānīganj,West Bengal,23.6164,87.1306,131261
Etah,Uttar Pradesh,27.5588,78.6569,131023
Pīlibhīt,Uttar Pradesh,28.6312,79.8044,131008
Rajapalayam,Tamil Nadu,9.453,77.5534,130442
Botad,Gujarat,22.1692,71.6667,130327
Deoria,Uttar Pradesh,26.5017,83.7794,129570
Nimach,Rajasthan,24.4595,74.8662,128561
Khardah,West Bengal,22.7186,88.3781,128346
Yavatmāl,Maharashtra,20.3932,78.132,128175
Hālīsahar,West Bengal,22.9322,88.4186,128172
Khanna,Punjab,30.7055,76.222,128137
Titāgarh,West Bengal,22.7425,88.3733,127751
Mustafābād,Delhi,28.7197,77.2678,127167
Hāthras,Uttar Pradesh,27.5955,78.052,126882
Jorhat,Assam,26.7575,94.2031,126736
Lalitpur,Uttar Pradesh,24.6901,78.4192,126475
Guntakal,Andhra Pradesh,15.1711,77.3624,126270
Pithampur,Madhya Pradesh,22.602,75.6965,126200
Mothīhāri,Bihar,26.6486,84.9166,126158
Kanhangad,Kerala,12.3081,75.1063,125564
Jagdalpur,Chhattisgarh,19.0814,82.0213,125463
Jagādhri,Haryana,30.1672,77.3037,124894
Dārjiling,West Bengal,27.0333,88.2667,123797
Kurichchi,Tamil Nadu,10.9608,76.9738,123667
Dam Dam,West Bengal,22.6334,88.4229,122719
Hardoī,Uttar Pradesh,27.3949,80.1316,122635
Puruliya,West Bengal,23.3306,86.363,122533
Dharmavaram,Andhra Pradesh,14.4144,77.7204,121874
Gokalpur,Delhi,28.7029,77.2896,121870
Bhadreswar,West Bengal,22.8245,88.3384,121662
Nagaon,Assam,26.35,92.6667,121628
Vejalpur,Gujarat,22.6902,73.563,121610
Chikmagalūr,Karnataka,13.3223,75.774,121484
Bhadrak,Odisha,21.0545,86.5156,121338
Sawai Madhopur,Rajasthan,26.023,76.3441,121106
Ambikāpur,Chhattisgarh,23.1189,83.1954,121071
Mandoli,Delhi,28.7028,77.31,120417
Satara,Maharashtra,17.6859,73.9933,120195
Chūru,Rajasthan,28.3042,74.9672,120157
Gangāpur,Rajasthan,26.4725,76.7174,120115
Madhavaram,Tamil Nadu,13.1482,80.2314,119105
Dohad,Gujarat,22.8328,74.2599,118846
Barshi,Maharashtra,18.2345,75.6928,118722
Ādilābād,Telangana,19.672,78.5359,118526
Jhunjhunūn,Rajasthan,28.1256,75.398,118473
Jetpur,Gujarat,21.7548,70.6235,118302
Uppal Kalan,Telangana,17.4058,78.5591,118259
Gudivāda,Andhra Pradesh,16.4355,80.9956,118167
Bārān,Rajasthan,25.1,76.5167,117992
Narmadapuram,Madhya Pradesh,22.7475,77.7274,117988
Amreli,Gujarat,21.5998,71.2117,117967
Pudukkottai,Tamil Nadu,10.3813,78.8214,117630
Narasaraopet,Andhra Pradesh,16.2349,80.0493,117489
Rishra,West Bengal,22.7239,88.3456,117014
Baripāda,Odisha,21.9346,86.7285,116849
Muktsar,Punjab,30.4743,74.5166,116747
Azamgarh,Uttar Pradesh,26.0683,83.1836,116644
Barnāla,Punjab,30.3745,75.5487,116449
Yelahanka,Karnataka,13.1007,77.5963,116447
Chittorgarh,Rajasthan,24.8896,74.624,116406
Tinsukia,Assam,27.489,95.3599,116322
Khargone,Madhya Pradesh,21.8229,75.6139,116150
Baidyabāti,West Bengal,22.785,88.3259,115504
Bastī,Uttar Pradesh,26.7882,82.7162,115115
Gangavati,Karnataka,15.4313,76.5293,114642
Ambur,Tamil Nadu,12.7916,78.7164,114608
Giridih,Jharkhand,24.1862,86.3088,114533
Wardha,Maharashtra,20.7393,78.5978,113759
Tadepalligudem,Andhra Pradesh,16.8147,81.5272,112655
Chanduasi,Uttar Pradesh,28.4518,78.7828,112635
Bagaha,Bihar,27.0992,84.09,112634
Achalpur,Maharashtra,21.2566,77.5101,112311
Gondal,Gujarat,21.9607,70.8026,112197
Dharashiv,Maharashtra,18.1816,76.0389,112085
Port Blair,Andaman and Nicobar,11.6661,92.7464,112050
Bagalkot,Karnataka,16.1867,75.6961,111933
Suriāpet,Telangana,17.1405,79.6204,111729
Bangaon,West Bengal,23.0455,88.8308,111693
Ashoknagar Kalyangarh,West Bengal,22.8642,88.637,111475
Deesa,Gujarat,24.2561,72.1793,111160
Navadwīp,West Bengal,23.4067,88.3686,111123
Nandurbar,Maharashtra,21.3667,74.2405,111037
Sultānpur,Uttar Pradesh,26.2579,82.0727,110368
Delhi Cantonment,Delhi,28.6,77.1333,110351
Firozpur,Punjab,30.9257,74.6131,110313
Pandit Deen Dayal Upadhyaya Nagar,Uttar Pradesh,25.2831,83.1197,109650
Sehore,Madhya Pradesh,23.2,77.0833,109118
Kanpur Cantonment,Uttar Pradesh,26.4594,80.3751,108534
Bānsbāria,West Bengal,22.9539,88.401,108474
Tadpatri,Andhra Pradesh,14.9083,78.0103,108171
Jalpāiguri,West Bengal,26.5167,88.7333,107832
Mangalagiri,Andhra Pradesh,16.4308,80.5682,107197
Ranebennur,Karnataka,14.6224,75.6295,106406
Khurja,Uttar Pradesh,28.2538,77.8554,105909
Kishanganj,Bihar,26.1022,87.9553,105782
Ponnāni,Kerala,10.767,75.9252,105512
Hindaun,Rajasthan,26.7341,77.0352,105452
Jamālpur,Bihar,25.3126,86.4889,105434
Nāgaur,Rajasthan,27.202,73.7339,105218
Ambala Sadar,Haryana,30.3354,76.8626,104974
Bhiwadi,Rajasthan,28.2102,76.8606,104921
Būndi,Rajasthan,25.4386,75.6374,104919
Miryalaguda,Telangana,16.8722,79.5625,104918
Soyībug,Jammu and Kashmir,34.0768,74.7057,104000
Jagtiāl,Telangana,18.7947,78.9166,103930
Roorkee,Uttarakhand,29.8663,77.8912,103894
Udgīr,Maharashtra,18.3926,77.1176,103550
Nagda,Madhya Pradesh,23.4583,75.4176,103501
Betūl,Madhya Pradesh,21.9006,77.9023,103330
Jahānābād,Bihar,25.2137,84.9871,103202
Kashipur,Uttarakhand,29.214,78.9569,103138
Ghazīpur,Uttar Pradesh,25.5833,83.5853,103095
Amaravati,Andhra Pradesh,16.514,80.516,103000
Nagapattinam,Tamil Nadu,10.7638,79.8431,102905
Buxar,Bihar,25.5755,83.9804,102861
Mormugao,Goa,15.3891,73.8149,102345
Seoni,Madhya Pradesh,22.085,79.5504,102343
Aurangābād,Bihar,24.752,84.3742,102244
Hinganghāt,Maharashtra,20.5487,78.8398,101805
Dhamtari,Chhattisgarh,20.7072,81.5487,101677
Chilakalūrupet,Andhra Pradesh,16.0899,80.167,101398
Malappuram,Kerala,11.042,76.0815,101386
Bānswāra,Rajasthan,23.5411,74.4425,101017
Chirmiri,Chhattisgarh,23.1907,82.3531,100800
Itārsi,Madhya Pradesh,22.6148,77.7622,100574
Vasco da Gama,Goa,15.3958,73.8157,100485
Gangtok,Sikkim,27.3257,88.6122,100286
Datia,Madhya Pradesh,25.6731,78.4591,100284
Phagwāra,Punjab,31.2245,75.7739,100146
Airoli,Maharashtra,19.151,72.9962,100000
Luckeesarai,Bihar,25.1765,86.0947,99979
Shikohābād,Uttar Pradesh,27.108,78.5866,99678
Kāsganj,Uttar Pradesh,27.8088,78.6458,99462
Khambhāt,Gujarat,22.3174,72.6192,99164
Kohima,Nagaland,25.6747,94.111,99039
Pandharpur,Maharashtra,17.6792,75.331,98923
Kapurthala Town,Punjab,31.3801,75.381,98916
Mahuva,Gujarat,21.0901,71.769,98519
Silvassa,Dadra and Nagar Haveli and Daman and Diu,20.2739,72.9967,98265
Balāngīr,Odisha,20.7042,83.4903,98238
Nawāda,Bihar,24.8867,85.5436,98029
Bhilai Charoda,Chhattisgarh,21.223,81.4561,98008
Shāmli,Uttar Pradesh,29.4497,77.3096,97966
Jharsuguda,Odisha,21.8553,84.007,97730
Sādatpur Gujran,Delhi,28.7283,77.2482,97641
Chalisgaon,Maharashtra,20.4578,75.016,97551
Villupuram,Tamil Nadu,11.9398,79.4924,97380
Amalner,Maharashtra,21.0398,75.0589,97369
Tellicherry,Kerala,11.7481,75.4929,97201
Manjeri,Kerala,11.1202,76.12,97102
Birgaon,Chhattisgarh,21.3076,81.6279,96294
Bārmer,Rajasthan,25.7457,71.3921,96225
Pūth Kalān,Delhi,28.7116,77.0789,96002
Kuniyamuttūr,Tamil Nadu,10.9638,76.9525,95924
Sardārshahr,Rajasthan,28.4406,74.491,95911
Sāhibganj,Jharkhand,25.2442,87.6348,95890
Sānand,Gujarat,22.9923,72.3818,95890
Paramagudi,Tamil Nadu,9.5463,78.5907,95579
Zerakpur,Punjab,30.6562,76.8209,95553
Tiruchengode,Tamil Nadu,11.3802,77.8944,95335
Closepet,Karnataka,12.7218,77.2815,95167
Emmiganūr,Andhra Pradesh,15.772,77.4834,95149
Vaniyambadi,Tamil Nadu,12.6816,78.6201,95061
Kovilpatti,Tamil Nadu,9.1717,77.8699,95057
Parli Vaijnāth,Maharashtra,18.8506,76.5316,94863
Mainpuri,Uttar Pradesh,27.2286,79.0288,94619
Khāmgaon,Maharashtra,20.7074,76.5683,94604
Makrāna,Rajasthan,27.0436,74.7244,94487
Allinagaram,Tamil Nadu,10.0274,77.4782,94453
Gudiyatham,Tamil Nadu,12.946,78.8738,93973
Dhār,Madhya Pradesh,22.5937,75.2977,93917
Baraut,Uttar Pradesh,29.102,77.2633,93544
Kalyani,West Bengal,22.9757,88.4337,93184
Doddaballapura,Karnataka,13.2945,77.5378,93105
Chīrāla,Andhra Pradesh,15.8238,80.3522,92942
Akot,Maharashtra,21.0963,77.0588,92637
Fatehpur,Rajasthan,27.9949,74.9563,92595
Gharroli,Delhi,28.6167,77.3321,92540
Rajpura,Punjab,30.4786,76.5928,92301
Ballarpur,Maharashtra,19.847,79.3458,92146
Kot Kapūra,Punjab,30.5806,74.8261,91979
Bhandāra,Maharashtra,21.1682,79.6488,91845
Molārband,Delhi,28.503,77.3144,91402
Bagaha,Bihar,24.529,85.0602,91383
Rayachoti,Andhra Pradesh,14.0572,78.7506,91234
Kadayanallur,Tamil Nadu,9.0728,77.3415,90364
Valparai,Tamil Nadu,10.3269,76.9512,90353
Pollachi,Tamil Nadu,10.6582,77.0085,90180
Kāvali,Andhra Pradesh,14.9163,79.9945,90099
Roha,Maharashtra,18.4369,73.1196,90000
Mancherial,Telangana,18.8707,79.4286,89935
Avaniyāpuram,Tamil Nadu,9.8818,78.1126,89635
Murādnagar,Uttar Pradesh,28.7807,77.4986,89482
Ankleshwar,Gujarat,21.6324,72.99,89457
Kadiri,Andhra Pradesh,14.1117,78.1598,89429
Shahdol,Madhya Pradesh,23.2936,81.3619,89289
Shrirampur,Maharashtra,19.622,74.657,89282
Mahobā,Uttar Pradesh,25.2905,79.8753,89170
Rāmgarh,Jharkhand,23.6303,85.5216,88781
Contai,West Bengal,21.7798,87.7489,88702
Sangrūr,Punjab,30.2451,75.8449,88615
Nirmal,Telangana,19.0968,78.3441,88433
Deoband,Uttar Pradesh,29.695,77.6796,88171
Neyyāttinkara,Kerala,8.3985,77.0859,88104
Tāndā,Uttar Pradesh,26.5495,82.6584,88073
Kolar,Madhya Pradesh,23.1648,77.4189,87882
Jhumri Telaiya,Jharkhand,24.4349,85.5295,87867
Aruppukkottai,Tamil Nadu,9.5096,78.0959,87722
Farīdkot,Punjab,30.674,74.7558,87695
Madgaon,Goa,15.275,73.9579,87650
Velampālaiyam,Tamil Nadu,11.1376,77.3106,87427
Jamūī,Bihar,24.9261,86.2253,87357
Anjār,Gujarat,23.1132,70.0267,87183
Paralakhemundi,Odisha,18.7762,84.095,87152
Jharia,Jharkhand,23.7408,86.4146,86938
Kāraikāl,Puducherry,10.9167,79.8333,86838
Kāmthi,Maharashtra,21.2162,79.1973,86793
Hānsi,Haryana,29.1024,75.9625,86770
Mayiladuthurai,Tamil Nadu,11.1035,79.655,86660
Anakapalle,Andhra Pradesh,17.6913,83.004,86519
Maduravoyal,Tamil Nadu,13.0675,80.1632,86195
Sārni,Madhya Pradesh,22.1032,78.1716,86141
Dausa,Rajasthan,26.89,76.3358,85960
Parādīp Garh,Odisha,20.3164,86.6085,85868
Hingoli,Maharashtra,19.7146,77.1424,85103
Bāruni,Bihar,25.4751,85.9681,84888
Jeypore,Odisha,18.8563,82.5716,84830
Bijnor,Uttar Pradesh,29.373,78.1364,84593
Dhoraji,Gujarat,21.7336,70.45,84545
Vīrappanchathiram,Tamil Nadu,11.3531,77.7125,84453
Bālāghāt,Madhya Pradesh,21.8156,80.1884,84261
Udhampur,Jammu and Kashmir,32.9243,75.1357,84015
Najībābād,Uttar Pradesh,29.6119,78.3427,84006
Idaiyarpālaiyam,Tamil Nadu,11.0394,76.9237,83908
Harihar,Karnataka,14.5129,75.8072,83219
Chilla Soroda Bāngar,Delhi,28.5957,77.3019,83217
Sirsilla,Telangana,18.3886,78.8105,83186
Karauli,Rajasthan,26.4983,77.0276,82960
Mānsa,Punjab,29.9884,75.4017,82956
Jangipur,West Bengal,24.47,88.0766,82548
Gobindgarh,Punjab,30.6709,76.3019,82266
Saunda,Jharkhand,23.6645,85.3269,81915
Maraimalainagar,Tamil Nadu,12.7978,80.025,81872
Ashoknagar,Madhya Pradesh,24.5758,77.7312,81828
Phulwari Sharif,Bihar,25.5776,85.0725,81740
Mhow,Madhya Pradesh,22.5589,75.7654,81702
Malout,Punjab,30.2112,74.4818,81406
Kadi,Gujarat,23.2991,72.3336,81404
Vijalpor,Gujarat,20.9221,72.9095,81245
Palakollu,Andhra Pradesh,16.5167,81.73,81199
Himatnagar,Gujarat,23.5989,72.966,81137
Dholka,Gujarat,22.7273,72.4413,80945
Kotkapura,Punjab,30.5819,74.833,80741
Bargarh,Odisha,21.3335,83.619,80625
Kharghar,Maharashtra,19.0498,73.0702,80612
Kairāna,Uttar Pradesh,29.3954,77.2054,80432
Brajarajnagar,Odisha,21.8167,83.9167,80403
Kāmāreddi,Telangana,18.32,78.3418,80315
Palwancha,Telangana,17.5815,80.6765,80199
Manmād,Maharashtra,20.2533,74.4376,80058
Srikalahasti,Andhra Pradesh,13.7551,79.7014,80056
Kottagūdem,Telangana,17.5511,80.6178,79819
Nawābganj,Uttar Pradesh,26.9313,81.1984,79246
Gokak,Karnataka,16.169,74.8239,79121
Tīkamgarh,Madhya Pradesh,24.7433,78.8306,79106
Arakkonam,Tamil Nadu,13.0845,79.6705,79080
Arāria,Bihar,26.1493,87.5132,79021
Koch Bihār,West Bengal,26.3254,89.4451,78737
Kharakvasla,Maharashtra,18.44,73.7755,78684
Bhadohi,Uttar Pradesh,25.3953,82.5703,78568
Kātoya,West Bengal,23.6456,88.1326,78408
Medininagar,Jharkhand,24.0397,84.0658,78396
Wāshīm,Maharashtra,20.1113,77.133,78387
Bagbera,Jharkhand,22.7595,86.1905,78356
Savarkundla,Gujarat,21.3373,71.3035,78354
Basoda,Madhya Pradesh,23.8515,77.9365,78289
Tanuku,Andhra Pradesh,16.7544,81.6814,77962
Gurdaspur,Punjab,32.0393,75.4032,77928
Edattala,Kerala,10.0564,76.3845,77811
Bodhan,Telangana,18.6621,77.8858,77573
Balrāmpur,Uttar Pradesh,27.4295,82.1854,77396
Bāramūla,Jammu and Kashmir,34.209,74.3428,77276
Karwar,Karnataka,14.8136,74.1297,77139
Dhuliān,West Bengal,24.6813,87.9535,77070
Rabkavi-Banhatti,Karnataka,16.47,75.12,77004
Mawāna,Uttar Pradesh,29.1029,77.922,76973
Shirpur,Maharashtra,21.3482,74.8804,76905
Budge Budge,West Bengal,22.4828,88.1818,76837
Kundla,Gujarat,21.3422,71.3063,76809
Visnagar,Gujarat,23.6986,72.5521,76753
Kannauj,Uttar Pradesh,27.0552,79.9188,76714
Khajoori Khas,Delhi,28.7096,77.2587,76640
Neelankarai,Tamil Nadu,12.9495,80.2592,76600
Nagīna,Uttar Pradesh,29.4443,78.4365,76593
Badagara,Kerala,11.5978,75.5814,76493
Fazilka,Punjab,30.4021,74.0284,76492
Electronic City Phase I,Karnataka,12.8549,77.6633,76348
Ratnagiri,Maharashtra,16.9915,73.3102,76229
Keshod,Gujarat,21.3033,70.2486,76193
Konnagar,West Bengal,22.7051,88.3445,76082
Chintamani,Karnataka,13.4005,78.0517,76068
Pammal,Tamil Nadu,12.975,80.1347,75870
Sindhnūr,Karnataka,15.7698,76.7558,75837
Madhubani,Bihar,26.3537,86.0717,75736
Bodināyakkanūr,Tamil Nadu,10.0117,77.3498,75680
Khadki,Maharashtra,18.5635,73.852,75654
Dhrāngadhra,Gujarat,22.9917,71.4679,75578
Tezpur,Assam,26.6333,92.8,75540
Srivilliputhur,Tamil Nadu,9.5127,77.6337,75396
Benipur,Bihar,26.0551,86.1456,75317
Pāloncha,Telangana,17.6018,80.7051,75224
Jaora,Madhya Pradesh,23.6378,75.1271,74907
Tura,Meghalaya,25.5142,90.2024,74858
Gūdūr,Andhra Pradesh,14.1509,79.8521,74851
Narnaul,Haryana,28.0444,76.1083,74581
Balotra,Rajasthan,25.8324,72.24,74496
Kharar,Punjab,30.7463,76.6469,74460
Yadgir,Karnataka,16.7701,77.1376,74294
Harda,Madhya Pradesh,22.3441,77.0954,74268
Pilkhua,Uttar Pradesh,28.7127,77.656,74212
Ambājogāi,Maharashtra,18.7331,76.3862,74114
Kāpas Herd,Delhi,28.5261,77.084,74073
Bela,Uttar Pradesh,25.9206,81.9963,73992
Rabkavi,Karnataka,16.4757,75.1106,73835
Bawāna,Delhi,28.7982,77.0343,73680
Shāhābād,Uttar Pradesh,27.6431,79.9402,73606
Virudhachalam,Tamil Nadu,11.515,79.3282,73585
Chāndpur,Uttar Pradesh,29.1349,78.2719,73555
Kāsipālaiyam,Tamil Nadu,11.3198,77.7097,73425
Sikandarābād,Uttar Pradesh,28.4523,77.7,73379
Virudunagar,Tamil Nadu,9.5851,77.9579,73273
Pattukkottai,Tamil Nadu,10.4236,79.3195,73135
Pusad,Maharashtra,19.9127,77.5784,73046
Tindivanam,Tamil Nadu,12.234,79.6555,72796
Chopda,Maharashtra,21.2458,75.2995,72783
Taliparamba,Kerala,12.0416,75.3593,72465
Sangāreddi,Telangana,17.6248,78.0867,72344
Pālghar,Maharashtra,19.6969,72.7654,72335
Dharapuram,Tamil Nadu,10.7383,77.5322,72291
Payyanur,Kerala,12.0935,75.2025,72111
Sheopur,Madhya Pradesh,25.6647,76.6962,71951
Channapatna,Karnataka,12.6514,77.2067,71942
Koyilandy,Kerala,11.4381,75.6931,71873
Farīdpur,Uttar Pradesh,28.21,79.5415,71783
Barauni,Bihar,25.4709,85.976,71660
Krishnagiri,Tamil Nadu,12.5192,78.2138,71323
Sopur,Jammu and Kashmir,34.2867,74.4723,71292
Rāyagada,Odisha,19.1713,83.4143,71208
Zahirābād,Telangana,17.6814,77.6074,71166
Khopoli,Maharashtra,18.7856,73.3459,71141
Ratangarh,Rajasthan,28.0814,74.6185,71124
Mārkāpur,Andhra Pradesh,15.7353,79.2685,71092
Kalamassery,Kerala,10.0614,76.3263,71038
Bolpur,West Bengal,23.6628,87.697,70998
Panjim,Goa,15.4957,73.8262,70991
Rānāghāt,West Bengal,23.1762,88.5667,70984
Fatehābād,Haryana,29.5152,75.4555,70777
Bāpatla,Andhra Pradesh,15.9042,80.4674,70777
Beypore,Kerala,11.1715,75.8061,70751
Koppal,Karnataka,15.3452,76.1548,70698
Badvel,Andhra Pradesh,14.7451,79.0629,70626
Dādri,Uttar Pradesh,28.5526,77.554,70609
Thenkasi,Tamil Nadu,8.96,77.3153,70545
Suratgarh,Rajasthan,29.3215,73.8998,70536
Auraiya,Uttar Pradesh,26.4652,79.5092,70508
Palani,Tamil Nadu,10.4503,77.5209,70467
Nallūr,Tamil Nadu,11.1003,77.3914,70115
Chamrajnagar,Karnataka,11.9231,76.9395,69875
Mīthepur,Delhi,28.4974,77.3186,69837
Māngrol,Gujarat,21.1227,70.1148,69779
Basavakalyan,Karnataka,17.8744,76.9497,69717
Pul Pehlad,Delhi,28.4994,77.291,69657
Chāībāsa,Jharkhand,22.5504,85.8025,69565
Tripunittura,Kerala,9.9428,76.3333,69390
Shājāpur,Madhya Pradesh,23.4264,76.2778,69263
Mettupalayam,Tamil Nadu,11.2997,76.9348,69213
Sunām,Punjab,30.1288,75.7994,69069
Bhawānipatna,Odisha,19.9072,83.167,69045
Ziauddin Pur,Delhi,28.7087,77.2765,68993
Jamkhandi,Karnataka,16.5046,75.2915,68938
Basmat,Maharashtra,19.3287,77.1575,68846
Taj Pul,Delhi,28.4948,77.3059,68796
Kayamkulam,Kerala,9.1817,76.5009,68634
Dharmapuri,Tamil Nadu,12.1277,78.1579,68619
Bīsalpur,Uttar Pradesh,28.2925,79.8047,68355
Attili,Andhra Pradesh,16.7,81.6,68196
Cumbum,Tamil Nadu,9.7365,77.2847,68090
Munnar,Kerala,10.0882,77.0624,68000
Panipat Taraf Makhdum Zadgan,Haryana,29.4161,76.9883,67998
Nābha,Punjab,30.3758,76.1529,67972
Bihāt,Bihar,25.4253,86.0208,67952
Samāstipur,Bihar,25.8622,85.7795,67925
Kāranja,Maharashtra,20.4827,77.4886,67907
Sītāmarhi,Bihar,26.5936,85.4906,67818
Rājsamand,Rajasthan,25.0714,73.8798,67798
Malkāpur,Maharashtra,20.8855,76.1993,67740
Modāsa,Gujarat,23.4625,73.2986,67648
Jaisalmer,Rajasthan,26.9176,70.9039,67604
Buldāna,Maharashtra,20.5293,76.1846,67431
Dhenkānāl,Odisha,20.6574,85.5969,67414
Urun-Islāmpur,Maharashtra,17.05,74.2667,67391
Gopālganj,Bihar,26.4673,84.4404,67339
Bongaigaon,Assam,26.477,90.5582,67322
Sangamner,Maharashtra,19.5678,74.2115,67309
Hāveri,Karnataka,14.7935,75.4045,67102
Mannargudi,Tamil Nadu,10.6663,79.4506,66999
Jhālāwār,Rajasthan,24.5963,76.165,66919
Tarn Taran,Punjab,31.4519,74.9278,66847
Siddipet,Telangana,18.1048,78.8486,66737
Bellampalli,Telangana,19.0558,79.493,66660
Barbil,Odisha,22.1019,85.3775,66540
Koratla,Telangana,18.8215,78.7119,66504
Rishīkesh,Uttarakhand,30.1078,78.2926,66390
Goyerkāta,West Bengal,26.6998,89.0256,66358
Mandamarri,Telangana,18.9651,79.4748,66176
Puliyankudi,Tamil Nadu,9.1749,77.398,66034
Palāsa,Andhra Pradesh,18.7726,84.4101,65833
Gohāna,Haryana,29.1378,76.7025,65708
Pulivendla,Andhra Pradesh,14.4214,78.225,65706
Chengalpattu,Tamil Nadu,12.6918,79.9766,65689
Wadgaon Kolhati,Maharashtra,19.8431,75.236,65620
Lādnūn,Rajasthan,27.6531,74.3999,65575
Supaul,Bihar,26.1153,86.5951,65437
Gangārāmpur,West Bengal,25.4014,88.5298,65316
Ramanathapuram,Tamil Nadu,9.3716,78.8308,65314
Jagraon,Punjab,30.7878,75.4739,65305
Sinnar,Maharashtra,19.845,73.9987,65299
Kopargaon,Maharashtra,19.8824,74.476,65273
Alīpur Duār,West Bengal,26.4835,89.5229,65232
Tandur,Telangana,17.2485,77.577,65115
Khatauli,Uttar Pradesh,29.2784,77.733,64731
Vīrarāghavapuram,Tamil Nadu,13.0731,80.1078,64698
Siuri,West Bengal,23.9081,87.5277,64659
Bīna,Madhya Pradesh,24.1716,78.1876,64529
Pālitāna,Gujarat,21.5252,71.8231,64497
Chaumu,Rajasthan,27.1696,75.7223,64417
Hālol,Gujarat,22.5032,73.4724,64265
Kodār,Telangana,16.9985,79.9656,64234
Bāngarda Chhota,Madhya Pradesh,22.7435,75.8145,64213
Tādepalle,Andhra Pradesh,16.4833,80.6,64149
Tirupattur,Tamil Nadu,12.4924,78.568,64125
Chinnachowk,Andhra Pradesh,14.4752,78.8354,64053
Bishnupur,West Bengal,23.0738,87.3199,64041
Āmūr,Telangana,18.7928,78.2767,64023
Baheri,Uttar Pradesh,28.7742,79.4974,63953
Nawalgarh,Rajasthan,27.8516,75.2738,63948
Ānaiyūr,Tamil Nadu,9.9615,78.1118,63917
Kunnamkulam,Kerala,10.6467,76.067,63903
Rāghogarh,Madhya Pradesh,24.4432,77.1977,63873
Tohāna,Haryana,29.7133,75.9044,63871
Jatani,Odisha,20.1598,85.7074,63697
Arni,Tamil Nadu,12.6677,79.2853,63671
Chik Ballāpur,Karnataka,13.4351,77.7279,63652
Dhubri,Assam,26.0186,89.9856,63388
Borsad,Gujarat,22.4079,72.8982,63377
Gadwāl,Telangana,16.235,77.7956,63177
Pidugurālla,Andhra Pradesh,16.4793,79.8863,63103
Sheikhpura,Bihar,25.1399,85.841,62927
Sirsi,Karnataka,14.6207,74.8355,62882
Nipāni,Maharashtra,16.399,74.3828,62865
Kannur,Kerala,11.8675,75.3576,62836
Bāri,Rajasthan,26.6466,77.6163,62721
Nokha,Rajasthan,27.5616,73.4714,62699
Vinukonda,Andhra Pradesh,16.0531,79.7396,62550
Renukūt,Uttar Pradesh,24.2164,83.0358,62413
Nagari,Andhra Pradesh,13.3214,79.5856,62253
Chidambaram,Tamil Nadu,11.3993,79.6914,62153
Dabwāli,Haryana,29.9491,74.7383,62113
Sibsāgar,Assam,26.9843,94.6378,62104
Narwāna,Haryana,29.599,76.1193,62090
Okha,Gujarat,22.4676,69.07,62052
Nani Daman,Dadra and Nagar Haveli and Daman and Diu,20.4143,72.8324,62000
Kuchāman,Rajasthan,27.1474,74.8566,61969
Nīmbāhera,Rajasthan,24.6217,74.68,61949
Siddhapur,Gujarat,23.9178,72.3721,61867
Diphu,Assam,25.8434,93.4312,61797
Attur,Tamil Nadu,11.5941,78.6014,61793
Rāyadrug,Andhra Pradesh,14.6997,76.8524,61749
Rāth,Uttar Pradesh,25.5947,79.5666,61728
Cheruvannur,Kerala,11.1903,75.8283,61614
Vriddhāchalam,Tamil Nadu,11.5183,79.3241,61498
Bārh,Bihar,25.4834,85.7093,61470
Shāhāda,Maharashtra,21.5454,74.4711,61376
Dabra,Madhya Pradesh,25.8857,78.3322,61277
Udumalaippettai,Tamil Nadu,10.5881,77.2478,61133
Tiptūr,Karnataka,13.2563,76.4777,60957
Sahaswān,Uttar Pradesh,28.0723,78.7508,60953
Wanparti,Telangana,16.3674,78.0689,60949
Sirhind,Punjab,30.6432,76.3842,60847
Bārdoli,Gujarat,21.123,73.1115,60821
Mokameh,Bihar,25.3966,85.9219,60678
Arāmbāgh,West Bengal,22.8833,87.7833,60639
Poonamalle,Tamil Nadu,13.0489,80.1149,60607
Keonjhargarh,Odisha,21.6318,85.5969,60590
Bhadravati,Maharashtra,20.1001,79.1144,60565
Panruti,Tamil Nadu,11.7766,79.5527,60323
Ilkal,Karnataka,15.9592,76.1135,60242
Kīratpur,Uttar Pradesh,29.5067,78.2061,60223
Vrindāvan,Uttar Pradesh,27.581,77.6966,60195
Kodungallūr,Kerala,10.2326,76.1951,60190
Nedumangād,Kerala,8.6027,77.0014,60161
Bangaon,Bihar,25.8673,86.5115,60000
Narsimhapur,Madhya Pradesh,22.9494,79.1836,59966
Ponnur,Andhra Pradesh,16.0711,80.5494,59913
Kathua,Jammu and Kashmir,32.3694,75.5254,59866
North Lakhimpur,Assam,27.2352,94.1036,59841
Masaurhi Buzurg,Bihar,25.3542,85.032,59803
Nerkunram,Tamil Nadu,13.0619,80.2094,59790
Shegaon,Maharashtra,20.7932,76.6992,59672
Mandideep,Madhya Pradesh,23.0817,77.5333,59654
Pāchora,Maharashtra,20.6673,75.353,59609
Gobichettipalayam,Tamil Nadu,11.455,77.4422,59523
Gangoh,Uttar Pradesh,29.78,77.2635,59519
Itanagar,Arunachal Pradesh,27.0869,93.6099,59490
Jaitpur,Haryana,28.5065,77.3298,59330
Narasapur,Andhra Pradesh,16.4342,81.6984,59306
Dhone,Andhra Pradesh,15.3952,77.8715,59272
Rājgarh,Rajasthan,28.642,75.3861,59193
Ullal,Karnataka,12.8057,74.8606,59116
Panna,Madhya Pradesh,24.7209,80.1877,59091
Gola Gokarannāth,Uttar Pradesh,28.0784,80.4705,58986
Gohad,Madhya Pradesh,26.4328,78.442,58939
Wani,Maharashtra,20.0551,78.9531,58840
Thiruvarur,Tamil Nadu,10.7727,79.6368,58777
Upleta,Gujarat,21.7402,70.2826,58775
Nūzvīd,Andhra Pradesh,16.7885,80.8459,58590
Lonavla,Maharashtra,18.7528,73.4058,58562
Una,Gujarat,20.8232,71.038,58528
Sillod,Maharashtra,20.303,75.6528,58230
Sīra,Karnataka,13.7416,76.9043,57928
Chikhli,Maharashtra,20.3505,76.2577,57889
Jhārgrām,West Bengal,22.4538,86.995,57796
Kagaznāgār,Telangana,19.3316,79.466,57583
Bhātāpāra,Chhattisgarh,21.735,81.9471,57537
Kāsībugga,Andhra Pradesh,18.7593,84.4161,57507
Hasanpur,Uttar Pradesh,28.7225,78.2844,57481
Lohārdagā,Jharkhand,23.4331,84.6799,57411
Jahāngīrābād,Uttar Pradesh,28.4055,78.1059,57363
Sherkot,Uttar Pradesh,29.327,78.5743,57361
Kātrās,Jharkhand,23.7975,86.2983,57349
Mācherla,Andhra Pradesh,16.4764,79.4353,57290
Naksalbāri,West Bengal,26.6827,88.22,57283
Sankarankovil,Tamil Nadu,9.1705,77.5411,57277
Mulbāgal,Karnataka,13.1635,78.3935,57276
Kandukūr,Andhra Pradesh,15.2154,79.9039,57246
Tiruvalla,Kerala,9.3816,76.5749,57223
Roshanpura,Delhi,28.6006,76.9892,57217
Ponnūru,Andhra Pradesh,16.0655,80.552,57170
Kollegāl,Karnataka,12.1545,77.1105,57149
Mukandpur,Delhi,28.7394,77.1832,57135
Unjha,Gujarat,23.8037,72.391,57108
Chhibrāmau,Uttar Pradesh,27.1487,79.5008,57071
Tilhar,Uttar Pradesh,27.9628,79.7383,57043
Lunglei,Mizoram,22.8925,92.7422,57011
Hoskote,Karnataka,13.0707,77.7981,56980
Byasanagar,Odisha,20.9557,86.1264,56946
Bada Barabīl,Odisha,22.1119,85.3868,56870
Sāmalkot,Andhra Pradesh,17.0568,82.1764,56864
Karīmganj,Assam,24.8692,92.3554,56854
Bobbili,Andhra Pradesh,18.5737,83.3592,56819
Mettur,Tamil Nadu,11.788,77.8008,56743
Sattenapalle,Andhra Pradesh,16.3938,80.1522,56721
Tirūrangādi,Kerala,11.0432,75.9234,56632
Tennala,Kerala,10.9934,75.935,56546
Chakradharpur,Jharkhand,22.6761,85.6289,56531
Sendhwa,Madhya Pradesh,21.6856,75.0962,56485
Talegaon Dābhāde,Maharashtra,18.735,73.6756,56435
Hiriyūr,Karnataka,13.9446,76.6172,56416
Anjangaon,Maharashtra,21.1652,77.3091,56380
Charkhi Dādri,Haryana,28.5917,76.2716,56337
Ujhāni,Uttar Pradesh,28.0031,79.0082,56309
Bankra,West Bengal,22.6029,88.2775,56273
Dabhoi,Gujarat,22.1833,73.4333,56253
Teghra,Bihar,25.4904,85.94,56234
Obra,Uttar Pradesh,24.4186,82.988,56110
Tiruvallur,Tamil Nadu,13.1438,79.9089,56074
Mandapeta,Andhra Pradesh,16.8625,81.9292,56063
Tirur,Kerala,10.9137,75.9212,56058
Ropar,Punjab,30.969,76.527,56038
Nāmakkal,Tamil Nadu,11.2213,78.1652,55997
Arcot,Tamil Nadu,12.9057,79.319,55955
Lāharpur,Uttar Pradesh,27.7083,80.9026,55911
Viramgām,Gujarat,23.1256,72.0501,55821
Islāmpur,West Bengal,26.2654,88.1898,55691
Karād,Maharashtra,17.2894,74.1818,55663
Yanam,Andhra Pradesh,16.7331,82.2136,55626
Ābu Road,Rajasthan,24.4801,72.7819,55599
Raxaul,Bihar,26.9798,84.8506,55536
Moonniyur,Kerala,11.0597,75.9031,55535
Barwāni,Madhya Pradesh,22.0323,74.8998,55504
Kottayam,Kerala,9.5869,76.5213,55374
Tiruttangal,Tamil Nadu,9.4833,77.8333,55362
Petlād,Gujarat,22.4768,72.8,55330
Jālaun,Uttar Pradesh,26.1451,79.3366,55299
Periya Semūr,Tamil Nadu,11.3609,77.6895,55282
Madhupur,Jharkhand,24.2742,86.6393,55238
Dhūri,Punjab,30.3685,75.8679,55225
Challakere,Karnataka,14.318,76.6516,55194
Etāwa,Madhya Pradesh,24.1835,78.2029,55185
Chiplūn,Maharashtra,17.5334,73.5094,55139
Mandlā,Madhya Pradesh,22.5988,80.3712,55133
Bhīmunipatnam,Andhra Pradesh,17.8902,83.452,55082
Mawlai-Mawïong,Meghalaya,25.6232,91.8818,55012
Kavanur,Tamil Nadu,12.9962,80.0751,54986
Pithāpuram,Andhra Pradesh,17.1168,82.2528,54859
Kāndi,West Bengal,23.9595,88.0402,54848
Idappadi,Tamil Nadu,11.5862,77.8389,54823
Sāhibābād Daulotpur,Delhi,28.747,77.1146,54773
Punganūru,Andhra Pradesh,13.3667,78.5719,54746
Ghātāl,West Bengal,22.6624,87.734,54658
Jāfarābād,Delhi,28.6787,77.2712,54601
Sāgar,Karnataka,14.165,75.029,54550
Sihor,Gujarat,21.7113,71.9618,54547
Mūndka,Delhi,28.6801,77.0298,54541
Deglur,Maharashtra,18.5483,77.577,54493
Madhepura,Bihar,25.9213,86.7927,54472
Bārāmati,Maharashtra,18.1517,74.5777,54415
Mahāsamund,Chhattisgarh,21.1074,82.0948,54413
Sidhi,Madhya Pradesh,24.4038,81.8795,54331
Kāsaragod,Kerala,12.4984,74.9896,54172
Garhchiroli,Maharashtra,20.1806,80.0052,54152
Puttūr,Andhra Pradesh,13.4419,79.5531,54092
Jalor,Rajasthan,25.3456,72.6156,54081
Samāna,Punjab,30.154,76.1985,54072
Rāzampeta,Andhra Pradesh,14.1954,79.159,54050
Wāri,Maharashtra,21.1531,79.0076,54048
Shella,Meghalaya,25.1786,91.6395,54039
Palmaner,Andhra Pradesh,13.2,78.7472,54035
Deolāli,Maharashtra,19.944,73.8344,54027
Kanakapura,Karnataka,12.5465,77.42,54014
Wokha,Nagaland,26.0972,94.2582,54010
Umred,Maharashtra,20.854,79.3247,53971
Kālna,West Bengal,23.2194,88.363,53964
Pallichal,Kerala,8.4498,77.0257,53861
Tāndoni,Tamil Nadu,10.9261,78.0941,53854
Pārvatipuram,Andhra Pradesh,18.7839,83.4257,53844
Kotharia,Gujarat,22.2344,70.819,53794
Ottapalam,Kerala,10.7735,76.3776,53792
Dīdwāna,Rajasthan,27.401,74.5754,53749
Begampur,Delhi,28.7266,77.0669,53682
Gaddi Annaram,Telangana,17.3669,78.5242,53622
Dumraon,Bihar,25.5526,84.1515,53618
Nerupperichchal,Tamil Nadu,11.161,77.374,53579
Jaggaiahpet,Andhra Pradesh,16.8916,80.0955,53530
Rampur Hat,West Bengal,24.1774,87.7827,53468
Khanapuram Haveli,Telangana,17.2624,80.1681,53442
Goālpāra,Assam,26.1767,90.6263,53430
Tuni,Andhra Pradesh,17.359,82.5461,53425
Laxmangarh,Rajasthan,27.8229,75.0275,53392
Shāhpur,Karnataka,16.696,76.8422,53366
Bhongīr,Telangana,17.5154,78.8856,53339
Puttūr,Karnataka,12.7598,75.2017,53331
Ullagaram,Tamil Nadu,12.979,80.197,53322
Sri Dūngargarh,Rajasthan,28.0962,74.0087,53294
Ayodhya,Uttar Pradesh,26.7991,82.2047,53293
Mubarakpur,Uttar Pradesh,26.0887,83.2909,53263
Amalāpuram,Andhra Pradesh,16.5787,82.0061,53231
Arsikere,Karnataka,13.3145,76.257,53216
Phaltan,Maharashtra,17.9911,74.4318,53202
Ashta,Madhya Pradesh,23.0175,76.7221,53184
Sandīla,Uttar Pradesh,27.0699,80.515,53182
Vikārābād,Telangana,17.3381,77.9044,53143
Baruipur,West Bengal,22.3654,88.4325,53128
Choudwar,Odisha,20.5392,85.9151,52999
Shāhābād,Karnataka,17.1307,76.9436,52952
Sultānganj,Bihar,25.2383,86.7356,52892
Mandi Dabwāli,Haryana,29.9663,74.7002,52873
Konch,Uttar Pradesh,25.9945,79.1513,52773
Bāprola,Delhi,28.6413,77.0142,52744
Venkatagiri,Andhra Pradesh,13.96,79.5803,52688
Dabhel,Dadra and Nagar Haveli and Daman and Diu,20.4095,72.8834,52578
Biswān,Uttar Pradesh,27.4958,80.9962,52516
Kosi,Uttar Pradesh,27.7945,77.4368,52492
Siruguppa,Karnataka,15.63,76.8922,52492
Sironj,Madhya Pradesh,24.1031,77.6906,52460
Jangaon,Telangana,17.726,79.1524,52394
Daudnagar,Bihar,25.0347,84.401,52364
Ramapuram,Tamil Nadu,13.0318,80.1824,52295
Dandeli,Karnataka,15.2667,74.6167,52295
Mudhol,Karnataka,16.3335,75.283,52199
Thodupuzha,Kerala,9.8939,76.7222,52045
Devakottai,Tamil Nadu,9.947,78.8233,51865
Arwal,Bihar,25.2428,84.6657,51849
Kāliyāganj,West Bengal,25.6344,88.3266,51748
Nasīrābād,Rajasthan,26.3047,74.7336,51747
Khagaul,Bihar,25.579,85.0456,51577
Changanācheri,Kerala,9.442,76.536,51430
Shorāpur,Karnataka,16.521,76.7574,51398
Māndvi,Gujarat,22.8328,69.3524,51376
Rajgangpur,Odisha,22.2,84.583,51362
Ozar,Maharashtra,20.0947,73.9282,51297
Peranāmpattu,Tamil Nadu,12.9343,78.7189,51271
Gumlā,Jharkhand,23.0427,84.5443,51264
Rāmnagar,Uttarakhand,29.3925,79.1283,51244
Vazhakkala,Kerala,10.0124,76.3263,51242
Shujālpur,Madhya Pradesh,23.4067,76.7098,51225
Tirumangalam,Tamil Nadu,9.8231,77.9838,51194
Sidlaghatta,Karnataka,13.389,77.8644,51159
Khurai,Madhya Pradesh,24.0437,78.3301,51108
Hilsa,Bihar,25.3164,85.2823,51052
Rampura Phul,Punjab,30.2756,75.2425,51023
Fatwa,Bihar,25.5096,85.305,50961
Tūndla,Uttar Pradesh,27.2146,78.2368,50939
Mannārakkāt,Kerala,10.9922,76.4642,50921
Metpalle,Telangana,18.8472,78.6256,50902
Naya Gaon,Punjab,30.7752,76.7931,50869
Repalle,Andhra Pradesh,16.0184,80.8296,50866
Hunsūr,Karnataka,12.3036,76.2928,50865
Nanjangūd,Karnataka,12.1176,76.684,50598
Forbesganj,Bihar,26.3025,87.2656,50475
Nithari,Delhi,28.7049,77.0529,50464
Sunabeda,Odisha,18.7284,82.8293,50394
Gajraula,Uttar Pradesh,28.8457,78.2396,50380
Vīrapāndi,Tamil Nadu,11.0625,77.3508,50301
Dāhānu,Maharashtra,19.9678,72.7126,50287
Rasipuram,Tamil Nadu,11.4601,78.1864,50244
Sālūr,Andhra Pradesh,18.5172,83.2055,50206
Bhabhua,Bihar,25.0405,83.6075,50179
Hodal,Haryana,27.892,77.3674,50143
Bhadrāchalam,Telangana,17.6685,80.8889,50087
Aonla,Uttar Pradesh,28.274,79.1652,50011
Tirupparangunram,Tamil Nadu,9.8815,78.0731,50004
Chatrā,Jharkhand,24.2064,84.8708,49985
Khagaria,Bihar,25.5022,86.4671,49982
Dhāmpur,Uttar Pradesh,29.3088,78.5108,49973
Phalodi,Rajasthan,27.131,72.3683,49914
Gangākher,Maharashtra,18.9696,76.7495,49891
Sardhana,Uttar Pradesh,29.1455,77.6143,49857
Nohar,Rajasthan,29.1829,74.7706,49835
Yeola,Maharashtra,20.0424,74.4894,49826
Bhaisa,Telangana,19.1129,77.9634,49764
Perintalmanna,Kerala,10.9772,76.2254,49723
Jugsālai,Jharkhand,22.7767,86.1835,49660
Perambalur,Tamil Nadu,11.2333,78.8833,49648
Badūria,West Bengal,22.7443,88.7866,49547
Gudalur,Tamil Nadu,11.5207,76.4814,49535
Kizhake Chālakudi,Kerala,10.3007,76.3376,49525
Narkatiāganj,Bihar,27.1038,84.4618,49507
Peddāpuram,Andhra Pradesh,17.077,82.1384,49477
Majalgaon,Maharashtra,19.1551,76.2099,49453
Daund,Maharashtra,18.4652,74.5838,49450
Kapadvanj,Gujarat,23.023,73.0711,49308
Kotputli,Rajasthan,27.7021,76.1991,49202
Dyāne,Maharashtra,20.5674,74.5285,49192
Bail-Hongal,Karnataka,15.8137,74.8589,49182
Biaora,Madhya Pradesh,23.9205,76.9107,49093
Naugachhia,Bihar,25.3881,87.0991,49069
Kānūru,Andhra Pradesh,16.4985,80.6914,49006
Dehu Road,Maharashtra,18.6821,73.7316,48961
Pipariā,Madhya Pradesh,22.757,78.355,48826
Barpeta,Assam,26.3229,91.0063,48824
Gooty,Andhra Pradesh,15.1184,77.6378,48658
Tamlūk,West Bengal,22.3008,87.9259,48646
Vengara,Kerala,11.0508,75.9781,48600
Jaisingpur,Maharashtra,16.7764,74.5536,48510
Nangal,Punjab,31.3897,76.3757,48497
Jasdan,Gujarat,22.0371,71.2079,48483
Godda,Jharkhand,24.827,87.2125,48480
Bikramganj,Bihar,25.2107,84.2551,48465
Morār,Madhya Pradesh,26.2264,78.2248,48464
Jhajjar,Haryana,28.6063,76.6565,48424
Rāmnagar,Bihar,27.1637,84.3234,48411
Nihtaur,Uttar Pradesh,29.3242,78.3872,48389
Mahnar Bazar,Bihar,25.6096,85.4808,48293
Vite,Maharashtra,17.2734,74.5379,48289
Gumia,Jharkhand,23.7975,85.8252,48141
Anakaputhur,Tamil Nadu,12.9828,80.1264,48050
Tānālūr,Kerala,10.9515,75.9096,47976
Bhīnmāl,Rajasthan,24.9994,72.2714,47932
Sadasivpet,Telangana,17.6192,77.9526,47920
Bakhtiarpur,Bihar,25.456,85.5329,47897
Jalandhar Cantonment,Punjab,31.2942,75.6197,47845
Athani,Karnataka,16.7261,75.0642,47842
Warud,Maharashtra,21.471,78.2696,47817
Wānkāner,Gujarat,22.612,70.9438,47814
Churāchāndpur,Manipur,24.3335,93.67,47774
Dūngarpur,Rajasthan,23.8431,73.7147,47706
Chhaya,Gujarat,21.6288,69.6339,47699
Dumka,Jharkhand,24.2678,87.2486,47663
Gādarwāra,Madhya Pradesh,22.9235,78.7849,47604
Pithorāgarh,Uttarakhand,29.5835,80.2095,47571
Ballia,Bihar,25.4214,86.3144,47550
Bihtā,Bihar,25.5588,84.8714,47549
Atraulī,Uttar Pradesh,28.0296,78.2857,47512
Walajapet,Tamil Nadu,12.9251,79.3663,47498
Koraput,Odisha,18.812,82.7105,47468
Umarkhed,Maharashtra,19.6014,77.6888,47458
Gudalur,Tamil Nadu,9.6783,77.2495,47419
Kunnamangalam,Kerala,11.3046,75.8777,47396
Valasaravakkam,Tamil Nadu,13.0439,80.1725,47378
Jodhpur,Gujarat,21.9017,70.0327,47329
Alangad,Kerala,10.1019,76.291,47329
Alengād,Kerala,10.119,76.3023,47329
Punalūr,Kerala,9.0196,76.9226,47263
Vikramasingapuram,Tamil Nadu,8.7148,77.3903,47241
Vattiyūrkāvu,Kerala,8.5247,76.9889,47187
Padrauna,Uttar Pradesh,26.904,83.9809,47181
Ambāh,Madhya Pradesh,26.7042,78.2268,47177
Komalapuram,Kerala,9.5419,76.3424,47126
Mattanur,Kerala,11.9302,75.5715,47078
Harpanahalli,Karnataka,14.7877,75.9886,47039
Kendrāparha,Odisha,20.5017,86.4223,47006
Tighri,Delhi,28.5122,77.2408,46974
Pallikal,Kerala,11.1372,75.9257,46962
Selu,Maharashtra,19.4551,76.4407,46915
Medak,Telangana,18.0453,78.2608,46880
Patancheru,Telangana,17.5333,78.2645,46821
Chhatarpur,Delhi,28.4985,77.1825,46776
Dondaicha,Maharashtra,21.3236,74.568,46767
Jāmner,Maharashtra,20.8095,75.7777,46762
Burla,Odisha,21.5098,83.8726,46698
Porur,Tamil Nadu,13.0356,80.1582,46690
Nellikkuppam,Tamil Nadu,11.7755,79.6702,46678
Padra,Gujarat,22.2398,73.0845,46660
Kawardha,Chhattisgarh,22.0085,81.2315,46657
Gulāothi,Uttar Pradesh,28.5894,77.7932,46647
Joda,Odisha,22.017,85.422,46631
Seohāra,Uttar Pradesh,29.209,78.5884,46546
Warora,Maharashtra,20.2288,79.0028,46532
Mānvi,Karnataka,15.9913,77.0503,46465
Kurseong,West Bengal,26.8825,88.2773,46427
Manglaur,Uttarakhand,29.7909,77.8784,46395
Nilambūr,Kerala,11.2727,76.2257,46366
Ganj Dundwāra,Uttar Pradesh,27.7331,78.9412,46314
Nānpāra,Uttar Pradesh,27.8646,81.5004,46280
Khordha,Odisha,20.1827,85.6163,46205
Atarra,Uttar Pradesh,25.2862,80.5716,46168
Barbigha,Bihar,25.2167,85.7333,46075
Merta,Rajasthan,26.6486,74.0341,46070
Jammalamadugu,Andhra Pradesh,14.8468,78.3831,46069
Garhwa,Jharkhand,24.16,83.8076,46059
Nawanshahr,Punjab,31.1245,76.1161,46024
Rānāvāv,Gujarat,21.6873,69.7448,46018
Bānka,Bihar,24.8809,86.9226,45977
Thoubāl,Manipur,24.6388,93.9964,45947
Mahmudābād,Uttar Pradesh,27.2919,81.1178,45921
Milavittan,Tamil Nadu,8.8193,78.0909,45863
Pakur,Jharkhand,24.6392,87.8424,45840
Cherthala,Kerala,9.6844,76.3356,45827
Nāyudupet,Andhra Pradesh,13.9074,79.8946,45769
Farrukhnagar,Telangana,17.0779,78.2034,45675
Rāmpura,Punjab,30.256,75.2412,45639
Chirakkal,Kerala,11.9126,75.361,45601
Chirkunda,Jharkhand,23.7477,86.788,45508
Coonoor,Tamil Nadu,11.3498,76.7938,45494
Pāndhurnā,Madhya Pradesh,21.5956,78.5263,45479
Shertallai,Kerala,9.6858,76.34,45474
Kodur,Kerala,11.0153,76.0701,45459
Giddarbāha,Punjab,30.1995,74.6663,45370
Meddappakkam,Tamil Nadu,12.9166,80.1938,45356
Nandikotkūr,Andhra Pradesh,15.8567,78.2657,45343
Khalīlābād,Uttar Pradesh,26.7727,83.0718,45321
Chittaranjan,West Bengal,23.8568,86.9032,45305
Pāthardih,Jharkhand,23.6658,86.4317,45276
Chāmpa,Chhattisgarh,22.0353,82.6423,45256
Mehkar,Maharashtra,20.1505,76.5684,45248
Dhanpuri,Madhya Pradesh,23.1854,81.5551,45156
Sundergarh,Odisha,22.1167,84.0333,45036
Dīg,Rajasthan,27.4719,77.3256,44999
Tumsar,Maharashtra,21.3833,79.7333,44869
Rameswaram,Tamil Nadu,9.2885,79.3127,44856
Bangarapet,Karnataka,12.9912,78.178,44849
Tānda,Uttar Pradesh,28.9762,78.9419,44822
Vishāram,Tamil Nadu,12.9181,79.2776,44786
Thiruthani,Tamil Nadu,13.1759,79.6164,44781
Digras,Maharashtra,20.1035,77.7185,44767
Maradu,Kerala,9.9365,76.3238,44704
Bāndīkūi,Rajasthan,27.0509,76.5732,44664
Dowleswaram,Andhra Pradesh,16.9476,81.7799,44637
Bālāpur,Maharashtra,20.6661,76.7739,44594
Tondalam,Tamil Nadu,11.5014,76.3498,44590
Jawaharnagar,Telangana,17.51,78.5656,44562
Homnābād,Karnataka,17.7707,77.1252,44483
Memāri,West Bengal,23.1765,88.0975,44448
Nāndūra,Maharashtra,20.8342,76.4592,44419
Kottangara,Kerala,8.9241,76.6467,44402
Angul,Odisha,20.8409,85.1019,44386
Kōttakkal,Kerala,11.0009,76.0062,44382
Libāspur,Delhi,28.7509,77.1465,44375
Dalli Rājhara,Chhattisgarh,20.5857,81.075,44363
Kālpi,Uttar Pradesh,26.1167,79.7333,44339
Jintūr,Maharashtra,19.6119,76.6874,44291
Daman,Dadra and Nagar Haveli and Daman and Diu,20.4143,72.8324,44282
Rāmnagar,Uttar Pradesh,25.2691,83.0297,44277
Anekal,Karnataka,12.7111,77.6956,44260
Akkarampalle,Andhra Pradesh,13.65,79.42,44219
Nidadavole,Andhra Pradesh,16.9057,81.6722,44173
Raisen,Madhya Pradesh,23.3303,77.7811,44162
Gūduvāncheri,Tamil Nadu,12.8452,80.0606,44098
Varangaon,Maharashtra,21.0177,75.9104,44067
Sihorā,Madhya Pradesh,23.4871,80.104,44048
Chidawa,Rajasthan,28.2394,75.6404,43953
Ahmadpur,Maharashtra,18.7062,76.9373,43936
Olavanna,Kerala,11.2184,75.8325,43895
Gobārdānga,West Bengal,22.8774,88.7548,43808
Melmadai,Tamil Nadu,9.9264,78.1503,43797
Saint Thomas Mount,Tamil Nadu,13.0033,80.1961,43795
Yellandu,Telangana,17.5906,80.3215,43787
Hāflong,Assam,25.1648,93.0174,43756
Polavaram,Andhra Pradesh,17.2475,81.6437,43710
Kanuru,Andhra Pradesh,16.2858,81.2546,43696
Bodupāl,Telangana,17.4188,78.5843,43692
Rāmachandrapuram,Andhra Pradesh,16.8364,82.0287,43657
Panachikkad,Kerala,9.5297,76.5406,43595
Shōranūr,Kerala,10.7618,76.2708,43533
Pallikaranai,Tamil Nadu,12.9377,80.2153,43493
Kāndhla,Uttar Pradesh,29.321,77.271,43387
Barwāla,Haryana,29.3675,75.9081,43384
Nilithi,Delhi,28.652,77.0564,43371
Jambusar,Gujarat,22.0524,72.8007,43344
Varkala,Kerala,8.7333,76.7167,43276
Kātol,Maharashtra,21.2739,78.5858,43267
Kopali,Jharkhand,22.8372,86.1916,43256
Sainthia,West Bengal,23.9483,87.6804,43221
Choornikkara,Kerala,10.0879,76.3411,43207
Perungudi,Tamil Nadu,12.961,80.2409,43111
Kamal Pur Majra Burari,Delhi,28.7467,77.1935,43086
Jīwanpur,Uttar Pradesh,28.7145,77.2849,43054
Barhiya,Bihar,25.2881,86.0206,43045
Sojat,Rajasthan,25.9249,73.6663,43023
Kālimpong,West Bengal,27.0346,88.6308,43000
Periyakulam,Tamil Nadu,10.1227,77.5437,42976
Simdega,Jharkhand,22.6152,84.5021,42944
Bishrāmpur,Jharkhand,24.253,83.925,42925
Kottuvalli,Kerala,10.1112,76.2463,42922
Bairāgnia,Bihar,26.7406,85.2732,42895
Diglipur,Andaman and Nicobar,13.2667,93.0,42877
Ranjangaon S,Maharashtra,19.844,75.2148,42877
Panipat Taraf Ansar,Haryana,29.4122,76.9547,42877
Kakkodi,Kerala,11.3197,75.8015,42866
Mahbūbābād,Telangana,17.5973,80.0021,42851
Perumbaikad,Kerala,9.6183,76.5313,42839
Ārvi,Maharashtra,20.9958,78.2291,42822
Parāsia,Madhya Pradesh,22.1913,78.759,42786
Sivaganga,Tamil Nadu,9.847,78.4836,42785
Limbdi,Gujarat,22.5651,71.8108,42769
Chavara,Kerala,8.9673,76.5419,42655
Dahegām,Gujarat,23.169,72.8216,42632
Shāhābād,Haryana,30.1678,76.8705,42607
Jaspur,Uttarakhand,29.2792,78.828,42524
Thān,Gujarat,22.5742,71.1994,42508
Bāola,Gujarat,22.8284,72.3636,42458
Khekra,Uttar Pradesh,28.8659,77.2841,42408
Bhupalpally,Telangana,18.4287,79.8638,42387
Dīnhāta,West Bengal,26.1353,89.4613,42381
Aland,Karnataka,17.5642,76.5685,42371
Kumbalangy,Kerala,9.8798,76.2835,42367
Naini Tāl,Uttarakhand,29.3974,79.4469,42309
Idar,Gujarat,23.8414,73.0007,42306
Chinnamanūr,Tamil Nadu,9.84,77.3811,42305
Bhawāni Mandi,Madhya Pradesh,24.4158,75.8355,42283
Kyathampalle,Telangana,19.6678,78.5289,42275
Sikandra Rao,Uttar Pradesh,27.6886,78.3798,42229
Palladam,Tamil Nadu,10.9918,77.2863,42225
Rāzām,Andhra Pradesh,18.4491,83.6596,42197
Jājpur,Odisha,20.8485,86.3373,42157
Jora,Madhya Pradesh,26.3421,77.8092,42153
Canning,West Bengal,22.314,88.6651,42132
Khairābād,Uttar Pradesh,27.527,80.7546,42125
Pratāpgarh,Rajasthan,24.0322,74.7816,42079
Dhāka,Bihar,26.6748,85.167,42063
Kannad,Maharashtra,20.2568,75.1379,42056
Nāthdwāra,Rajasthan,24.938,73.8239,42016
Abdu Rahiman Nagar,Kerala,11.0698,75.9388,41993
Golāghāt,Assam,26.5117,93.9595,41989
Kekri,Rajasthan,25.9713,75.1499,41890
Barauli,Bihar,26.3811,84.5865,41877
Mahē,Kerala,11.7017,75.5347,41816
Diamond Harbour,West Bengal,22.1927,88.1895,41802
Sūrampatti,Tamil Nadu,11.3273,77.7112,41782
Bāghpat,Uttar Pradesh,28.9448,77.2186,41766
Bar Bigha,Bihar,25.2186,85.7332,41758
Nārāyanpet,Telangana,16.748,77.4954,41752
Khambhāliya,Gujarat,22.2068,69.6503,41734
Bilāra,Rajasthan,26.1807,73.7055,41710
Trikonavattam,Kerala,8.8899,76.6659,41609
Rājgīr,Bihar,25.0283,85.4208,41587
Kudappanakkunnu,Kerala,8.5514,76.9608,41583
Paithan,Maharashtra,19.4751,75.3856,41536
Kodīnar,Gujarat,20.7939,70.7022,41492
Pīleru,Andhra Pradesh,13.6558,78.9385,41489
Pirāyiri,Kerala,10.7652,76.6318,41359
Rāmganj Mandi,Rajasthan,24.6465,75.9433,41328
Vaijāpur,Maharashtra,19.9267,74.7275,41296
Kannamangalam,Kerala,11.0754,75.9852,41260
Saundatti,Karnataka,15.7662,75.1178,41215
Jaggayyapeta,Andhra Pradesh,16.8938,80.0981,41180
Peddapalli,Telangana,18.6136,79.3744,41171
Dhupgāri,West Bengal,26.589,89.0073,41168
Triprangod,Kerala,10.8422,75.9486,41167
Chākan,Maharashtra,18.7606,73.8635,41113
Bharthana,Uttar Pradesh,26.7523,79.2218,41055
Patti,Punjab,31.2809,74.8585,40976
Jalārpet,Tamil Nadu,12.5702,78.5732,40959
Vadgaon,Maharashtra,20.3759,78.1126,40884
Tālcher,Odisha,20.9493,85.2335,40841
Thottada,Kerala,11.8385,75.4208,40818
Kalliyoor,Kerala,8.4313,77.0128,40816
Arantāngi,Tamil Nadu,10.1724,78.9912,40814
Athiyannur,Kerala,8.393,77.0637,40712
Icchannūr,Kerala,11.3615,75.7782,40697
Sherghāti,Bihar,24.5595,84.7916,40666
Bhādra,Rajasthan,29.103,75.1714,40662
Jhajha,Bihar,24.7711,86.3789,40646
Ghātsīla,Jharkhand,22.5853,86.4768,40624
Dharmanagar,Tripura,24.3667,92.1667,40595
Kayalpattinam,Tamil Nadu,8.5714,78.1199,40588
Nowgong,Madhya Pradesh,25.0614,79.4412,40580
Savanūr,Karnataka,14.9734,75.3372,40567
Nailā,Chhattisgarh,22.0207,82.5666,40561
Nannambra,Kerala,10.9921,75.908,40543
Manapparai,Tamil Nadu,10.6077,78.4258,40510
Boyampālaiyam,Tamil Nadu,11.1488,77.3537,40503
Kallakkurichchi,Tamil Nadu,11.7404,78.959,40449
Kulathummal,Kerala,8.5073,77.0814,40448
Ettumānūr,Kerala,9.669,76.5592,40438
Ghātampur,Uttar Pradesh,26.1527,80.168,40435
Channarāyapatna,Karnataka,12.9064,76.3878,40417
Akivīdu,Andhra Pradesh,16.5822,81.3811,40413
Kovvūr,Andhra Pradesh,17.0162,81.7293,40379
Vellakkovil,Tamil Nadu,10.9463,77.7124,40359
Bhālki,Karnataka,18.0435,77.206,40333
Sabalgarh,Madhya Pradesh,26.2492,77.4079,40333
Kāttipparutti,Kerala,10.8738,76.0535,40318
Murtajāpur,Maharashtra,20.733,77.3669,40295
Peringathur,Kerala,11.7137,75.586,40292
Solan,Himachal Pradesh,30.9091,77.1087,40283
Nādāpuram,Kerala,11.6846,75.6549,40230
Gursahāiganj,Uttar Pradesh,27.1152,79.7317,40214
Maihar,Madhya Pradesh,24.2659,80.7606,40192
Bantvāl,Karnataka,12.8905,75.0349,40155
Pallipalayam,Tamil Nadu,11.3652,77.7624,40140
Mapusa,Goa,15.5915,73.809,40122
Tāki,West Bengal,22.5887,88.9325,40113
Akalkot,Maharashtra,17.5253,76.2061,40103
Maner,Bihar,25.646,84.8729,40068
Mālūr,Karnataka,13.0032,77.938,40050
Bakhri,Bihar,25.5989,86.2607,40043
Mayyanād,Kerala,8.8373,76.645,40039
Mappilaiurani,Tamil Nadu,8.8359,78.1352,40035
Melur,Tamil Nadu,10.0324,78.3393,40017
Sathupalli,Telangana,17.2497,80.869,40000
Hāsimāra,West Bengal,26.7469,89.3538,40000
Pūranpur,Uttar Pradesh,28.5128,80.1483,39988
Aklūj,Maharashtra,17.8924,75.0214,39972
Bānsi,Uttar Pradesh,27.1775,82.9344,39926
Vadavalli,Tamil Nadu,11.0247,76.8973,39873
Bīlāspur,Uttar Pradesh,28.8866,79.2703,39873
Thakurdwara,Uttar Pradesh,29.192,78.8614,39860
Amudālavalasa,Andhra Pradesh,18.4102,83.903,39799
Vyāra,Gujarat,21.1108,73.3936,39789
Bhavāni,Tamil Nadu,11.4455,77.6821,39744
Samālkha,Haryana,29.2355,77.0127,39710
Lakkanahalli,Tamil Nadu,12.112,78.1538,39697
Porsa,Madhya Pradesh,26.6744,78.3708,39669
Kadungalūr,Kerala,10.0948,76.3211,39666
Kālappatti,Tamil Nadu,11.0794,77.0371,39586
Anandpur,Odisha,21.2141,86.1249,39585
Chaklāsi,Gujarat,22.6532,72.945,39581
Rādhanpur,Gujarat,23.8324,71.6047,39558
Murshidābād,West Bengal,24.1839,88.2717,39557
Manakunnam,Kerala,9.8857,76.3733,39538
Bhachāu,Gujarat,23.2986,70.3428,39532
Jalālābād,Punjab,30.6062,74.2573,39525
Kurinjippādi,Tamil Nadu,11.5503,79.5907,39514
Sedam,Karnataka,17.1786,77.29,39341
Vādāsinor,Gujarat,22.9568,73.335,39330
Kampli,Karnataka,15.4063,76.6001,39307
Kāro,Jharkhand,23.7852,85.9783,39305
Tirkadavūr,Kerala,8.924,76.591,39285
Jogbani,Bihar,26.399,87.2652,39281
Mūkondapalli,Tamil Nadu,12.7514,77.8017,39245
Sirohi,Rajasthan,24.8884,72.8479,39229
Aroor,Kerala,9.8694,76.305,39214
Othukkungal,Kerala,11.0283,76.029,39139
Ghosī,Uttar Pradesh,26.1059,83.5393,39138
Sumerpur,Rajasthan,25.1543,73.0816,39132
Pehowa,Haryana,29.979,76.5825,39101
Kārakkād,Kerala,10.588,76.0388,39098
Nūrpur,Uttar Pradesh,29.1496,78.4084,39077
Revelganj,Bihar,25.7898,84.636,39039
Betamcherla,Andhra Pradesh,15.4514,78.148,38994
Belpahar,Odisha,21.8218,83.8458,38993
Chīka,Haryana,30.0489,76.343,38952
Paravūr Tekkumbhāgam,Kerala,8.7947,76.668,38946
Tuvāgudi,Tamil Nadu,10.7472,78.8213,38887
Dwārka,Gujarat,22.2394,68.9678,38873
Kotamangalam,Kerala,10.0643,76.6284,38837
Kātpādi,Tamil Nadu,12.9695,79.1455,38833
Rangat,Andaman and Nicobar,12.506,92.9155,38824
Sagauli,Bihar,26.7639,84.7434,38815
Rāhuri,Maharashtra,19.3907,74.6498,38813
Sanāwad,Madhya Pradesh,22.1739,76.0699,38740
Kondapalle,Andhra Pradesh,16.6199,80.5424,38714
Vetapālem,Andhra Pradesh,15.785,80.3066,38671
Sangariā,Rajasthan,29.7989,74.4668,38638
Jalesar,Uttar Pradesh,27.4732,78.3031,38614
Nattakam,Kerala,9.5453,76.5141,38599
Paliā Kalān,Uttar Pradesh,28.432,80.5814,38547
Bayāna,Rajasthan,26.9079,77.2898,38502
Rājula,Gujarat,21.0385,71.4434,38489
Bodh Gaya,Bihar,24.6981,84.9869,38439
Keru,Rajasthan,26.1925,73.0443,38429
Kollancode,Tamil Nadu,8.289,77.108,38385
Kilakarai,Tamil Nadu,9.2318,78.7854,38355
Kumhāri,Chhattisgarh,21.2667,81.5167,38334
Chikodi,Karnataka,16.429,74.5859,38307
Khairtal,Rajasthan,27.8043,76.6386,38298
Pathanāmthitta,Kerala,9.2667,76.7833,38285
Chōrōd,Kerala,11.6277,75.5915,38245
Nandigāma,Andhra Pradesh,16.7717,80.286,38219
Indi,Karnataka,17.1774,75.9526,38217
Kondli,Delhi,28.6117,77.3267,38207
Nildoh,Maharashtra,21.1108,78.9892,38157
Kabnur,Maharashtra,16.7017,74.4395,38146
Malavalli,Karnataka,12.3856,77.0604,38129
Sūlūru,Andhra Pradesh,13.7,80.0167,38065
Kāman,Rajasthan,27.6579,77.2691,38040
Chetwayi,Kerala,10.5288,76.0479,38011
Nongthymmai,Meghalaya,25.5637,91.9064,38004
Shahbazpur,Bihar,26.3051,87.2886,38000
Wādi,Karnataka,17.0518,76.9905,37988
Tirupati NMA,Andhra Pradesh,13.6323,79.4857,37968
Gauribidanur,Karnataka,13.6107,77.5174,37947
Tāsgaon,Maharashtra,17.037,74.6017,37945
Agar,Madhya Pradesh,23.7118,76.0157,37917
Rajakilpakkam,Tamil Nadu,12.9194,80.1697,37906
Gharonda Neemka Bangar,Delhi,28.6164,77.288,37876
Dibai,Uttar Pradesh,28.2085,78.2617,37873
Robertsganj,Uttar Pradesh,24.6886,83.0678,37855
Pen,Maharashtra,18.7373,73.096,37852
Tarikere,Karnataka,13.7095,75.8138,37848
Maudaha,Uttar Pradesh,25.6831,80.1142,37844
Sathyamangalam,Tamil Nadu,11.5053,77.2383,37816
Gharaunda,Haryana,29.5369,76.9714,37816
Cheyyar,Tamil Nadu,12.6605,79.5431,37802
Sonepur,Bihar,25.6961,85.1667,37776
Niwai,Rajasthan,26.3607,75.9184,37765
Gogri Jamālpur,Bihar,25.4112,86.6592,37753
Bilāsipāra,Assam,26.2328,90.2341,37739
Nangli Sakrawat,Delhi,28.6217,76.9923,37706
Satānā,Maharashtra,20.5948,74.203,37701
Rāwatbhāta,Rajasthan,24.9298,75.5921,37699
Ellenabad,Haryana,29.4528,74.6612,37680
Wānādongri,Maharashtra,21.0938,78.9727,37667
Parola,Maharashtra,20.881,75.1194,37666
Pāthri,Maharashtra,19.2588,76.4341,37648
Bopal,Gujarat,23.0334,72.4672,37635
Chettipālaiyam,Tamil Nadu,11.1667,77.335,37620
Talattala,Kerala,8.8738,76.6716,37517
Jhālrapātan,Rajasthan,24.542,76.1724,37506
Zira,Punjab,30.9685,74.9911,37498
Leh,Ladakh,34.165,77.584,37475
Kānker,Chhattisgarh,20.2719,81.4918,37442
Sārangpur,Madhya Pradesh,23.5665,76.4731,37435
Sandūr,Karnataka,15.0861,76.5469,37431
Bāngarmau,Uttar Pradesh,26.8912,80.2115,37425
Kanigiri U,Andhra Pradesh,15.4064,79.507,37420
Jaito,Punjab,30.4513,74.8919,37377
Dongargarh,Chhattisgarh,21.1889,80.7546,37372
Phulbāni,Odisha,20.481,84.2306,37371
Malayinkeezhu,Kerala,8.4902,77.0374,37350
Attingal,Kerala,8.6961,76.8151,37346
Perunkalattu,Tamil Nadu,12.9182,80.0824,37342
Morsi,Maharashtra,21.3403,78.0126,37333
Pilibangan,Rajasthan,29.4496,74.1009,37288
Nelamangala,Karnataka,13.0998,77.3936,37232
Sindgi,Karnataka,16.9188,76.2337,37226
Vettūr,Kerala,8.7174,76.7258,37219
Bhadgaon,Maharashtra,20.669,75.2294,37214
Ratia,Haryana,29.6903,75.5769,37152
Sirūr,Maharashtra,18.8276,74.3748,37111
Ashta,Maharashtra,16.9494,74.4094,37105
Lālganj,Bihar,25.8689,85.1739,37098
Tinnanūr,Tamil Nadu,13.1145,80.0271,37095
Bandipura,Jammu and Kashmir,34.4173,74.6431,37081
Bābarpur,Delhi,28.6875,77.2856,37058
Pujali,West Bengal,22.4679,88.1452,37047
Garhmuktesar,Uttar Pradesh,28.7873,78.1021,37043
Bahādurganj,Bihar,26.2617,87.8244,36993
Nakodar,Punjab,31.1259,75.4751,36973
Lūnāvāda,Gujarat,23.1284,73.6104,36954
Vazhayur,Kerala,11.2173,75.8999,36909
Hojāi,Assam,26.0028,92.856,36869
Akbarpur,Uttar Pradesh,26.4295,82.5343,36865
Pīpār,Rajasthan,26.3844,73.5439,36810
Lanka,Assam,25.9291,92.9486,36805
Tuensang,Nagaland,26.267,94.8242,36774
Vuyyūru,Andhra Pradesh,16.3631,80.8441,36755
Lakshmeshwar,Karnataka,15.1269,75.4694,36754
Kumta,Karnataka,14.4285,74.4189,36719
Yāval,Maharashtra,21.1677,75.6976,36706
Tilda Newra,Chhattisgarh,21.5532,81.8019,36682
Kattivākkam,Tamil Nadu,13.2167,80.3167,36617
Peringottupulam,Kerala,11.0268,76.0987,36602
Sohna,Haryana,28.2474,77.0654,36552
Patāmundai,Odisha,20.5781,86.5606,36528
Kodaikānāl,Tamil Nadu,10.2392,77.4893,36501
Ichchāpuram,Andhra Pradesh,19.1139,84.6872,36493
Daryāpur,Maharashtra,20.9249,77.3264,36463
Chunār,Uttar Pradesh,25.1278,82.8821,36459
Amīnpur,Telangana,17.5242,78.3227,36452
Mungeli,Chhattisgarh,22.0657,81.6854,36450
Barnagar,Madhya Pradesh,23.0489,75.378,36438
Pūrna,Maharashtra,19.1817,77.0257,36433
Khunti,Jharkhand,23.076,85.2782,36390
Nargund,Karnataka,15.723,75.3867,36291
Parappur,Kerala,11.0121,75.9947,36270
Neem ka Thana,Rajasthan,27.7398,75.7865,36231
Vilappil,Kerala,8.5222,77.04,36212
Nilanga,Maharashtra,18.1168,76.7528,36172
Naharlagun,Arunachal Pradesh,27.1047,93.6952,36158
Boisar,Maharashtra,19.8036,72.756,36151
Ausa,Maharashtra,18.2473,76.4993,36118
Sadābād,Uttar Pradesh,27.4382,78.0376,36093
Bindki,Uttar Pradesh,26.0361,80.5762,36058
Mahālingpur,Karnataka,16.3888,75.1087,36055
Rāvu,Madhya Pradesh,22.6373,75.8147,36055
Mālpura,Rajasthan,26.2838,75.3646,36028
Bramhapuri,Maharashtra,20.6111,79.861,36025
Wai,Maharashtra,17.9528,73.8906,36025
Shikaripura,Karnataka,14.2698,75.3564,36015
Shirdi,Maharashtra,19.7662,74.4774,36004
Neduva,Kerala,11.0567,75.8668,35996
Venganoor,Kerala,8.3964,77.0033,35963
Ramanattukara,Kerala,11.178,75.8689,35937
Mokokchūng,Nagaland,26.3248,94.5183,35913
Pinjaur,Haryana,30.7987,76.9182,35912
Mādāyi,Puducherry,12.0343,75.2378,35888
Partūr,Maharashtra,19.5992,76.2154,35883
Dīndārpur,Delhi,28.5981,76.9916,35856
Talakkād,Kerala,10.8846,75.9309,35820
Krishnarājāsāgara,Karnataka,12.4398,76.3828,35805
Jhābua,Madhya Pradesh,22.7677,74.5909,35753
Madipakkam,Tamil Nadu,12.9623,80.1986,35752
Karāla,Delhi,28.7355,77.0352,35730
Gariadhar,Gujarat,21.5389,71.5774,35692
Kakrāla,Uttar Pradesh,27.8927,79.1945,35690
Bīdāsar,Rajasthan,27.836,74.3178,35683
Lahār,Madhya Pradesh,26.194,78.9414,35674
Ambasamudram,Tamil Nadu,8.7107,77.4519,35645
Islāmpur,Bihar,25.1408,85.2059,35641
Kaipamangalam,Kerala,10.335,76.1392,35626
Medchal,Telangana,17.6297,78.4814,35611
Ganaur,Haryana,29.1302,77.0183,35603
Sholinganallur,Tamil Nadu,12.89,80.2313,35602
Kovūr,Andhra Pradesh,14.5005,79.9852,35600
Tuljāpur,Maharashtra,18.008,76.0701,35596
Barpeta Road,Assam,26.5028,90.9694,35571
Uravakonda,Andhra Pradesh,14.9435,77.2549,35565
Babīna,Uttar Pradesh,25.2395,78.4703,35538
Rafiganj,Bihar,24.8176,84.6344,35536
Umarga,Maharashtra,17.8384,76.6233,35477
Igatpuri,Maharashtra,19.6952,73.5626,35461
Perumanna,Kerala,11.2529,75.8906,35460
Budhāna,Uttar Pradesh,29.288,77.4753,35442
Lingsugūr,Karnataka,16.1588,76.5217,35411
Rājpīpla,Gujarat,21.8667,73.5,35392
Dharangaon,Maharashtra,21.0119,75.2741,35375
Mahemdāvād,Gujarat,22.8236,72.7555,35368
Karamsad,Gujarat,22.5424,72.9039,35285
Sūrandai,Tamil Nadu,8.9757,77.4192,35272
Manali,Tamil Nadu,13.1667,80.2667,35248
Wāris Alīganj,Bihar,25.0172,85.6405,35243
Pulgaon,Maharashtra,20.722,78.3206,35238
Usilampatti,Tamil Nadu,9.9694,77.7862,35219
Puzhathi,Kerala,11.9011,75.3892,35212
Perunād,Kerala,8.949,76.6427,35173
Kāramadai,Tamil Nadu,11.2406,76.9601,35166
Giddalūr,Andhra Pradesh,15.3744,78.9261,35150
Atmakūr,Andhra Pradesh,15.8811,78.587,35137
Pāppinisshēri,Kerala,11.9566,75.3403,35134
Vijāpur,Gujarat,23.5623,72.7485,35118
Rāwatsār,Rajasthan,29.2672,74.4029,35102
Dubrājpur,West Bengal,23.7902,87.3765,35087
Karumattampatti,Tamil Nadu,11.1093,77.182,35062
Jalālābād,Uttar Pradesh,27.7262,79.6552,35051
Māranchēri,Kerala,10.7405,75.971,35011
Podaturpet,Tamil Nadu,13.2817,79.4854,35000
Shāhābād,Uttar Pradesh,28.5668,79.0096,34962
Peruvallur,Kerala,11.1048,75.9327,34941
Rairangpur,Odisha,22.2667,86.1738,34929
Sīrkāzhi,Tamil Nadu,11.2372,79.7358,34927
Kichha,Uttarakhand,28.9115,79.5201,34904
Vijayapura,Karnataka,13.2972,77.8018,34866
Hebbagodi,Karnataka,12.8263,77.6809,34827
Chēmanchēri,Kerala,11.4048,75.7236,34819
Erāttupetta,Kerala,9.6875,76.7789,34814
Rāmdurg,Karnataka,15.9458,75.2978,34800
Jāmadoba,Jharkhand,23.7167,86.4,34774
Safidon,Haryana,29.406,76.6704,34728
Bolārum,Telangana,17.5561,78.3482,34667
Bareli,Madhya Pradesh,23.0044,78.2301,34663
Erāmala,Kerala,11.6859,75.591,34658
Shikārpūr,Uttar Pradesh,28.2807,78.0141,34649
Sankeshwar,Karnataka,16.2565,74.482,34637
Karjat,Maharashtra,18.9107,73.3235,34554
Bakhtiyārpur,Bihar,25.4618,85.5318,34533
Bagasra,Gujarat,21.4872,70.9552,34521
Villiappally,Kerala,11.625,75.6288,34502
Aymanam,Kerala,9.6068,76.5006,34470
Angamāli,Kerala,10.1906,76.3879,34399
Villianur,Puducherry,11.9139,79.7557,34383
Manipal,Karnataka,13.35,74.7833,34370
Lālsot,Rajasthan,26.5595,76.3292,34363
Mehidpur,Madhya Pradesh,23.4888,75.658,34362
Soyāgaon,Maharashtra,20.5525,74.5069,34341
Sāngola,Maharashtra,17.4395,75.1938,34321
Vedaraniyam,Tamil Nadu,10.3721,79.851,34266
Kuruvattūr,Kerala,11.3361,75.8351,34241
Muddebihāl,Karnataka,16.3378,76.1317,34217
Navāpur,Maharashtra,21.1616,73.794,34207
Khāchrod,Madhya Pradesh,23.4232,75.2818,34191
Yanamalakuduru,Andhra Pradesh,16.4853,80.6675,34177
Malajkhand,Madhya Pradesh,22.0516,80.7157,34176
Vapi INA,Gujarat,20.3601,72.9311,34162
Kunigal,Karnataka,13.0232,77.0252,34155
Kadūr,Karnataka,13.5528,76.0116,34151
Chelambra,Kerala,11.1509,75.8719,34149
Hamīrpur,Uttar Pradesh,25.9553,80.1484,34144
Risod,Maharashtra,19.9767,76.788,34136
Kokrajhar,Assam,26.4011,90.2729,34136
Kālka,Himachal Pradesh,30.8398,76.9406,34134
Nawābganj,Uttar Pradesh,28.541,79.6346,34134
Kāgal,Maharashtra,16.577,74.3154,34106
Pārassāla,Tamil Nadu,8.3387,77.1542,34096
Titlāgarh,Odisha,20.2896,83.1523,34067
Begamganj,Madhya Pradesh,23.5992,78.3406,34031
Nagalapuram,Andhra Pradesh,13.3884,79.7962,34026
Jāmkhed,Maharashtra,18.7352,75.3134,34017
Fatehpur,Uttar Pradesh,27.1728,81.2106,34010
Elampalloor,Kerala,8.9558,76.6739,33959
Jayamkondacholapuram,Tamil Nadu,11.2127,79.3637,33945
Tudiyalūr,Tamil Nadu,11.0816,76.9446,33924
Ālankōd,Kerala,10.746,76.0348,33918
Shāhpura,Rajasthan,27.3912,75.9596,33895
Elayavur,Kerala,11.8892,75.4124,33853
Guledagudda,Karnataka,16.0502,75.79,33851
Iramallūr,Kerala,10.0619,76.5717,33829
Piro,Bihar,25.3322,84.4045,33785
Guskhara,West Bengal,23.4928,87.7348,33780
Umreth,Gujarat,22.6988,73.1156,33762
Narsīpatnam,Andhra Pradesh,17.6671,82.6124,33757
Bahjoi,Uttar Pradesh,28.395,78.6266,33752
Dharmābād,Maharashtra,18.8912,77.8494,33741
Chockli,Kerala,11.7274,75.5551,33732
Vemalwāda,Telangana,18.4652,78.8689,33706
Colgong,Bihar,25.2633,87.2326,33700
Bāsudebpur,Odisha,21.1197,86.729,33690
Rājākhera,Rajasthan,26.898,78.171,33666
Hailākāndi,Assam,24.6839,92.561,33637
Jagatsinghapur,Odisha,20.2557,86.1711,33631
Gevrai,Maharashtra,19.2637,75.7501,33562
Madikeri,Karnataka,12.426,75.7382,33540
Kopāganj,Uttar Pradesh,26.0192,83.5663,33539
Thāna Bhawan,Uttar Pradesh,29.586,77.4181,33498
Pūndri,Haryana,29.761,76.5603,33484
Vagholi,Maharashtra,18.5823,73.983,33479
Birmitrapur,Odisha,22.4,84.7667,33442
Chaksu,Rajasthan,26.6051,75.9481,33432
Darsi,Andhra Pradesh,15.7698,79.6794,33418
Zaidpur,Uttar Pradesh,26.8309,81.3293,33397
Remuna,Odisha,21.528,86.8716,33378
Puthenvelikara,Kerala,10.1851,76.2454,33372
Āmli,Dadra and Nagar Haveli and Daman and Diu,20.2833,73.0167,33369
Anūpgarh,Rajasthan,29.1911,73.2086,33309
Salāya,Gujarat,22.3104,69.6038,33246
Idangansālai,Tamil Nadu,11.6272,77.989,33245
Kosamba,Gujarat,21.462,72.9584,33221
Basavana Bāgevādi,Karnataka,16.5728,75.9725,33198
Muhammadābād,Uttar Pradesh,25.6191,83.7558,33186
Lakhyabad,West Bengal,23.6667,86.6667,33162
Aya Nagar,Delhi,28.472,77.1327,33123
Umaria,Madhya Pradesh,23.5247,80.8372,33114
Chanderi,Madhya Pradesh,24.7131,78.1381,33081
Ajānūr,Kerala,12.3361,75.093,33079
Manendragarh,Chhattisgarh,23.2134,82.2023,33071
Rāmgarh,Rajasthan,28.171,74.9797,33024
Bhādāsar,Rajasthan,28.3146,74.2895,33006
Srvanampatti,Tamil Nadu,11.0764,77.0045,32920
Patrātu,Jharkhand,23.665,85.3035,32899
Bhokar,Maharashtra,19.2193,77.6696,32899
Sānchor,Rajasthan,24.7536,71.7728,32875
Kurumbapet,Puducherry,11.9398,79.7713,32871
Kaimganj,Uttar Pradesh,27.5544,79.3352,32858
Bāmaur,Madhya Pradesh,26.339,78.101,32838
Jānjgīr,Chhattisgarh,22.0092,82.5778,32833
Egra,West Bengal,21.8995,87.5379,32832
Bihārīganj,Bihar,25.7342,86.9884,32805
Mushābani,Jharkhand,22.5114,86.4571,32761
Udaipur,Tripura,23.5333,91.4833,32758
Dighwāra,Bihar,25.7443,85.01,32741
Ngūr,Mizoram,23.538,93.3732,32734
Garhākota,Madhya Pradesh,23.7791,79.1432,32726
Vengola Kizhakkumbāgam,Kerala,10.0637,76.4761,32697
Mamun,Punjab,32.2824,75.6983,32689
Nānjikkottai,Tamil Nadu,10.7292,79.1424,32689
Bijuri,Madhya Pradesh,23.2524,82.1167,32682
Ghugus,Maharashtra,19.9381,79.1119,32654
Tārānagar,Rajasthan,28.6686,75.0321,32640
Nepānagar,Madhya Pradesh,21.4538,76.3934,32611
Bādepalli,Telangana,16.7549,78.1443,32598
Nautanwa,Uttar Pradesh,27.4275,83.4179,32587
Pīrzādagūda,Telangana,17.3946,78.5905,32586
Hisua,Bihar,24.8336,85.4173,32585
Shamshabad,Telangana,17.2519,78.4184,32583
Vallabh Vidyanagar,Gujarat,22.5333,72.9,32581
Erraguntla,Andhra Pradesh,14.6385,78.5397,32574
Edappāl,Kerala,10.7834,76.0079,32550
Manuguru,Telangana,17.9302,80.8267,32539
Soro,Odisha,21.2785,86.6883,32531
Ulliyeri,Kerala,11.4525,75.7666,32509
Saoner,Maharashtra,21.3851,78.9216,32498
Muttayyāpuram,Tamil Nadu,8.7498,78.1311,32494
Manwath,Maharashtra,19.3013,76.4974,32488
Dhandhuka,Gujarat,22.3818,71.9866,32475
Jūjūvādi,Tamil Nadu,12.7679,77.7918,32474
Hatta,Madhya Pradesh,24.1341,79.6012,32465
Jagdīspur,Bihar,25.4681,84.4194,32447
Almora,Uttarakhand,29.5971,79.6591,32442
Thuraiyur,Tamil Nadu,11.148,78.5991,32439
Saknepalli,Telangana,18.9286,79.4571,32385
Anta,Rajasthan,25.15,76.3,32377
Gajendragarh,Karnataka,15.7363,75.9698,32359
Narsinghgarh,Madhya Pradesh,23.7076,77.0932,32329
Kalyandurg,Andhra Pradesh,14.5452,77.1055,32328
Chittūr,Kerala,10.6997,76.7471,32298
Madhapar,Gujarat,23.2376,69.6995,32293
Chhabra,Rajasthan,24.6647,76.8438,32285
Manamadurai,Tamil Nadu,9.6732,78.471,32257
Tiruchchendur,Tamil Nadu,8.4972,78.1191,32171
Bisauli,Uttar Pradesh,28.3077,78.9368,32154
Kangayam,Tamil Nadu,11.006,77.5609,32147
Mannanchōri,Kerala,9.5722,76.3524,32139
Kakching,Manipur,24.4982,93.9813,32138
Turaiyūr,Tamil Nadu,11.1497,78.5987,32134
Bijaynagar,Rajasthan,25.9298,74.6492,32124
Ferokh,Kerala,11.1799,75.8414,32122
Dhāmnod,Madhya Pradesh,22.2093,75.4706,32093
Jora Khurd,Madhya Pradesh,26.4893,77.9758,32087
Pāvugada,Karnataka,14.0995,77.2802,32063
Thenhippalam,Kerala,11.1323,75.8822,32045
Halvad,Gujarat,23.0152,71.1803,32024
Meerpet,Telangana,17.321,78.5305,32013
Zamānia,Uttar Pradesh,25.4196,83.5579,32008
Bhatkal,Karnataka,13.9853,74.5553,32000
Malkapur,Maharashtra,17.2621,74.1757,32000
Makhdumpur,Bihar,25.0657,84.9725,31994
Shafi Pur Ranhola,Delhi,28.6573,77.04,31944
Jāridih,Jharkhand,23.7657,85.9386,31882
Rasrā,Uttar Pradesh,25.8576,83.8549,31876
Sādpalli,Telangana,17.21,80.8364,31857
Sattur,Tamil Nadu,9.3559,77.9246,31856
Maur,Punjab,30.0833,75.25,31849
Chhota Gobindpur,Jharkhand,22.7459,86.2589,31843
Sāsvad,Maharashtra,18.3435,74.031,31821
Vilavoorkkal,Kerala,8.4809,77.022,31761
Kotma,Madhya Pradesh,23.2038,81.979,31756
Kottaikuppam,Tamil Nadu,11.9613,79.8392,31726
Khaira,Maharashtra,19.7867,72.7616,31699
Tālīkota,Karnataka,16.4731,76.3108,31693
Puzhal,Tamil Nadu,13.1648,80.2038,31665
Kalpatta,Kerala,11.6087,76.0834,31580
Ambad,Maharashtra,19.613,75.7891,31553
Rāhatgarh,Madhya Pradesh,23.7897,78.3947,31537
Sijua,Jharkhand,23.7762,86.3303,31537
Vandavāsi,Tamil Nadu,12.5043,79.6056,31530
Tirumuruganpūndi,Tamil Nadu,11.1649,77.3084,31528
Thanneermukkom,Kerala,9.6634,76.3807,31525
Parūr,Kerala,10.1477,76.23,31503
Gomoh,Jharkhand,23.8736,86.1516,31495
Elūr,Kerala,10.0667,76.2833,31468
Chemmumiahpet,Andhra Pradesh,14.4629,78.8119,31416
Jalālpur,Uttar Pradesh,26.3116,82.7386,31388
Kharagpur,Bihar,25.1245,86.5558,31385
Sri Mādhopur,Rajasthan,27.466,75.5974,31366
Lumding Railway Colony,Assam,25.749,93.17,31347
Ahmedgarh,Punjab,30.6773,75.8263,31302
Chītāpur,Karnataka,17.1236,77.0824,31299
Jhanjhārpur,Bihar,26.2647,86.2799,31283
Nāspur,Telangana,18.8458,79.4617,31244
Singānallūr,Tamil Nadu,10.999,77.0324,31239
Unchagao,Maharashtra,16.6975,74.2732,31238
Bagru,Rajasthan,26.8107,75.547,31229
Cheriyamundam,Kerala,10.9476,75.9564,31212
Allapuram,Tamil Nadu,12.8951,79.1279,31211
Rāmāpuram,Andhra Pradesh,13.1009,79.1841,31169
Rosera,Bihar,25.7549,86.0316,31155
Podili,Andhra Pradesh,15.6064,79.6149,31145
Shrīgonda,Maharashtra,18.6153,74.699,31134
Kalliyasshēri,Kerala,11.9755,75.3645,31122
Kannānendal,Tamil Nadu,9.9649,78.1416,31095
Pāndharkawada,Maharashtra,20.0211,78.5463,31094
Mankāchar,Meghalaya,25.5335,89.8637,31091
Katirur,Kerala,11.7849,75.5302,31087
Erandol,Maharashtra,20.9221,75.3264,31071
Adirampattinam,Tamil Nadu,10.3406,79.3791,31066
Kūrāli,Punjab,30.8342,76.5768,31060
Jagdīshpur,Uttar Pradesh,26.7497,80.5451,31029
Ponneri,Tamil Nadu,13.3387,80.1949,31025
Shamsābād,Uttar Pradesh,27.0172,78.1236,31009
Malakanagiri,Odisha,18.3643,81.888,31007
Deolali,Maharashtra,19.4739,74.6206,30997
Mangrūl Pīr,Maharashtra,20.3138,77.3418,30983
Narsampet,Telangana,17.9279,79.8923,30963
Berasia,Madhya Pradesh,23.6313,77.4335,30951
Bādāmi,Karnataka,15.915,75.6768,30943
Pasān,Chhattisgarh,22.8441,82.1982,30928
Pāmban,Tamil Nadu,9.279,79.2109,30926
Banda,Madhya Pradesh,24.0449,78.9609,30923
Kalakkādu,Tamil Nadu,8.5138,77.5494,30921
Kondagaon,Chhattisgarh,19.5908,81.664,30921
Puthuppariyāram,Kerala,10.8131,76.6287,30895
Vilāngudi,Tamil Nadu,9.9458,78.0935,30884
Rūdarpur,Uttar Pradesh,26.4447,83.613,30873
Sholinghur,Tamil Nadu,13.1181,79.4202,30856
Mānāvadar,Gujarat,21.4981,70.1378,30850
Purāini,Bihar,25.1426,86.9797,30829
Deūlgaon Rāja,Maharashtra,20.0176,76.0376,30827
Dharmadam,Kerala,11.7754,75.4646,30804
Madurāntakam,Tamil Nadu,12.5117,79.8848,30796
Kizhuvalam-Koonthalloor,Kerala,8.6625,76.8097,30770
Dharamsala,Himachal Pradesh,32.2201,76.3201,30764
Pedana,Andhra Pradesh,16.2558,81.1438,30721
Kaij,Maharashtra,18.7136,76.0672,30704
Kallamchavadi,Tamil Nadu,12.9531,80.1308,30702
Un,Gujarat,23.8874,71.7698,30671
Vadanappally,Kerala,10.469,76.0813,30657
Irimbiliyam,Kerala,10.8624,76.0922,30635
Mūdbidri,Karnataka,13.0665,74.9952,30632
Pallappatti,Tamil Nadu,10.7206,77.8795,30624
Cheranellūr,Kerala,10.0543,76.2896,30594
Mahārāganj,Uttar Pradesh,27.1446,83.5621,30548
Nāgāvaram,Telangana,17.4886,78.6021,30502
Tarakeswar,West Bengal,22.886,88.0136,30475
Tifrā,Chhattisgarh,22.0631,82.1313,30465
Siraspur,Delhi,28.7582,77.1309,30445
Kundapura,Karnataka,13.6313,74.6902,30444
Uran,Maharashtra,18.8781,72.9392,30439
Kasba,Bihar,25.8564,87.5384,30421
Karjan,Gujarat,22.0467,73.1181,30405
Muvattupuzha,Kerala,9.9799,76.5738,30397
Manāwar,Madhya Pradesh,22.2357,75.0892,30393
Pihānī,Uttar Pradesh,27.6199,80.2034,30369
Madukkarai,Tamil Nadu,10.9057,76.9634,30357
Amlai,Madhya Pradesh,23.1984,81.5806,30354
Mānsa,Gujarat,23.4256,72.6574,30347
Dhāruhera,Haryana,28.2055,76.7969,30344
Sarkhej,Gujarat,22.983,72.502,30341
Banmankhi Bazar,Bihar,25.8876,87.1936,30336
Rehli,Madhya Pradesh,23.6372,79.0627,30329
Udaipur,Rajasthan,27.723,75.4718,30264
Tāramangalam,Tamil Nadu,11.694,77.9704,30222
Amla,Madhya Pradesh,21.9248,78.1279,30215
Tirukkoyilur,Tamil Nadu,11.9662,79.2026,30212
Musiri,Tamil Nadu,10.953,78.4443,30209
Hīrākud,Odisha,21.525,83.8728,30207
Khair,Uttar Pradesh,27.942,77.8424,30173
Rajauli,Bihar,24.6449,85.5003,30170
Kakkalapalle,Andhra Pradesh,14.6415,77.5668,30128
Cherukavu,Kerala,11.1731,75.9086,30126
Seoni Mālwa,Madhya Pradesh,22.4505,77.4665,30100
Oddanchathiram,Tamil Nadu,10.4801,77.7498,30064
Fatehpur Sīkri,Uttar Pradesh,27.0937,77.66,30026
Azhiyūr,Kerala,11.6935,75.5601,30023
Byādgi,Karnataka,14.6732,75.4868,30014
Birpara,West Bengal,26.7042,89.1455,30000
Cherpulassery,Kerala,10.8766,76.3093,30000
Multai,Madhya Pradesh,21.7746,78.2576,29976
Holenarasipura,Karnataka,12.7864,76.2433,29974
Talāja,Gujarat,21.3527,72.0352,29948
Marhaura,Bihar,25.9735,84.868,29932
Kareli,Madhya Pradesh,22.9153,79.0638,29929
Bhongaon,Uttar Pradesh,27.2552,79.1812,29911
Baddi,Himachal Pradesh,30.9578,76.7914,29911
Pānakkudi,Tamil Nadu,8.322,77.5771,29895
Gadhada,Gujarat,21.9696,71.5783,29872
Pūlakkōd,Kerala,11.3098,75.95,29872
Mukeriān,Punjab,31.9539,75.6172,29841
Rāmgarh,Rajasthan,27.251,75.1789,29834
Ariyānkuppam,Puducherry,11.8953,79.8071,29808
Karumālūr,Kerala,10.1329,76.2799,29805
Kottārakara,Kerala,9.0036,76.7738,29788
Mavoor,Kerala,11.2667,75.9167,29781
Pilāni,Rajasthan,28.3672,75.6035,29741
Devarkonda,Telangana,16.6919,78.9207,29731
Rājgarh,Madhya Pradesh,24.0083,76.7325,29726
Mīnād,Kerala,8.8503,76.6952,29716
Nedumbassery,Kerala,10.1565,76.4017,29706
Rājūra,Maharashtra,19.7795,79.3646,29668
Bilāri,Uttar Pradesh,28.6215,78.8036,29666
Mūvattupula,Kerala,9.9849,76.5773,29664
Adūr,Kerala,9.156,76.7319,29652
Walwadi,Maharashtra,20.9209,74.7611,29636
Puthuppally,Kerala,9.5575,76.5748,29635
Rāisinghnagar,Rajasthan,29.5358,73.4492,29626
Mīrānpur Katra,Uttar Pradesh,28.0296,79.6678,29626
Kidarakulam,Kerala,8.5669,76.9913,29624
Kuttuparamba,Kerala,11.8278,75.5659,29619
Ārangaon,Maharashtra,19.0268,74.7149,29591
Pakridayal,Bihar,26.5627,85.0452,29582
Dhanera,Gujarat,24.5097,72.0234,29578
Chengamanād,Kerala,10.1541,76.3416,29576
Lākheri,Rajasthan,25.6724,76.1769,29572
Kalavoor,Kerala,9.5705,76.3276,29564
Behror,Rajasthan,27.8883,76.2811,29531
Reddipālaiyam,Tamil Nadu,13.1078,80.1206,29511
Zunheboto,Nagaland,25.9667,94.5167,29499
Rajaori,Jammu and Kashmir,33.3753,74.3092,29486
Sankagiri,Tamil Nadu,11.476,77.8664,29467
Mharal Bk,Maharashtra,19.2459,73.1771,29462
Maināguri,West Bengal,26.5626,88.8204,29459
Nedumpana,Kerala,8.908,76.693,29454
Puttankulam,Kerala,8.8138,76.7179,29447
Sāgwāra,Rajasthan,23.6795,74.0201,29439
Nāgar Karnūl,Telangana,16.4821,78.3247,29439
Ibrāhīmpatnam,Andhra Pradesh,16.583,80.5143,29432
Vadakku Valliyūr,Tamil Nadu,8.3829,77.6122,29417
Jāmtāra,Jharkhand,23.963,86.8029,29415
Khedbrahma,Gujarat,24.0299,73.0463,29402
Tirukkalikkunram,Tamil Nadu,12.608,80.0555,29391
Talakkolattur,Kerala,11.3537,75.758,29388
Pālkonda,Andhra Pradesh,18.6037,83.7557,29378
Cheruthazham,Kerala,12.081,75.2627,29348
Dhāri,Gujarat,21.3286,71.0264,29346
Amballūr,Kerala,10.4343,76.2634,29341
Koovappady,Kerala,10.1552,76.4854,29339
Chendamangalam,Kerala,10.1632,76.2346,29326
Jewar,Uttar Pradesh,28.122,77.5573,29316
Nawāpāra,Chhattisgarh,20.9717,81.8588,29315
Tarsadi,Gujarat,21.47,72.9521,29305
Ner,Maharashtra,20.4897,77.8663,29302
Shāhpura,Rajasthan,25.6209,74.9249,29259
Vijayapuram,Kerala,9.5912,76.5612,29248
Husainābād,Jharkhand,24.5285,84.0,29241
Udaipurwati,Rajasthan,27.7301,75.4716,29236
Bachhraon,Uttar Pradesh,28.9269,78.2346,29232
Jandiāla Gurū,Punjab,31.562,75.0277,29232
Irinjālakuda,Kerala,10.3424,76.2112,29208
Renwāl,Rajasthan,27.1577,75.3581,29201
Kumbalam,Kerala,9.9063,76.3113,29193
Basni,Rajasthan,27.1723,73.6452,29187
Morigaon,Assam,26.2491,92.3476,29164
Madhugiri,Karnataka,13.6604,77.2124,29159
Urakam,Kerala,11.0512,75.9883,29157
Islāmnagar,Uttar Pradesh,28.329,78.7252,29144
Ariyalūr,Tamil Nadu,11.1385,79.0756,29144
Ponmana,Kerala,9.008,76.5202,29139
Mudalgi,Karnataka,16.3368,74.9677,29128
Mahendragarh,Haryana,28.2694,76.1525,29128
Nakrekal,Telangana,17.1626,79.4275,29126
Unamaucheri,Tamil Nadu,12.8608,80.1066,29122
Gorai,Maharashtra,19.25,72.7833,29107
Uttamapālaiyam,Tamil Nadu,9.807,77.3272,29050
Khandela,Rajasthan,27.605,75.502,29044
Sirsāganj,Uttar Pradesh,27.0572,78.6866,29034
Chodavaram,Andhra Pradesh,17.8288,82.9353,29000
Umarkot,Chhattisgarh,19.6653,82.2063,28993
Hupari,Maharashtra,16.6167,74.4044,28953
Suār,Uttar Pradesh,29.0284,79.0565,28941
Devadurga,Karnataka,16.4231,76.9358,28929
Manoharpur,Rajasthan,27.2977,75.9495,28928
Nāhan,Himachal Pradesh,30.5603,77.2943,28899
Lādwa,Haryana,29.9935,77.0456,28887
Gil,Punjab,30.8469,75.8636,28884
Gunupur,Odisha,19.0804,83.8088,28870
Avinashi,Tamil Nadu,11.193,77.2686,28868
Kotagiri,Tamil Nadu,11.4207,76.8604,28848
Sikka,Gujarat,22.4322,69.8416,28814
Panipat Taraf Rajputan,Haryana,29.3609,76.9426,28803
Kondotty,Kerala,11.1423,75.9657,28794
Rusera,Bihar,25.7536,86.026,28781
Desāīganj,Maharashtra,20.6235,79.9645,28781
Maddūr,Karnataka,12.5828,77.0429,28754
Nongstoin,Meghalaya,25.517,91.2648,28742
Rāikot,Punjab,30.65,75.6,28734
Dinapur Cantonment,Bihar,25.6362,85.0203,28723
Jhālod,Gujarat,23.101,74.1554,28720
Karera,Madhya Pradesh,25.4582,78.1358,28705
Murlīganj,Bihar,25.8969,86.9958,28691
Soron,Uttar Pradesh,27.8906,78.7462,28683
Mukher,Maharashtra,18.7064,77.3679,28647
Vandiyūr,Tamil Nadu,9.9092,78.1609,28646
Alandi,Maharashtra,18.6776,73.8987,28645
Pattāmbi,Kerala,10.8,76.1841,28632
Tekkali,Andhra Pradesh,18.6057,84.2355,28631
Duliajan Oil Town,Assam,27.3578,95.3141,28626
Duliajan,Assam,27.3604,95.3181,28626
Kāraippudūr,Tamil Nadu,11.0567,77.3061,28602
Ambikāpuram,Kerala,10.7939,76.653,28592
Sūryampālaiyam,Tamil Nadu,11.4044,77.7123,28585
Motipur,Bihar,26.2527,85.1608,28572
Ālangulam,Tamil Nadu,8.864,77.4994,28558
Addanki,Andhra Pradesh,15.8106,79.9734,28547
Bemetāra,Chhattisgarh,21.7156,81.5342,28536
Milak,Uttar Pradesh,28.6103,79.17,28505
Losal,Rajasthan,27.4,74.9167,28504
Alirajpur,Madhya Pradesh,22.3039,74.3557,28498
Pārdi,Gujarat,20.5087,72.9457,28495
Kinwat,Maharashtra,19.6256,78.1987,28454
Pasan,Madhya Pradesh,23.1648,81.9286,28447
Lālgola,West Bengal,24.4224,88.2524,28442
Utraula,Uttar Pradesh,27.3193,82.4187,28437
Baikunthpur,Chhattisgarh,23.2621,82.5605,28431
Jowai,Meghalaya,25.436,92.1913,28430
Ochira,Kerala,9.1348,76.5117,28412
Rāpar,Gujarat,23.5727,70.6472,28407
Jammu Cantonment,Jammu and Kashmir,32.7044,74.8611,28396
Bānswāda,Telangana,18.3772,77.8801,28384
Hosadurga,Karnataka,13.7963,76.2841,28370
Ramanayyapeta,Andhra Pradesh,16.9452,82.2385,28369
Mīnjūr,Tamil Nadu,13.2795,80.2582,28337
Sonāmukhi,West Bengal,23.3052,87.4134,28334
Kukshi,Madhya Pradesh,22.2068,74.7579,28331
Kansad,Gujarat,21.0747,72.8789,28327
Kālāvad,Gujarat,22.2079,70.3834,28314
Jashpur Nagar,Chhattisgarh,22.8878,84.1386,28301
Māvelikara,Kerala,9.2593,76.5564,28300
Dhanaura,Uttar Pradesh,28.9591,78.2563,28285
Pallipuram,Kerala,9.755,76.3572,28276
Jalgaon Jamod,Maharashtra,21.0519,76.5346,28276
Sujānpur,Punjab,32.3162,75.6074,28270
Annigeri,Karnataka,15.4251,75.4335,28267
Piravam,Kerala,9.8667,76.5,28254
Ganderbal,Jammu and Kashmir,34.2262,74.7748,28233
Uliyazhathura,Kerala,8.5816,76.9224,28230
Mandi,Himachal Pradesh,31.7119,76.9327,28217
Atholi,Kerala,11.3885,75.7597,28213
Shiggaon,Karnataka,14.9905,75.225,28207
Pandua,West Bengal,23.0749,88.2864,28205
Pūnch,Jammu and Kashmir,33.7703,74.0925,28197
Kottaikādu,Tamil Nadu,12.2556,79.9823,28172
Hāngal,Karnataka,14.7646,75.1246,28159
Jhadeshwar,Gujarat,21.7136,73.0323,28148
Polūr,Tamil Nadu,12.5122,79.124,28123
Sheohar,Bihar,26.5139,85.2934,28116
Perumbavoor,Kerala,10.107,76.4737,28110
Gundlupēt,Karnataka,11.81,76.6903,28105
Sachīn,Gujarat,21.0872,72.8815,28102
Koynanagar,Maharashtra,17.4,73.7667,28091
Gotegaon,Madhya Pradesh,23.0289,79.4823,28074
Kalwākurti,Telangana,16.664,78.4914,28060
Sheoganj,Rajasthan,25.1392,73.0678,28053
Devanahalli,Karnataka,13.2466,77.7118,28051
Āron,Madhya Pradesh,24.3811,77.4174,28010
Hadagalli,Karnataka,15.0205,75.9318,27967
Patran,Punjab,29.9577,76.0486,27963
Tharād,Gujarat,24.396,71.6258,27954
Panāgar,Madhya Pradesh,23.2854,79.9951,27932
Dāsna,Uttar Pradesh,28.6774,77.5225,27926
Kulittalai,Tamil Nadu,10.9349,78.4125,27910
Sulur,Tamil Nadu,11.0243,77.1256,27909
Rangia,Assam,26.4493,91.6136,27889
Bāmor Kalān,Madhya Pradesh,24.893,78.151,27860
Umargām,Gujarat,20.1972,72.7504,27859
Nalbāri,Assam,26.4394,91.4404,27839
Pallikunnu,Kerala,11.8899,75.3565,27820
Trittāla,Kerala,10.803,76.1288,27796
Vadnagar,Gujarat,23.7859,72.6389,27790
Jaswantnagar,Uttar Pradesh,26.8827,78.9026,27777
Afzalgarh,Uttar Pradesh,29.3937,78.6739,27753
Gangāpur,Maharashtra,19.6972,75.0105,27745
Mahna,Punjab,30.228,74.9936,27733
Rāipur,Uttarakhand,30.311,78.0898,27702
Mathur,Tamil Nadu,13.171,80.2476,27674
Tehri,Uttarakhand,30.3909,78.4803,27611
Māgadi,Karnataka,12.9571,77.2237,27605
Pūvātūparamba,Kerala,11.271,75.8894,27598
Bāspalli,Telangana,17.5391,78.3636,27563
Mahād,Maharashtra,18.0833,73.4167,27536
Ezhupunna,Kerala,9.8211,76.2998,27528
Sānkrāil,West Bengal,22.55,88.2252,27523
Wārāseonī,Madhya Pradesh,21.7618,80.043,27494
Beldānga,West Bengal,23.9343,88.2602,27489
Jilādiguda,Telangana,17.332,78.5255,27461
Sausar,Madhya Pradesh,21.6558,78.7967,27459
Moothakunnam,Kerala,10.19,76.2008,27458
Pathirappally,Kerala,9.5354,76.322,27445
Hadgāon,Maharashtra,19.4955,77.6586,27433
Chandrapura,Jharkhand,23.7488,86.1196,27425
Rājaldesar,Rajasthan,28.0285,74.4744,27419
Pachor,Madhya Pradesh,23.7098,76.7339,27396
Sādri,Rajasthan,25.1856,73.4529,27390
Azhoor,Kerala,8.6442,76.799,27390
Mīrānpur,Uttar Pradesh,29.2903,77.9494,27390
Kullattūr,Tamil Nadu,12.9419,80.1947,27374
Balussheri,Kerala,11.4474,75.8294,27363
Kālānwāli,Haryana,29.8357,74.9717,27355
Kadodara,Gujarat,21.1616,72.9623,27336
Chakapara,West Bengal,22.6322,88.3486,27320
Nanminda,Kerala,11.4232,75.8231,27316
Nokha,Bihar,25.1048,84.1162,27302
Kattumannarkoil,Tamil Nadu,11.2763,79.5578,27294
Āndippatti,Tamil Nadu,9.998,77.621,27287
Kalamb,Maharashtra,19.0444,73.9555,27287
Arumuganeri,Tamil Nadu,8.5688,78.0909,27266
Elamanchili,Andhra Pradesh,17.5491,82.8575,27265
Adichānallūr,Kerala,8.8805,76.7156,27240
Laitumkhrah,Meghalaya,25.5707,91.8977,27219
Gulābpura,Rajasthan,25.9045,74.6602,27215
Pāthardi,Maharashtra,19.1728,75.1742,27211
Kundarkhi,Uttar Pradesh,28.683,78.7856,27197
Ukhrul,Manipur,25.1196,94.3642,27187
Gadhinglaj,Maharashtra,16.2229,74.3501,27185
Bilgrām,Uttar Pradesh,27.1751,80.032,27173
Ali,Delhi,28.5161,77.3099,27169
Jāfarābād,Gujarat,20.8661,71.3661,27167
Bidhūna,Uttar Pradesh,26.8017,79.5083,27158
Bhelai,Chhattisgarh,22.3093,82.6095,27158
Ayakudi,Tamil Nadu,10.4499,77.552,27156
Vettanād,Kerala,8.6059,76.9424,27140
Āsandh,Haryana,29.5212,76.6055,27125
Perumpāvūr,Kerala,10.1154,76.4761,27105
Chanpatia,Bihar,26.9444,84.5377,27095
Afzalpur,Karnataka,17.1999,76.3602,27088
Gobindpur,Jharkhand,22.6339,86.0716,27066
Tikkotti,Kerala,11.4833,75.6167,27051
Gingee,Tamil Nadu,12.2528,79.4173,27045
Rāver,Maharashtra,21.2476,76.0351,27039
Bāgepalli,Karnataka,13.7834,77.7967,27011
Kotdwāra,Uttarakhand,29.7461,78.5222,27009
Payakaraopeta,Andhra Pradesh,17.3678,82.5683,27001
Bhawanipur,Bihar,26.4535,87.0274,27000
Elamkunnapuzha,Kerala,10.0267,76.2223,26997
Ettumanoor,Kerala,9.67,76.57,26993
Lātehār,Jharkhand,23.7442,84.4998,26981
Chengam,Tamil Nadu,12.3089,78.7914,26980
Rājgarh,Rajasthan,27.2373,76.6224,26953
Kumārapuram,Kerala,9.2708,76.4326,26943
Margherita,Assam,27.2848,95.668,26914
Kulasēkarapuram,Kerala,9.0912,76.5303,26907
Sāmba,Jammu and Kashmir,32.5624,75.1199,26893
Pirthīpur,Madhya Pradesh,25.2084,78.7516,26883
Vepagunta,Andhra Pradesh,17.7784,83.2158,26881
Vadipatti,Tamil Nadu,10.0848,77.9611,26830
Shenkottai,Tamil Nadu,8.9774,77.2463,26823
Edacchēri,Kerala,11.6818,75.6248,26819
Banmankhi,Bihar,25.8886,87.1942,26806
Srīnivāspur,Karnataka,13.3391,78.2118,26793
Palavakkam,Tamil Nadu,12.9535,80.2572,26766
Chāndur,Maharashtra,19.7344,79.1717,26755
Indāpur,Maharashtra,18.3,73.25,26752
Varappuzha,Kerala,10.0759,76.2715,26750
Kemrī,Uttar Pradesh,28.8067,79.2048,26726
Alattūr,Kerala,10.65,76.5333,26720
Bela,Bihar,25.5571,84.4308,26707
Krishnāpuram,Kerala,9.1521,76.5234,26705
Kartārpur,Punjab,31.4427,75.4985,26701
Māmidālapādu,Andhra Pradesh,15.8541,78.0148,26694
Karhal,Uttar Pradesh,27.0009,78.9394,26693
Lar,Uttar Pradesh,26.2039,83.9691,26688
Kūdligi,Karnataka,14.905,76.3853,26680
Alīganj,Uttar Pradesh,27.4936,79.1713,26652
Baloda Bāzār,Chhattisgarh,21.6568,82.1606,26632
Manihāri,Bihar,25.3389,87.62,26629
Kottur,Tamil Nadu,10.5365,76.9803,26627
Faizpur,Maharashtra,21.1677,75.8601,26602
Manāsa,Madhya Pradesh,24.4776,75.141,26551
Sankarapatti,Tamil Nadu,10.0477,78.7472,26536
Songadh,Gujarat,21.1697,73.5636,26515
Pauri,Uttarakhand,30.1529,78.7771,26514
Shāhganj,Uttar Pradesh,26.0496,82.6842,26510
Dhrol,Gujarat,22.567,70.4177,26496
Pallippatti,Tamil Nadu,11.9399,78.4016,26492
Barwāh,Madhya Pradesh,22.2539,76.0385,26459
Mauganj,Madhya Pradesh,24.6672,81.8734,26420
Bablāi,Haryana,30.3573,76.879,26412
Terdāl,Karnataka,16.4938,75.0467,26411
Nādbai,Rajasthan,27.2229,77.1957,26411
Kallidaikurichi,Tamil Nadu,8.6859,77.4659,26398
Taloda,Maharashtra,21.5613,74.2124,26363
Murugampālaiyam,Tamil Nadu,11.0806,77.3238,26349
Mon,Nagaland,26.7358,95.0584,26328
Kheri,Uttar Pradesh,27.9035,80.7975,26327
Bilsi,Uttar Pradesh,28.1294,78.9109,26320
Basi,Punjab,30.5881,76.845,26295
Āyanchēri,Kerala,11.6261,75.6743,26293
Kottūru,Karnataka,14.8244,76.22,26289
Anjad,Madhya Pradesh,22.0417,75.0552,26289
Chinnalapatti,Tamil Nadu,10.2848,77.9233,26285
Narasannapeta,Andhra Pradesh,18.4143,84.0446,26280
Ongallur-II,Kerala,10.7897,76.219,26273
Rāmpur,Uttar Pradesh,29.8062,77.4525,26257
Aklera,Rajasthan,24.4129,76.5672,26240
Mirganj,Bihar,26.3734,84.3349,26240
Kūdlu,Kerala,12.5298,74.9788,26235
Tekkalakote,Karnataka,15.5344,76.877,26224
Mungaoli,Madhya Pradesh,24.4084,78.0959,26192
Budhlāda,Punjab,29.928,75.562,26172
Anuppānadi,Tamil Nadu,9.904,78.1433,26158
Reengus,Rajasthan,27.3636,75.5684,26139
Sutrāpāra,Gujarat,20.8435,70.4832,26132
Kodoli,Maharashtra,17.6702,74.0347,26106
Phulera,Rajasthan,26.874,75.2417,26091
Renigunta,Andhra Pradesh,13.6514,79.5126,26031
Basi,Rajasthan,26.8315,76.0486,26029
Khoni,Maharashtra,19.3173,73.0597,26016
Muttanampālaiyam,Tamil Nadu,11.0845,77.3969,26014
Areraj,Bihar,26.5503,84.6801,26014
Junnar,Maharashtra,19.2082,73.8752,25997
Mehsi,Bihar,26.3557,85.0925,25995
Edavai,Kerala,8.7645,76.6884,25994
Mangaldai,Assam,26.4421,92.0305,25989
Naduvannūr,Kerala,11.4877,75.7751,25979
Krishnarājpet,Karnataka,12.6662,76.4877,25946
Tirāwari,Haryana,29.8015,76.9282,25944
Mannachanallur,Tamil Nadu,10.9099,78.6993,25931
Periyanayakkanpalaiyam,Tamil Nadu,11.1526,76.9516,25930
Kālol,Gujarat,22.6078,73.4627,25929
Kuttikkāttūr,Kerala,11.2626,75.8796,25929
Jaynagar Majilpur,West Bengal,22.1752,88.4201,25922
Kailāras,Madhya Pradesh,26.305,77.616,25920
Chīpurupalle,Andhra Pradesh,18.3114,83.5685,25898
Iringal,Kerala,11.5593,75.6166,25894
Jamjodhpur,Gujarat,21.9022,70.0357,25892
Chumukedima,Nagaland,25.8248,93.7759,25885
Thodiyoor,Kerala,9.078,76.5777,25884
Nalhāti,West Bengal,24.297,87.829,25878
Jāmul,Chhattisgarh,21.25,81.4,25878
Kāladi,Kerala,10.8194,76.0064,25872
Muhamma,Kerala,9.6089,76.3608,25861
Ponmundam,Kerala,10.9536,75.9468,25855
Mulamthuruthy,Kerala,9.9003,76.387,25852
Gokarna,Karnataka,14.55,74.3167,25851
Ganguwa,Haryana,29.1134,75.6958,25847
Koregaon,Maharashtra,18.6457,74.0591,25846
Kāndla,Gujarat,23.0333,70.2167,25845
Erannoli,Kerala,11.7691,75.5177,25818
Kārkala,Karnataka,13.2143,74.9923,25800
Dārwha,Maharashtra,20.3102,77.7726,25791
Chhota Udepur,Gujarat,22.304,74.0158,25787
Avanigadda,Andhra Pradesh,16.0215,80.9181,25761
Mussoorie,Uttarakhand,30.455,78.0707,25753
Kuttippuram,Kerala,10.8425,76.0308,25750
Jaleshwar,Odisha,21.8018,87.2225,25747
Jais,Uttar Pradesh,26.2649,81.5486,25726
Kallam,Maharashtra,18.5751,76.0219,25713
Pawāyan,Uttar Pradesh,28.0663,80.103,25708
Irugūr,Tamil Nadu,11.0178,77.0628,25691
Jevargi,Karnataka,17.0139,76.7732,25686
Mechcheri,Tamil Nadu,11.8341,77.9439,25676
Silao,Bihar,25.0836,85.428,25674
Silapathar,Assam,27.5944,94.724,25662
Khajuraho Group of Monuments,Madhya Pradesh,24.8481,79.9335,25662
Dākor,Gujarat,22.7527,73.1497,25658
Wadgaon,Maharashtra,16.8355,74.3134,25651
Deori Khās,Madhya Pradesh,23.3902,79.0163,25632
Jandiāla,Punjab,31.1593,75.6176,25631
Balakrishnapuram,Tamil Nadu,10.3591,78.0026,25627
Panayāttur Vadakkumbhāgam,Kerala,8.9546,76.6185,25607
Pāsighāt,Arunachal Pradesh,28.0663,95.3268,25581
Kheda,Gujarat,22.7522,72.6853,25575
Nagar,Rajasthan,27.424,77.0992,25572
Viswanatham,Tamil Nadu,9.4295,77.8003,25555
Kamalāpuram,Karnataka,15.3044,76.4765,25552
Poranki,Andhra Pradesh,16.4777,80.7076,25545
Parangipettai,Tamil Nadu,11.4912,79.7605,25541
Andipalayam,Tamil Nadu,11.0925,77.3123,25539
Adampur,Haryana,29.2803,75.4682,25531
Kakkanad,Kerala,10.0164,76.3417,25531
Indāpur,Maharashtra,18.1153,75.0288,25515
Talikkulam,Kerala,10.4404,76.0948,25507
Colonelganj,Uttar Pradesh,27.1343,81.6987,25503
Mehndāwal,Uttar Pradesh,26.9758,83.11,25495
Koelwār,Bihar,25.5806,84.7975,25494
Harūr,Tamil Nadu,12.0527,78.4802,25469
Bannūr,Karnataka,12.333,76.862,25455
Mūl,Maharashtra,20.0699,79.6783,25449
Kuttampuzha,Kerala,10.1503,76.7354,25436
Karuva,Kerala,8.95,76.5986,25432
Dorāha,Punjab,30.7995,76.0236,25424
Koothanallur,Tamil Nadu,10.7199,79.5157,25423
Khātegaon,Madhya Pradesh,22.5957,76.9133,25413
Nīlēshwar,Kerala,12.2595,75.1352,25405
Edaicode,Tamil Nadu,8.3825,77.1983,25378
Kadakkavoor,Kerala,8.6792,76.7671,25362
Haludbani,Jharkhand,22.7512,86.2099,25360
Chāndor,Maharashtra,20.3306,74.2447,25341
Sundarnagar,Himachal Pradesh,31.5352,76.905,25338
Karungappalli,Kerala,9.1042,76.537,25336
Amarpur,Bihar,25.0397,86.9025,25336
Gadkhol,Gujarat,21.6438,73.0121,25332
Banganapalle,Andhra Pradesh,15.3177,78.2267,25325
Anūpshahr,Uttar Pradesh,28.3575,78.2691,25306
Jalālābad,Uttar Pradesh,29.6185,77.4391,25302
Chitaguppa,Karnataka,17.6974,77.2152,25298
Bābra,Gujarat,21.8458,71.3054,25270
Shamsābād,Uttar Pradesh,27.5371,79.438,25266
Kithor,Uttar Pradesh,28.8668,77.9386,25262
Kallūr Vadakummuri,Kerala,10.2532,76.3281,25259
Machhlīshahr,Uttar Pradesh,25.6856,82.4111,25247
Bagha Purana,Punjab,30.6881,75.0984,25206
Bhānder,Madhya Pradesh,25.7358,78.7456,25204
Azhikkōd,Kerala,11.9198,75.3355,25195
Uttiramerūr,Tamil Nadu,12.6143,79.7575,25194
Dasūya,Punjab,31.8168,75.6531,25192
Gursarāi,Uttar Pradesh,25.6168,79.1805,25191
Pāonta Sāhib,Himachal Pradesh,30.4367,77.6246,25183
Tirorā,Maharashtra,21.4041,79.9262,25181
Rājgurunagar,Maharashtra,18.8667,73.9,25146
Pottaneri Nallakavundanpatti,Tamil Nadu,11.8039,77.8567,25133
Kamaruddinnagar,Delhi,28.677,77.0537,25126
Gauripur,Assam,26.0833,89.9612,25124
Rānia,Haryana,29.5245,74.8369,25123
Mugalivakkam,Tamil Nadu,13.0205,80.1653,25117
Thazhecode,Kerala,11.3226,75.9758,25116
Saiha,Mizoram,22.4918,92.9814,25110
Chinna Salem,Tamil Nadu,11.6342,78.8741,25106
Vayalār,Kerala,9.7116,76.3389,25094
Ahraura,Uttar Pradesh,25.0158,83.0329,25075
Rampachodavaram,Andhra Pradesh,17.4409,81.7756,25074
Māngrol,Rajasthan,25.3306,76.5097,25073
Shrīrangapattana,Karnataka,12.4226,76.6844,25061
Kharkhauda,Haryana,28.8787,76.9107,25051
Kantai,Bihar,26.2142,85.2975,25051
Kanigiri,Andhra Pradesh,15.4056,79.5069,25045
Chengannūr,Kerala,9.3158,76.6151,25043
Sohāgpur,Madhya Pradesh,22.7006,78.1952,25040
Chandauli,Uttar Pradesh,25.258,83.2682,25035
Velur,Tamil Nadu,11.1082,78.0011,25012
Paramathi Velur,Tamil Nadu,11.1916,77.9563,25012
Naubatpur,Bihar,25.4986,84.9608,25011
Sāndi,Uttar Pradesh,27.2887,79.9519,25008
Marayur,Kerala,10.2764,77.162,25000
Padam,Ladakh,33.4666,76.8849,25000
Shiraguppi,Maharashtra,16.6188,74.7091,25000
Kolasib,Mizoram,24.2239,92.6787,25000
Ābu,Rajasthan,24.5936,72.7176,24981
Sadulshahar,Rajasthan,29.9087,74.1757,24980
Borāwar,Rajasthan,27.0237,74.6758,24975
Marutharōd,Kerala,10.7751,76.6995,24963
Gajwel,Telangana,17.8482,78.6829,24961
Devarshola,Tamil Nadu,11.5437,76.4404,24954
Kunda,Uttar Pradesh,25.717,81.514,24948
Sakleshpur,Karnataka,12.9412,75.7847,24931
Perundurai,Tamil Nadu,11.2756,77.5879,24930
Mundargi,Karnataka,15.2068,75.8839,24919
Māchhīwāra,Punjab,30.9156,76.2002,24916
Nainpur,Madhya Pradesh,22.43,80.1056,24914
Tarāna,Madhya Pradesh,23.3338,76.0425,24908
Keirao Bitra,Manipur,24.711,93.9746,24900
Kānth,Uttar Pradesh,29.0594,78.6295,24883
Charkhāri,Uttar Pradesh,25.403,79.7488,24881
Kushtagi,Karnataka,15.7562,76.1911,24878
Churi,Jharkhand,23.6549,85.0128,24876
Vellalūr,Tamil Nadu,10.9775,77.026,24872
Srīperumbūdūr,Tamil Nadu,12.9676,79.942,24864
Muthutala,Kerala,10.8354,76.1596,24861
Mahwa,Rajasthan,27.0459,76.9315,24846
Kandahār,Maharashtra,18.8731,77.1923,24843
Avilala,Andhra Pradesh,13.6111,79.4208,24839
Fālna,Rajasthan,25.2674,73.2393,24839
Ghoti Budrukh,Maharashtra,19.7164,73.6282,24838
Safīpur,Uttar Pradesh,26.7378,80.3435,24801
Brāhmana Periya Agrahāram,Tamil Nadu,11.369,77.7063,24798
Thirunavaya,Kerala,10.8746,75.9855,24790
Anklesvar INA,Gujarat,21.6168,73.0276,24789
Kalamnūri,Maharashtra,19.6739,77.3115,24784
Kabrāi,Uttar Pradesh,25.4028,79.9997,24771
Ilaiyankudi,Tamil Nadu,9.6251,78.6243,24767
Talwāra,Punjab,31.9376,75.8866,24752
Fīrozpur Jhirka,Haryana,27.7885,76.945,24750
Tijāra,Rajasthan,27.9341,76.8554,24747
Pūnāhāna,Haryana,27.8637,77.2043,24734
Tattānkuttai,Tamil Nadu,11.4352,77.7237,24708
Koregaon,Maharashtra,17.6992,74.1625,24690
Phillaur,Punjab,31.0189,75.7911,24688
Pākāla,Andhra Pradesh,13.449,79.1149,24680
Hinjilicut,Odisha,19.4817,84.7449,24671
Damua,Madhya Pradesh,22.1929,78.467,24663
Ezhudesam,Tamil Nadu,8.2651,77.1421,24657
Andol,Telangana,17.8146,78.0771,24645
Shāmgarh,Madhya Pradesh,24.1882,75.639,24637
Ratanpur,Chhattisgarh,22.2866,82.1682,24636
Kodarma,Jharkhand,24.4675,85.594,24633
Keshorai Pātan,Rajasthan,25.2928,75.9395,24627
Navalgund,Karnataka,15.5588,75.353,24613
Bholav,Gujarat,21.7197,73.011,24605
Williamnagar,Meghalaya,25.4955,90.6168,24597
Bijbehara,Jammu and Kashmir,33.7938,75.107,24590
Gorantla,Andhra Pradesh,13.9841,77.7722,24586
Dātāganj,Uttar Pradesh,28.0253,79.4082,24562
Tiruppuvanam,Tamil Nadu,9.8256,78.2579,24554
Beohāri,Madhya Pradesh,24.0242,81.3783,24545
Pantheeramkavu,Kerala,11.2305,75.8518,24537
Chharra,Uttar Pradesh,27.9247,78.401,24535
Hudkeshwar Buzurg,Maharashtra,21.0824,79.1274,24499
Pindwāra,Rajasthan,24.7975,73.055,24487
Singāpur,Telangana,17.4698,78.1257,24457
Sahaspur,Uttar Pradesh,29.1212,78.6227,24452
Ugrākheri,Haryana,29.378,77.0093,24440
Kānt,Uttar Pradesh,27.8105,79.7918,24430
Bhokardan,Maharashtra,20.2583,75.77,24416
Maheshwar,Madhya Pradesh,22.1759,75.5871,24411
Thiruthuraipoondi,Tamil Nadu,10.5282,79.6327,24404
Meenambakkam,Tamil Nadu,12.9846,80.1747,24334
Chiknāyakanhalli,Karnataka,13.4161,76.6206,24292
Mahārājgani,Bihar,26.1102,84.5036,24282
Ayanavelikulangara Vadakku,Kerala,9.043,76.523,24268
Kaithoon,Rajasthan,25.1241,75.9722,24260
Denkanikota,Tamil Nadu,12.5301,77.7889,24252
Chekkiād,Kerala,11.7173,75.6419,24246
Mayāng Imphāl,Manipur,24.61,93.8887,24239
Haliyal,Karnataka,15.3286,74.7564,24238
Vilankurichi,Tamil Nadu,11.0715,77.0173,24235
Rajākheri,Madhya Pradesh,23.8593,78.7852,24232
Sitārganj,Uttarakhand,28.9293,79.7044,24225
Nāndgaon,Maharashtra,20.3068,74.655,24209
Siuliban,Jharkhand,23.7486,86.7848,24202
Dharampur,Gujarat,20.5369,73.1737,24178
Sikandarpur,Uttar Pradesh,26.0433,84.053,24177
Muhammadābād,Uttar Pradesh,26.034,83.3811,24146
Srīsailain,Andhra Pradesh,16.0722,78.8682,24142
Barki Saria,Jharkhand,24.1759,85.8894,24134
Loha,Maharashtra,18.9448,77.1155,24125
Mhaswad,Maharashtra,17.6336,74.7877,24120
Alot,Madhya Pradesh,23.7634,75.5566,24115
Suryaraopeta,Andhra Pradesh,16.9996,82.2232,24112
Aluva,Kerala,10.1076,76.3516,24108
Hastināpur,Uttar Pradesh,29.1604,78.0076,24093
Chettipālaiyam,Tamil Nadu,10.9125,77.037,24080
Sōmēshvara,Karnataka,12.8035,74.8647,24066
Pacode,Tamil Nadu,8.3352,77.2136,24050
Pāppākurichchi,Tamil Nadu,10.8137,78.7481,24023
Morinda,Punjab,30.7901,76.4988,24022
Diu,Dadra and Nagar Haveli and Daman and Diu,20.714,70.9822,23991
Nabīnagar,Bihar,24.6068,84.1262,23984
Dīnānagar,Punjab,32.1366,75.4729,23976
Māyābandar,Andaman and Nicobar,12.9095,92.9035,23912
Kaikalapettai,Tamil Nadu,13.0219,80.1206,23910
Bāzpur,Uttarakhand,29.153,79.1081,23900
Karumāndi Chellipālaiyam,Tamil Nadu,11.3019,77.586,23868
Dalsingh Sarai,Bihar,25.668,85.8364,23862
Makronia,Madhya Pradesh,23.8477,78.799,23861
Sāvantvādi,Maharashtra,15.9041,73.8219,23851
Longowal,Punjab,30.1985,75.6819,23851
Vīrakeralam,Tamil Nadu,11.0077,76.9126,23841
Pādiyanallūr,Tamil Nadu,13.2004,80.1761,23819
Reoti,Uttar Pradesh,25.8509,84.3778,23819
Nāsriganj,Bihar,25.0514,84.3284,23819
Fatehganj West,Uttar Pradesh,28.4662,79.3066,23810
Sadalgi,Karnataka,16.5587,74.5321,23790
Nasrullāhganj,Madhya Pradesh,22.6837,77.2707,23788
Sarjamda,Jharkhand,22.7476,86.2257,23788
Narakal,Kerala,10.0383,76.2221,23760
Lalgudi,Tamil Nadu,10.8742,78.8194,23740
Ulundurpet,Tamil Nadu,11.691,79.2873,23734
Lālganj,Uttar Pradesh,25.9318,81.7048,23728
Malakpur Kohi Rangpur,Delhi,28.5403,77.1208,23726
Nivāri,Madhya Pradesh,25.3491,78.7997,23724
Vypīn,Kerala,9.9667,76.25,23717
Muluppilagadu,Kerala,11.7979,75.4511,23709
Alwaye,Kerala,10.1065,76.3548,23703
Tisaiyanvilai,Tamil Nadu,8.337,77.8678,23702
Srīkandamangalam,Kerala,9.6594,76.3634,23681
Kutiatodu,Kerala,9.8,76.3333,23669
Pipri,Maharashtra,20.7861,78.5936,23661
Natham,Tamil Nadu,10.2278,78.2297,23660
Unnamalaikadai,Tamil Nadu,8.2996,77.2406,23656
Penugonda,Andhra Pradesh,16.6536,81.7455,23654
Balod,Chhattisgarh,20.7308,81.2058,23648
Mariāni,Assam,26.6572,94.3153,23640
Qadian,Punjab,31.822,75.3766,23632
Painkulam,Tamil Nadu,8.2602,77.174,23630
Prāntij,Gujarat,23.4361,72.8448,23596
Kulgam,Jammu and Kashmir,33.6446,75.0192,23584
Chinnūr,Telangana,18.8578,79.7956,23579
Katheru,Andhra Pradesh,17.038,81.776,23572
Mairwa,Bihar,26.2322,84.1635,23565
Todaraisingh,Rajasthan,26.024,75.4818,23559
Pokaran,Rajasthan,26.9201,71.9163,23554
Kūmher,Rajasthan,27.3166,77.3708,23540
Sreekaryam,Kerala,8.5488,76.9172,23528
Pānchla,West Bengal,22.5367,88.1378,23526
Mudkhed,Maharashtra,19.1566,77.503,23517
Shivpur Charcha,Chhattisgarh,23.3289,82.5281,23514
Jhīnjhak,Uttar Pradesh,26.5609,79.7342,23499
Pethāpur,Gujarat,23.2631,72.6739,23497
Malpe,Karnataka,13.3496,74.7039,23496
Birūr,Karnataka,13.5972,75.9717,23493
Māndal,Rajasthan,25.4413,74.5698,23478
Shīshgarh,Uttar Pradesh,28.7293,79.3147,23471
Kuchera,Rajasthan,26.9875,73.9711,23468
Pattiyūrgrāmam,Kerala,9.1774,76.5012,23460
Sevilimedu,Tamil Nadu,12.8083,79.6864,23454
Pawni,Maharashtra,20.7923,79.6364,23450
Mānesar,Haryana,28.3531,76.9404,23448
Chhātāpur,Bihar,26.2196,87.0048,23425
Tūnēri,Kerala,11.697,75.6349,23421
Urmar,Punjab,31.6814,75.6355,23419
Lonar,Maharashtra,19.9853,76.5205,23416
Pugalūr,Tamil Nadu,11.074,78.021,23408
Rāmtek,Maharashtra,21.3956,79.3273,23404
Monoharpur,West Bengal,22.1083,88.0789,23362
Injambakkam,Tamil Nadu,12.9162,80.2488,23346
Mandāwa,Rajasthan,28.0554,75.1483,23335
Mahārājpur,Madhya Pradesh,25.0194,79.7319,23328
Soygaon,Maharashtra,20.5961,75.6176,23320
Kalānaur,Haryana,28.8282,76.3955,23319
Chitrakoot Dham,Uttar Pradesh,25.2147,80.9164,23316
Ron,Karnataka,15.6994,75.7341,23311
Vengattūr,Tamil Nadu,13.0999,79.9321,23292
Nāyanakulam,Tamil Nadu,9.9612,78.1372,23284
Bewar,Uttar Pradesh,27.2187,79.2976,23280
Marampilly,Kerala,10.1138,76.4418,23272
Od,Gujarat,22.621,73.1172,23250
Tapa,Punjab,30.2979,75.3694,23248
Vaikam,Kerala,9.7486,76.3964,23234
Kērkandi,Tamil Nadu,11.3678,76.7458,23229
Colachel,Tamil Nadu,8.1794,77.2582,23227
Bissāu,Rajasthan,28.2474,75.0767,23227
Sāhibganj,Bihar,26.3083,84.927,23224
Karmāla,Maharashtra,18.4077,75.1939,23199
Tharangambadi,Tamil Nadu,11.0276,79.8542,23191
Hinakallu,Karnataka,12.3304,76.6021,23162
Thiruvankulam,Kerala,9.9468,76.3666,23160
Tiruverumbūr,Tamil Nadu,10.7937,78.769,23156
Kudachi,Karnataka,16.6278,74.8541,23154
Seondha,Madhya Pradesh,26.1542,78.7812,23140
Kurduvādi,Maharashtra,18.0934,75.4157,23131
Mattigiri,Tamil Nadu,12.698,77.8083,23129
Lalganj,Uttar Pradesh,25.799,82.9977,23124
Polasara,Odisha,19.6939,84.814,23119
Iroopara,Kerala,8.6075,76.9149,23113
Narasingapuram,Tamil Nadu,11.6038,78.5778,23084
Nakūr,Uttar Pradesh,29.9196,77.3044,23084
Palwal Rural,Haryana,28.1456,77.3513,23072
Pallikonda,Tamil Nadu,12.9052,78.9427,23067
Asifābād,Telangana,19.3585,79.2842,23059
Pīpri,Maharashtra,19.7937,75.5352,23047
Indargarh,Madhya Pradesh,25.9109,78.5619,23045
Sivagiri,Tamil Nadu,9.3446,77.4291,23040
Vadakkanandal,Tamil Nadu,11.7817,78.8354,23034
Ancharakandy,Kerala,11.8841,75.485,23030
Trikarpūr South,Kerala,12.1165,75.1852,22991
Hukeri,Karnataka,16.2308,74.6024,22988
Todabhim,Rajasthan,26.9167,76.8167,22977
Pehlādpur Bāngar,Delhi,28.7506,77.081,22968
Dooru Verinag,Jammu and Kashmir,33.5594,75.2322,22968
Tiruchanur,Andhra Pradesh,13.6073,79.4486,22963
Kanhān,Maharashtra,21.229,79.2398,22945
Gopavaram,Andhra Pradesh,14.7841,78.5729,22936
Vattalkundu,Tamil Nadu,10.1607,77.7588,22928
Dhamanagar,Odisha,20.9167,86.45,22920
Saidpur,Uttar Pradesh,25.5375,83.2238,22904
Tittagudi,Tamil Nadu,11.4072,79.1222,22894
Phulpur,Uttar Pradesh,25.549,82.0895,22886
Kunnatnād,Kerala,10.0429,76.4241,22881
Jharoda Mazra Burāri,Delhi,28.7301,77.2091,22878
Karanjiā,Odisha,21.7626,85.9732,22865
Sāngaria,Rajasthan,26.1887,73.0265,22853
Balarāmpur,West Bengal,23.0971,86.2229,22847
Aramboli,Tamil Nadu,8.2496,77.5216,22846
Ubaidullāhganj,Madhya Pradesh,22.9983,77.5862,22845
Chitarpur,Jharkhand,23.5728,85.6536,22837
Naraingarh,Haryana,30.478,77.128,22832
Sāmbhar,Rajasthan,26.9081,75.1914,22828
Vellūr,Kerala,8.6262,76.8305,22816
Fatehnagar,Rajasthan,24.8149,74.095,22812
Raghunathpur,West Bengal,23.5388,86.6735,22802
Pariyāpuram,Kerala,11.0167,75.8667,22766
Kasrāwad,Madhya Pradesh,22.1274,75.611,22750
Lāthi,Gujarat,21.7231,71.3884,22745
Dugda,Jharkhand,23.7452,86.1718,22740
Khirkiya,Madhya Pradesh,22.1673,76.8614,22737
Mudgal,Karnataka,16.0119,76.442,22731
Curchorem,Goa,15.2635,74.1088,22730
Chorwād,Gujarat,21.0295,70.233,22720
Madhira,Telangana,16.9233,80.3631,22716
Kādiganpalli,Tamil Nadu,12.5232,78.2086,22714
Akaltara,Chhattisgarh,22.0246,82.4264,22712
Etmadpur,Uttar Pradesh,27.2354,78.1983,22697
Katghora,Chhattisgarh,22.5025,82.5428,22690
Lohāra,Maharashtra,20.3898,78.0903,22664
Ponda,Goa,15.4034,74.0152,22664
Cumbum,Andhra Pradesh,15.5817,79.1106,22653
Mātābhānga,West Bengal,26.342,89.2155,22642
Jaitāran,Rajasthan,26.2045,73.9368,22621
Tāoru,Haryana,28.2117,76.9498,22599
Lehragaga,Punjab,29.9426,75.8014,22588
Jāmai,Madhya Pradesh,22.1964,78.5919,22587
Sholavandan,Tamil Nadu,10.0216,77.9609,22578
Nāgod,Madhya Pradesh,24.5692,80.5881,22568
Khairāgarh,Chhattisgarh,21.4186,80.9794,22564
Kurikuppi,Karnataka,15.2176,76.6487,22560
Ariyallur,Kerala,11.0833,75.849,22558
Pukhrāyān,Uttar Pradesh,26.2238,79.8374,22555
Rāman,Punjab,29.9504,74.9785,22553
Sirsi,Uttar Pradesh,28.6392,78.643,22549
Bankāpur,Karnataka,14.923,75.2622,22529
Godoli,Maharashtra,17.6718,74.0129,22517
Baswa,Rajasthan,27.1496,76.5834,22515
Rājmahal,Jharkhand,25.053,87.8305,22514
Nambol,Manipur,24.6956,93.8197,22512
Tulsīpur,Uttar Pradesh,27.5337,82.4165,22486
Bikram,Bihar,25.4471,84.8626,22486
Belūr,Karnataka,13.1656,75.8652,22484
Sānehwāl,Punjab,30.8413,75.9855,22484
Sisauli,Haryana,30.143,77.2596,22479
Kanniyākumāri,Tamil Nadu,8.0901,77.5384,22453
Senapparetti,Tamil Nadu,10.9625,78.1132,22447
Naraura,Uttar Pradesh,28.2015,78.3872,22432
Kailāshahar,Tripura,24.332,92.0039,22405
Triparappu,Tamil Nadu,8.3948,77.2659,22401
Deogarh,Odisha,21.5383,84.7334,22390
Rātu,Jharkhand,23.4204,85.2146,22379
Puthencruz,Kerala,9.9773,76.4105,22378
Kurandvād,Maharashtra,16.6832,74.5889,22372
Timurni,Madhya Pradesh,22.3712,77.2274,22359
Pachgaon,Maharashtra,16.6602,74.2274,22353
Rahata,Maharashtra,19.7166,74.4811,22335
Pāli,Madhya Pradesh,23.3645,81.0437,22324
Bhawānīgarh,Punjab,30.2668,76.0385,22320
Suket,Rajasthan,24.6461,76.0417,22319
Panniyannūr,Kerala,11.7486,75.5756,22308
Ādanāttutekkumuri Kizhakku,Kerala,9.0791,76.5137,22250
Ankola,Karnataka,14.6605,74.3047,22249
Mariāhu,Uttar Pradesh,25.604,82.6038,22248
Kilapavoor,Tamil Nadu,8.9086,77.4311,22231
Rāmavarappādu,Andhra Pradesh,16.5209,80.6808,22222
Purwā,Uttar Pradesh,26.4576,80.774,22220
Attimarappatti,Tamil Nadu,8.7399,78.1053,22218
Dasnapur,Telangana,19.654,78.5121,22216
Badāmibāgh,Jammu and Kashmir,34.0738,74.8528,22214
Lingiādīh,Chhattisgarh,22.0775,82.176,22209
Sahāwar,Uttar Pradesh,27.796,78.8337,22201
Bhuban,Odisha,20.882,85.8333,22200
Nilakottai,Tamil Nadu,10.165,77.8502,22197
Sidhaulī,Uttar Pradesh,27.282,80.8345,22193
Palavansathu,Tamil Nadu,12.8931,79.1344,22176
Adra,West Bengal,23.4967,86.6836,22159
Muhammadābād,Uttar Pradesh,27.309,79.4325,22151
Sarapāka,Telangana,17.6913,80.87,22149
Bhānvad,Gujarat,21.9305,69.7808,22142
Someshwar,Karnataka,13.4911,75.0665,22137
Nārāinpur,Chhattisgarh,19.7179,81.2444,22106
Nāmagiripettai,Tamil Nadu,11.4551,78.2682,22098
Nāwa,Rajasthan,27.0195,75.0023,22088
Peravurani,Tamil Nadu,10.2904,79.2016,22084
Kathhāra,Jharkhand,23.7638,85.8847,22080
Kathlāl,Gujarat,22.8982,72.9928,22071
Siwāna,Rajasthan,25.6515,72.4224,22067
Deoli,Rajasthan,25.7573,75.3799,22065
Kizhuparamba,Kerala,11.2526,76.0244,22062
Palai,Kerala,9.7131,76.6833,22056
Chhanerā,Madhya Pradesh,21.961,76.6949,22052
Marakkanam,Tamil Nadu,12.1921,79.9419,22034
Chhatrapur,Odisha,19.3557,84.9836,22027
Bhinga,Uttar Pradesh,27.7028,81.9343,22016
Lauri,Madhya Pradesh,25.1396,80.0011,22002
Nalambūr,Tamil Nadu,13.0867,80.1703,21973
Kuppam,Andhra Pradesh,12.7493,78.3419,21963
Fatehābād,Uttar Pradesh,27.0264,78.3027,21957
Kīl Bhuvanagiri,Tamil Nadu,11.4422,79.6476,21956
Saktī,Chhattisgarh,22.0266,82.9609,21955
Karuvanthuruthy,Kerala,11.1721,75.8226,21952
Kollivāyal,Tamil Nadu,11.4998,76.4815,21943
Sancoale,Goa,15.3779,73.9035,21923
Polichalur,Tamil Nadu,12.9891,80.1418,21906
Bhābhar,Gujarat,24.0717,71.5974,21894
Nowrozabad,Madhya Pradesh,23.3522,80.9806,21883
Laungowāl,Punjab,30.1939,75.6809,21880
Ghulewadi,Maharashtra,19.6031,74.1936,21860
Chāchaura,Madhya Pradesh,24.1758,76.9996,21860
Chandrakona,West Bengal,22.7333,87.5167,21855
Sangod,Rajasthan,24.9271,76.2865,21846
Kherālu,Gujarat,23.8853,72.6187,21843
Farakka,West Bengal,24.8167,87.9,21834
Mulavukad,Kerala,10.0136,76.2631,21833
Mangalvedha,Maharashtra,17.5105,75.4471,21824
Māniyūr,Kerala,11.5522,75.6503,21820
Kantābānji,Odisha,20.4671,82.9204,21819
Chalthan,Gujarat,21.1542,72.9614,21795
Jainagar,Bihar,26.5905,86.1379,21782
Kopawor,Jammu and Kashmir,34.5286,74.264,21771
Sakri,Maharashtra,20.991,74.3148,21764
Dattāpur,Maharashtra,20.7808,78.1407,21763
Umarsera,Maharashtra,20.3714,78.1234,21752
Napāsar,Rajasthan,27.9606,73.5591,21750
Shendurjana,Maharashtra,21.5249,78.2835,21748
Pātūr,Maharashtra,20.4609,76.9373,21747
Digboi,Assam,27.3932,95.6184,21736
Jirapur,Madhya Pradesh,24.0214,76.3764,21724
Kalleribhāgam,Kerala,9.054,76.558,21723
Muthupet,Tamil Nadu,10.395,79.4935,21722
Dum Duma,Assam,27.5688,95.5566,21706
Pāmpur,Jammu and Kashmir,34.0152,74.919,21680
Munderi,Kerala,11.9303,75.4455,21676
Sūrajgarh,Rajasthan,28.31,75.7327,21666
Kadayal,Tamil Nadu,8.4083,77.2658,21665
Kundli,Haryana,28.8691,77.1206,21633
Bālāchor,Punjab,31.0606,76.3017,21631
Pushkar,Rajasthan,26.4902,74.5521,21626
Doda,Jammu and Kashmir,33.1492,75.5475,21605
Karanpur,Rajasthan,29.8404,73.4552,21604
Samthar,Uttar Pradesh,25.8435,78.9068,21582
Banat,Uttar Pradesh,29.4636,77.3548,21580
Dhekiajuli,Assam,26.7037,92.4781,21579
Māndalgarh,Rajasthan,25.1941,75.0721,21569
Barāra,Haryana,30.2146,77.0402,21545
Tammampatti,Tamil Nadu,11.4413,78.4887,21503
Murādābād Pahāri,Delhi,28.5646,77.1513,21502
Chamba,Himachal Pradesh,32.5553,76.1265,21502
Mahādula,Maharashtra,21.2526,79.0811,21481
Bānsdīh,Uttar Pradesh,25.8838,84.2183,21457
Srisailam Project RFC Township,Andhra Pradesh,16.0733,78.8741,21452
Bacheli,Chhattisgarh,18.6843,81.2686,21435
Āsika,Odisha,19.6111,84.66,21428
Guruvāyūr,Kerala,10.5943,76.0411,21416
Lālru,Punjab,30.4917,76.7987,21394
Virugambakkam,Tamil Nadu,13.0463,80.1913,21376
Chotila,Gujarat,22.4235,71.1964,21364
Vāsudevanallūr,Tamil Nadu,9.2417,77.4118,21361
Kuju,Jharkhand,23.7254,85.5102,21356
Padmanābhapuram,Tamil Nadu,8.2446,77.3258,21342
Mandāwar,Uttar Pradesh,29.4866,78.1273,21339
Paippad,Kerala,9.4246,76.5848,21338
Kondasamudram,Tamil Nadu,12.9455,78.8788,21335
Mahgawān,Madhya Pradesh,26.4947,78.6159,21335
Bedi,Gujarat,22.5014,70.0436,21327
Tekāri,Bihar,24.9425,84.8427,21324
Dindori,Madhya Pradesh,22.9414,81.0798,21323
Channagiri,Karnataka,14.024,75.9258,21313
Kuzhithurai,Tamil Nadu,8.3179,77.1919,21307
Kodamthuruth,Kerala,9.8006,76.3015,21295
Ghātanji,Maharashtra,20.1418,78.3133,21293
Naduvattam,Kerala,10.8799,76.002,21273
Chhāta,Uttar Pradesh,27.7237,77.5081,21260
Sanaur,Punjab,30.3018,76.4579,21201
Reethapuram,Tamil Nadu,8.1843,77.2481,21177
Kottappally,Kerala,11.6127,75.6614,21169
Serchhīp,Mizoram,23.2931,92.8468,21158
Pudupattanam,Tamil Nadu,12.5086,80.1498,21151
Telhāra,Maharashtra,21.0269,76.8389,21146
Narkher,Maharashtra,21.4723,78.5342,21127
Ajnāla,Punjab,31.8447,74.763,21107
Anthiyur,Tamil Nadu,11.5751,77.5904,21086
Bisālgarh,Tripura,23.676,91.2832,21085
Dhulagari,West Bengal,22.5821,88.171,21080
Talala,Gujarat,21.0547,70.529,21060
Būndu,Jharkhand,23.161,85.5901,21054
Teliamura,Tripura,23.8417,91.6303,21032
Devgadh Bāriya,Gujarat,22.7052,73.9088,21030
Patharia,Madhya Pradesh,23.8992,79.1939,21026
Patnāgarh,Odisha,20.7083,83.1326,21024
Kiraoli,Uttar Pradesh,27.1377,77.7852,21024
Bhānpura,Madhya Pradesh,24.513,75.7469,21013
Perinjanam,Kerala,10.3133,76.1485,21012
Anklav,Gujarat,22.3774,73.0007,21003
Abrama,Gujarat,20.8586,72.9065,21000
Bagulā,West Bengal,23.3366,88.6411,20999
Gunnaur,Uttar Pradesh,28.24,78.4399,20980
Pālakkodu,Tamil Nadu,12.307,78.0702,20959
Sindi,Maharashtra,20.7424,78.5871,20956
Chelora,Kerala,11.8949,75.4396,20952
Rajpur,Madhya Pradesh,21.9402,75.1361,20947
Nāravārikuppam,Tamil Nadu,13.1913,80.1847,20946
Marthandam,Tamil Nadu,8.3081,77.2214,20938
Vinnamāla,Andhra Pradesh,13.9074,79.9086,20924
Sarauli,Uttar Pradesh,28.494,79.0918,20923
Adampur,Punjab,31.4322,75.7148,20922
Badnāwar,Madhya Pradesh,23.0218,75.2327,20917
Banga,Punjab,31.1887,75.995,20906
Heli Mandi,Haryana,28.3449,76.7569,20906
Chincholi,Karnataka,17.4651,77.4187,20897
Hungund,Karnataka,16.0621,76.0586,20877
Thaikkattussery,Kerala,9.7715,76.3438,20874
Bangawan,Madhya Pradesh,23.1926,82.1272,20873
Kapasan,Rajasthan,24.8894,74.3167,20869
Sālamedu,Tamil Nadu,11.9088,79.4919,20854
Barpāli,Odisha,21.19,83.5872,20850
Gormi,Madhya Pradesh,26.6003,78.5119,20841
Begūn,Rajasthan,24.9833,75.0,20836
Lawngtlai,Mizoram,22.5325,92.899,20830
Nandri,Rajasthan,26.3116,73.1009,20827
Dhing,Assam,26.4679,92.4734,20826
Vadakarai Kīl Pidāgai,Tamil Nadu,9.0401,77.2741,20821
Clement Town,Uttarakhand,30.2636,78.0086,20806
Sonepur,Odisha,20.8333,83.9167,20770
Kaikalūr,Andhra Pradesh,16.5515,81.214,20763
Akhnūr,Jammu and Kashmir,32.8955,74.7349,20756
Alībāg,Maharashtra,18.6481,72.8758,20752
Kāpren,Rajasthan,25.4053,76.0743,20748
Muthukulam,Kerala,9.2168,76.4592,20740
Bhadauni,Bihar,24.8754,85.5337,20739
Alīpur,Delhi,28.7986,77.1331,20736
Achampet,Telangana,16.3982,78.6376,20721
Ghorabandha,Jharkhand,22.7724,86.2711,20718
Koduvayur,Kerala,10.6867,76.6588,20703
Sāmalāpuram,Tamil Nadu,11.0724,77.198,20691
Chākia,Bihar,26.416,85.0466,20686
Jining,Arunachal Pradesh,28.2163,94.8539,20684
Bhanjanagar,Odisha,19.9272,84.582,20647
Vadāli,Gujarat,23.9423,73.0378,20646
koppana Agrahara,Karnataka,12.8551,77.6671,20622
Madattukkulam,Tamil Nadu,10.5587,77.366,20620
Gurmatkāl,Karnataka,16.8677,77.3909,20614
Dhāriwāl,Punjab,31.9562,75.3239,20604
Patuvilāyi,Kerala,11.8656,75.5233,20598
Talwandi Sābo,Punjab,29.9838,75.082,20589
Dayal Pur,Delhi,28.7175,77.2651,20589
Jahāzpur,Rajasthan,25.6199,75.2761,20586
Sāvda,Maharashtra,21.1505,75.8894,20584
Vadakakarai,Kerala,10.1664,76.2018,20571
Viratnagar,Rajasthan,27.4354,76.183,20568
Belsand,Bihar,26.4436,85.4008,20566
Sāmpla,Haryana,28.7772,76.7716,20563
Vasind,Maharashtra,19.4084,73.2628,20561
Kishtwār,Jammu and Kashmir,33.3135,75.7673,20553
Achhnera,Uttar Pradesh,27.1783,77.7567,20532
Attibele,Karnataka,12.7781,77.7726,20532
Bhikkiwind Uttār,Punjab,31.3494,74.7027,20526
Chillupār,Uttar Pradesh,26.2822,83.5064,20518
Tilpat,Haryana,28.4651,77.3328,20514
Bijāwar,Madhya Pradesh,24.6235,79.4899,20513
Nellimarla,Andhra Pradesh,18.1562,83.4473,20498
Maham,Haryana,28.9691,76.295,20484
Maniar,Uttar Pradesh,25.9855,84.1723,20462
Yellāpur,Karnataka,14.9637,74.7093,20452
Nangli,Punjab,31.6863,74.8875,20440
Keevallur,Kerala,11.897,75.531,20440
Nīmāj,Rajasthan,26.15,74.0009,20424
Baud,Odisha,20.8377,84.3262,20424
Korochi,Maharashtra,16.7192,74.4451,20420
Tufānganj,West Bengal,26.3169,89.6655,20420
Pataudi,Haryana,28.3255,76.7786,20418
Dhārūr,Maharashtra,18.8202,76.1094,20417
Pariyāram,Kerala,12.0588,75.3248,20405
French Rocks,Karnataka,12.5009,76.6742,20399
Ahīwāra,Chhattisgarh,21.358,81.4179,20384
Bāda,Rajasthan,26.0648,75.0216,20372
Sarwar,Rajasthan,26.2425,75.1288,20372
Edavilangu,Kerala,10.2403,76.171,20363
Jhālu,Uttar Pradesh,29.3361,78.2261,20356
Killannur,Kerala,10.5992,76.218,20339
Mundra,Gujarat,22.8392,69.7219,20338
Byndoor,Karnataka,13.8667,74.6333,20323
Chāpar,Assam,26.2727,90.4456,20322
Kondalampatti,Tamil Nadu,11.6345,78.1237,20318
Bawāni Khera,Haryana,28.9492,76.0311,20289
Basi,Punjab,30.6885,76.4011,20288
Ālampālaiyam,Tamil Nadu,11.3635,77.7677,20286
Umbri,Maharashtra,20.7137,77.0264,20262
Wellington,Tamil Nadu,11.3655,76.7844,20254
Hārij,Gujarat,23.6936,71.907,20253
Raipur Domana,Jammu and Kashmir,32.7984,74.7826,20238
Settūr,Tamil Nadu,9.4056,77.4784,20228
Penukonda,Andhra Pradesh,14.0829,77.5947,20220
Waluj Buzurg,Maharashtra,19.7963,75.2265,20220
Kotivakkam,Tamil Nadu,12.9702,80.2577,20217
Srīnagar,Uttarakhand,30.2224,78.7834,20216
Kataiya,Bihar,26.5681,84.0833,20193
Surajpur,Chhattisgarh,23.2135,82.8684,20189
Nirmāli,Bihar,26.314,86.5854,20189
Puliyankannu,Tamil Nadu,12.9392,79.3079,20171
Morwa,Gujarat,22.9047,73.8391,20168
Pāttyam,Kerala,11.793,75.5641,20161
Kaimori,Madhya Pradesh,23.3846,79.7442,20154
Mau,Madhya Pradesh,26.2658,78.6711,20147
Pudussery West,Kerala,10.788,76.7279,20140
Mau Aimma,Uttar Pradesh,25.6952,81.9234,20123
Chinnavādampatti,Tamil Nadu,11.0615,76.9838,20122
Fālākāta,West Bengal,26.5196,89.2042,20119
Sūleswaranpatti,Tamil Nadu,10.6388,77.0084,20104
Dhaurahra,Uttar Pradesh,27.9981,81.0898,20098
Khairāgarh,Uttar Pradesh,26.9435,77.8182,20095
Maksi,Madhya Pradesh,23.26,76.1457,20094
Annur,Tamil Nadu,11.2362,77.1051,20079
Pulwama,Jammu and Kashmir,33.874,74.8996,20071
Sirumugai,Tamil Nadu,11.3214,77.0052,20066
Singānuram,Telangana,18.8222,79.5017,20061
Dergaon,Assam,26.7,93.9667,20059
Cheppad,Kerala,9.2346,76.4733,20052
Khowai,Tripura,24.0796,91.5997,20046
Govardhan,Uttar Pradesh,27.4966,77.4626,20044
Saraipali,Chhattisgarh,21.3153,83.0063,20043
Paravai,Tamil Nadu,9.9645,78.0667,20042
Khalāri,Jharkhand,23.6506,85.0074,20010
Rāya,Uttar Pradesh,27.5561,77.7897,20008
Powai,Maharashtra,19.1164,72.9047,20000
Sawar,Rajasthan,25.7557,75.2229,20000
Pāmūru,Andhra Pradesh,15.0963,79.4117,20000
Belonia,Tripura,23.2518,91.4541,19996
Takhatpur,Chhattisgarh,22.1292,81.8696,19968
Sullya,Karnataka,12.561,75.3874,19958
Bhusawar,Rajasthan,27.039,77.0485,19946
Chunchupally,Telangana,17.5233,80.604,19944
Charthāwal,Uttar Pradesh,29.5469,77.5944,19942
Siswā Bāzār,Uttar Pradesh,27.1465,83.758,19939
Bīrpur,Bihar,26.5082,87.0119,19932
Kandalloor,Kerala,9.1756,76.4713,19925
Dhanaula,Punjab,30.2822,75.5734,19920
L.A.Sagaram,Andhra Pradesh,13.9034,79.8906,19904
Sarigam INA,Gujarat,20.2884,72.8503,19903
Kanjiramkulam,Kerala,8.3598,77.0525,19902
Anūppur,Madhya Pradesh,23.1034,81.6908,19899
Moirāng,Manipur,24.4975,93.7779,19893
Nattappettai,Tamil Nadu,12.8187,79.7492,19883
Bāli,Rajasthan,25.1972,73.2912,19880
Bokajān,Assam,26.0213,93.7794,19877
Rānikhet,Uttarakhand,29.6408,79.4323,19873
Sirka,Jharkhand,23.6456,85.4333,19871
Boriavi,Gujarat,22.6112,72.9328,19865
Aurād,Karnataka,18.254,77.4176,19849
Sankaraperi,Tamil Nadu,8.8387,78.1051,19844
Kulu,Himachal Pradesh,31.9584,77.1082,19831
Kalinjur,Tamil Nadu,12.9534,79.1337,19828
Chetput,Tamil Nadu,12.464,79.3484,19827
Kolavallúr,Kerala,11.7507,75.6199,19817
Sonāri,Assam,27.0246,95.0163,19810
Deoraniān,Uttar Pradesh,28.6299,79.4765,19788
Kolāras,Madhya Pradesh,25.2193,77.6117,19781
Chinna Āndānkovil,Tamil Nadu,10.9511,78.0681,19779
Raval,Gujarat,21.9191,69.4818,19777
Chāndūr,Maharashtra,20.8141,77.9802,19776
Kannānkurichchi,Tamil Nadu,11.6969,78.1794,19765
Kattanam,Kerala,9.1761,76.5632,19764
Ghatkesar,Telangana,17.4508,78.6837,19763
Borgaon,Maharashtra,20.7227,78.6039,19759
Sendamangalam,Tamil Nadu,11.2811,78.2342,19750
Chhāpar,Rajasthan,27.819,74.4394,19744
Udangudi,Tamil Nadu,8.4292,78.0297,19738
Tirumeshi,Tamil Nadu,13.0534,80.06,19733
Kerūr,Karnataka,16.0138,75.5463,19731
Verukulambu,Tamil Nadu,8.2953,77.2939,19730
Shāhpur,Madhya Pradesh,21.2374,76.2256,19719
Jhinjhāna,Uttar Pradesh,29.5212,77.2247,19711
Kumbhrāj,Madhya Pradesh,24.3734,77.0484,19707
Bareja,Gujarat,22.8486,72.5914,19690
Vadakku Viravanallur,Tamil Nadu,8.6979,77.5192,19689
Mokēri,Kerala,11.7776,75.5731,19684
Samrāla,Punjab,30.836,76.1932,19678
Jūnāgarh,Chhattisgarh,19.8599,82.9339,19656
Nalco,Odisha,20.8654,85.1828,19644
Badi,Madhya Pradesh,23.0367,78.0842,19603
Charipara,Tripura,23.8091,91.2481,19598
Resubelpara,Meghalaya,25.904,90.6075,19595
Kalmeshwar,Maharashtra,21.2322,78.9199,19578
Jharoda Kalān,Delhi,28.6526,76.9521,19578
Lāwar Khās,Uttar Pradesh,29.1109,77.7777,19556
Srīrāmnagar,Telangana,17.2665,78.2554,19550
Pattan,Jammu and Kashmir,34.1612,74.5563,19538
Mulakumūd,Tamil Nadu,8.2681,77.286,19538
Bāgbahra,Chhattisgarh,21.0461,82.3864,19529
Vīsāvadar,Gujarat,21.3395,70.7497,19515
Pināhat,Uttar Pradesh,26.8849,78.3765,19511
Pennādam,Tamil Nadu,11.4039,79.2416,19494
Nainwa,Rajasthan,25.7715,75.8498,19485
Rameswaram,Andhra Pradesh,14.7401,78.5426,19483
Jānsath,Uttar Pradesh,29.325,77.8504,19467
Santrampur,Gujarat,23.1902,73.8953,19465
Richha,Uttar Pradesh,28.6947,79.5228,19459
Bhāyāvadar,Gujarat,21.8552,70.2479,19458
Aistala,West Bengal,23.18,88.58,19425
Methukummal,Tamil Nadu,8.3075,77.152,19417
Gannavaram,Andhra Pradesh,16.5409,80.8021,19410
Amarpātan,Madhya Pradesh,24.3137,80.977,19409
Sojītra,Gujarat,22.5388,72.7198,19403
Singur,West Bengal,22.8092,88.2294,19402
Singarāyakonda,Andhra Pradesh,15.2305,80.0279,19400
Punnayūr,Kerala,10.6521,75.9951,19387
Konnūr,Karnataka,16.2014,74.7489,19386
Narwar,Madhya Pradesh,25.6439,77.9129,19385
Weir,Rajasthan,27.0186,77.1764,19385
Wazīrganj,Uttar Pradesh,28.2114,79.0566,19372
Kakdwip,West Bengal,21.8791,88.1913,19368
Tamenglong,Manipur,25.0164,93.4854,19363
Jalochi,Maharashtra,18.1566,74.6071,19346
Kaimur,Madhya Pradesh,24.0544,80.6136,19343
Maholi,Uttar Pradesh,27.6637,80.4737,19343
Bilhaur,Uttar Pradesh,26.8434,80.0639,19333
Mangalam,Andhra Pradesh,13.6575,79.4626,19318
Raja Pur Khurd,Delhi,28.6352,77.033,19312
Khānāpur,Karnataka,15.6397,74.5085,19309
Tiruppālai,Tamil Nadu,9.9779,78.1329,19305
Nimāparha,Odisha,20.0576,86.0044,19289
Burhar,Madhya Pradesh,23.2149,81.532,19289
Deoli,Maharashtra,20.6492,78.4802,19288
Devadanapatti,Tamil Nadu,10.1467,77.6439,19285
Hamīrpur,Himachal Pradesh,31.6841,76.5251,19280
Laksar,Uttarakhand,29.7587,78.0415,19270
Vakkam,Kerala,8.6845,76.7676,19267
Ezhome,Kerala,12.03,75.2819,19261
Ammainaickanur,Tamil Nadu,10.1671,77.9132,19257
Kesinga,Odisha,20.1878,83.2195,19239
Chhaprauli,Uttar Pradesh,29.2099,77.1745,19224
Sardulgarh,Punjab,29.6922,75.2361,19219
Maduraivayal,Tamil Nadu,13.0631,80.1719,19208
Hirekerūr,Karnataka,14.4551,75.3952,19191
Kōttayam,Kerala,11.8252,75.5478,19176
Shehera,Gujarat,22.9508,73.6312,19175
Suriānwān,Uttar Pradesh,25.4639,82.4192,19157
Rijokri,Delhi,28.5139,77.1151,19148
Kadikkād,Kerala,10.6705,75.9798,19147
Biswanath Chariali,Assam,26.7258,93.1466,19145
Siwāni,Haryana,28.9091,75.6147,19143
Honnavar,Karnataka,14.2809,74.445,19109
Jalladiampet,Tamil Nadu,12.9203,80.2081,19100
Torūr,Telangana,17.5835,79.6586,19100
Mir Pur Turk,Delhi,28.7049,77.2642,19098
Bhitarwār,Madhya Pradesh,25.7922,78.1108,19096
Kallukuttam,Tamil Nadu,8.1887,77.2878,19093
Chautāpal,Telangana,17.258,78.8978,19092
Arang,Chhattisgarh,21.1964,81.9691,19091
Dharmkot,Punjab,30.9456,75.2324,19057
Kirandul,Chhattisgarh,18.6365,81.2583,19053
Kothakota,Telangana,16.38,77.94,19042
Katangi,Madhya Pradesh,23.4412,79.7962,19040
Āmlāgora,West Bengal,22.8462,87.3356,19038
Karthikappally,Kerala,9.2568,76.4487,19021
Anshing,Maharashtra,20.0409,77.315,19000
Parīchhatgarh,Uttar Pradesh,28.9784,77.9342,18990
Tiruvattār,Tamil Nadu,8.3307,77.2673,18985
Kesariyā,Bihar,26.3499,84.8709,18984
Bhor,Maharashtra,18.1486,73.8434,18982
Kadachira,Kerala,11.837,75.449,18979
Kulpahār,Uttar Pradesh,25.3201,79.6393,18976
Khariar Road,Odisha,20.8987,82.5089,18967
Punjai Puliyampatti,Tamil Nadu,11.3516,77.1667,18967
Kunnimangalam,Puducherry,12.0735,75.2412,18965
Kharsia,Chhattisgarh,21.9895,83.1048,18939
Nahorkatiya,Assam,27.286,95.328,18937
Mulgund,Karnataka,15.2807,75.5213,18928
Khilchipur,Madhya Pradesh,24.0394,76.578,18928
Kansāpur,Haryana,30.1455,77.2663,18909
Somandepalle,Andhra Pradesh,14.0077,77.6085,18895
Sriramnagar,Andhra Pradesh,18.2833,83.5342,18893
Gummidipundi,Tamil Nadu,13.4076,80.1088,18891
Martūru,Kerala,10.1717,76.4264,18890
Koāth,Bihar,25.3264,84.2598,18890
Manchar,Maharashtra,19.0044,73.9435,18876
Shāhpur,Uttar Pradesh,29.3501,77.5516,18874
Mārahra,Uttar Pradesh,27.7368,78.5689,18873
Mundgod,Karnataka,14.9714,75.0366,18866
Chicholi,Maharashtra,21.4693,79.7015,18864
Bhati,Delhi,28.4295,77.2257,18864
Mālvan,Maharashtra,16.0598,73.4629,18858
Pahāsu,Uttar Pradesh,28.1722,78.0638,18854
Lateri,Madhya Pradesh,24.0609,77.4104,18844
Tādikombu,Tamil Nadu,10.439,77.9546,18838
Chhipa Barod,Rajasthan,24.6236,76.7078,18837
Akbarpur,Uttar Pradesh,26.3837,79.9493,18835
Maithon,Jharkhand,23.78,86.81,18830
Chhiri,Gujarat,20.3778,72.9411,18829
Mallasamudram,Tamil Nadu,11.4933,78.0312,18820
Rānīpur,Uttar Pradesh,25.2503,79.062,18820
Gadhra,Jharkhand,22.7467,86.2455,18801
Solsumba,Gujarat,20.1575,72.7891,18796
Chāndūr Bāzār,Maharashtra,21.2385,77.7471,18780
Sompeta,Andhra Pradesh,18.9442,84.5845,18778
Gangāpur,Rajasthan,25.2195,74.2603,18777
Chanod,Gujarat,20.3467,72.9282,18776
Banūr,Punjab,30.5541,76.7195,18775
Paranda,Maharashtra,18.2632,75.4632,18758
Shādīpur Julāna,Haryana,29.1237,76.4052,18755
Rakkiyapālaiyam,Tamil Nadu,11.1061,76.9425,18749
Kammivapettai,Tamil Nadu,11.753,79.7457,18745
Amod,Gujarat,21.9932,72.8705,18742
Rangāpāra,Assam,26.8377,92.6688,18739
Nanauta,Uttar Pradesh,29.7122,77.4173,18738
Raybag,Karnataka,16.4918,74.7739,18736
Kundgol,Karnataka,15.2561,75.2474,18726
Murbād,Maharashtra,19.254,73.3899,18725
Lonand,Maharashtra,18.0404,74.1872,18723
Tiruvankod,Tamil Nadu,8.2452,77.301,18723
Una,Himachal Pradesh,31.4649,76.2691,18722
Pālda,Madhya Pradesh,22.68,75.8939,18697
Haldaur,Uttar Pradesh,29.2899,78.2844,18686
Srirāmpur,West Bengal,22.9485,88.0195,18682
Māndvi,Gujarat,21.2553,73.3041,18669
Valabhīpur,Gujarat,21.8887,71.8794,18663
Kardhān,Haryana,30.3177,76.866,18662
Kalāyat,Haryana,29.6766,76.2556,18660
Kurumathur,Kerala,12.0397,75.4114,18641
Kim,Gujarat,21.4008,72.9268,18638
Mamsapuram,Tamil Nadu,9.4996,77.5879,18635
Mangattidam,Kerala,11.8433,75.5437,18627
Silvāni,Madhya Pradesh,23.3026,78.4408,18623
Tyāgadurgam,Tamil Nadu,11.7411,79.077,18605
Khārupatia,Assam,26.5184,92.1472,18599
Palappallam,Tamil Nadu,8.2095,77.2476,18589
Pālaiyampatti,Tamil Nadu,9.5392,78.0984,18576
Nadim Tiruvuru,Andhra Pradesh,17.1121,80.6088,18567
Jadugora,Jharkhand,22.6536,86.356,18563
Bhadaur,Punjab,30.4765,75.3305,18561
Bhoom,Maharashtra,18.4591,75.6588,18561
Durgāpur,Maharashtra,20.0054,79.3027,18561
Chandili,Odisha,19.2466,83.4058,18552
Phalauda,Uttar Pradesh,29.1882,77.83,18545
Bānk,Madhya Pradesh,22.703,75.8039,18534
Harpālpur,Madhya Pradesh,25.2877,79.3328,18529
Rāmpura,Madhya Pradesh,24.467,75.44,18495
Jogipet,Telangana,17.8356,78.0681,18494
Alang,Gujarat,21.3988,72.1754,18480
Barkā Kānā,Jharkhand,23.6212,85.4675,18475
Deshnoke,Rajasthan,27.7984,73.343,18470
Ūttangarai,Tamil Nadu,12.2671,78.5378,18470
Mukandgarh,Rajasthan,27.9521,75.2243,18469
Chicholi,Maharashtra,21.2664,79.1156,18469
Sāvli,Gujarat,22.5619,73.2232,18467
Tondi,Tamil Nadu,9.7417,79.0177,18465
Kannapuram,Kerala,11.9843,75.3041,18459
Pottanūr,Tamil Nadu,11.1098,77.9888,18455
Padampur,Rajasthan,29.7088,73.6254,18454
Gubbi,Karnataka,13.3122,76.941,18446
Unchahra,Madhya Pradesh,24.3825,80.7809,18442
Baroda,Madhya Pradesh,25.5,76.65,18437
Khali Kachigam,Dadra and Nagar Haveli and Daman and Diu,20.3833,72.8667,18434
Nāmrup,Assam,27.194,95.3193,18432
Neral,Maharashtra,19.0248,73.3169,18429
Sirgittī,Chhattisgarh,22.0471,82.1487,18428
Mandapam,Tamil Nadu,9.2757,79.1236,18427
Along,Arunachal Pradesh,28.1695,94.8006,18425
Kotā,Chhattisgarh,22.2951,82.0237,18405
Moram,Maharashtra,17.7881,76.4708,18371
Kādīpur,Delhi,28.774,77.1631,18369
Chhoti Sādri,Rajasthan,24.3814,74.7012,18360
Vāzhakulam,Kerala,10.0938,76.4198,18358
Fort Gloster,West Bengal,22.5044,88.1833,18350
Seppa,Arunachal Pradesh,27.3617,93.0399,18350
Majhiāon Kalān,Jharkhand,24.3243,83.8161,18349
Thākurganj,Bihar,26.4274,88.1311,18348
Naldurg,Maharashtra,17.8167,76.2818,18341
Thāsra,Gujarat,22.7983,73.2117,18337
Bada Malhera,Madhya Pradesh,24.5641,79.3071,18335
Kākori,Uttar Pradesh,26.868,80.7857,18332
Cheranmahadevi,Tamil Nadu,8.6755,77.5696,18327
Alangāyam,Tamil Nadu,12.6224,78.7521,18327
Chetput,Tamil Nadu,13.07,80.2408,18326
Rāmjībanpur,West Bengal,22.8282,87.6089,18318
Hutagalli,Karnataka,12.3417,76.5863,18308
Howli,Assam,26.4224,90.98,18301
Talod,Gujarat,23.3514,72.95,18298
Daboh,Madhya Pradesh,26.0024,78.8766,18298
Palugal,Tamil Nadu,8.3536,77.1859,18276
Inam Maniyachi,Tamil Nadu,9.1706,77.8512,18258
Ghogardīha,Bihar,26.2799,86.47,18257
Vengikkal,Tamil Nadu,12.2642,79.0674,18244
Udaipura,Madhya Pradesh,23.0743,78.5111,18236
Behat,Uttar Pradesh,30.1718,77.6139,18223
Trikarpūr North,Kerala,12.1458,75.1748,18210
Khetri,Rajasthan,28.0007,75.7864,18209
Kheri Nāngal,Haryana,29.3544,76.9774,18195
Pasthal,Maharashtra,19.8202,72.7296,18194
Kariapatti,Tamil Nadu,9.675,78.0999,18191
Gairtganj,Madhya Pradesh,23.4102,78.2208,18184
Tezu,Arunachal Pradesh,27.9126,96.1288,18184
Jalālī,Uttar Pradesh,27.8668,78.2527,18177
Gaurela,Chhattisgarh,22.7545,81.9011,18165
Singampunari,Tamil Nadu,10.1862,78.415,18143
Palayad,Kerala,11.5505,75.6289,18141
Moonak,Punjab,29.8253,75.8906,18141
Vettaikkaranpudur,Tamil Nadu,10.5621,76.913,18128
Pichor,Madhya Pradesh,25.1756,78.1886,18127
Bakarwāla,Delhi,28.6678,77.0201,18122
Koipādi,Kerala,12.593,74.9626,18121
Māchai,Karnataka,15.7926,74.4841,18073
Eruvādi,Tamil Nadu,8.4439,77.6044,18067
Namminikara,Kerala,10.4322,76.2542,18067
Thara,Gujarat,23.9734,71.8192,18060
Jhalidā,West Bengal,23.3654,85.9764,18057
Aurangabad Cantonment,Maharashtra,19.8761,75.2916,18051
Fatehgarh Chūriān,Punjab,31.8643,74.9566,18051
Kunnummal,Kerala,11.6832,75.7108,18031
Kattur,Kerala,10.3732,76.1668,18017
Vadamadurai,Tamil Nadu,10.4408,78.0978,18015
Tirumala,Andhra Pradesh,13.6833,79.35,18013
Bhogpur,Punjab,31.5544,75.6427,18008
Patiriyat,Kerala,11.849,75.5147,18008
Satyāmangala,Karnataka,13.0193,76.1243,18002
Bhattiprolu,Andhra Pradesh,16.1026,80.7807,18001
Barjala,Tripura,23.6182,91.356,17998
Nalloor,Tamil Nadu,8.3064,77.224,17989
Sir Muttra,Rajasthan,26.515,77.3721,17988
Mahīshādal,West Bengal,22.1862,87.9807,17988
Dumjor,West Bengal,22.6199,88.2457,17972
Jadcherla,Telangana,16.7738,78.1367,17958
Noāmundi,Jharkhand,22.1609,85.5042,17954
Barwala,Gujarat,22.2198,72.0676,17951
Narauli,Uttar Pradesh,28.4855,78.7148,17945
Arukutti,Kerala,9.8667,76.35,17944
Murudeshwara,Karnataka,14.0943,74.4845,17938
Nīlokheri,Haryana,29.8367,76.9319,17938
Nāteputa,Maharashtra,17.899,74.7522,17930
Honnāli,Karnataka,14.2398,75.6451,17928
Titabor Town,Assam,26.5918,94.1944,17920
Samdari,Rajasthan,25.813,72.5788,17915
Saiyad-ul-ajaib,Delhi,28.5192,77.2035,17914
Pudunagaram,Kerala,10.6802,76.6836,17892
Bayad,Gujarat,23.2234,73.2149,17886
Kanjari,Gujarat,22.6124,72.9211,17881
Vadlapūdi,Andhra Pradesh,14.3112,79.8043,17881
Bhindār,Rajasthan,24.5024,74.1855,17878
Piranvādi,Karnataka,15.802,74.4801,17874
V.S.K.Valasai (Dindigul-Dist.),Tamil Nadu,10.3155,78.1514,17865
Handiā,Uttar Pradesh,25.3638,82.1866,17861
Avalēpalli,Tamil Nadu,12.7714,77.8594,17859
Narasimhanaickenpalayam,Tamil Nadu,11.1173,76.9363,17858
Adiyanuthu,Tamil Nadu,10.3308,77.9812,17851
Sarāi Mīr,Uttar Pradesh,26.027,82.9184,17849
Trāl,Jammu and Kashmir,33.9271,75.1158,17844
Akalkuva,Maharashtra,21.5543,74.0192,17840
Bhīkhi,Punjab,30.0592,75.535,17825
Sīlappādi,Tamil Nadu,10.394,78.0078,17824
Kulattuppālaiyam,Tamil Nadu,10.7613,77.5842,17819
Rāmachettipālaiyam,Tamil Nadu,10.9582,76.9201,17809
Bilgi,Karnataka,16.3471,75.618,17792
Nāgamangala,Karnataka,12.8194,76.7546,17776
Shāhpur,Bihar,25.6029,84.4041,17767
Dāmnagar,Gujarat,21.6923,71.5175,17766
Manalur,Kerala,10.4928,76.1027,17757
Ambaji,Gujarat,24.3317,72.8456,17753
Kannod,Madhya Pradesh,22.6676,76.7429,17744
Jagiroad,Assam,26.1202,92.1977,17739
Patdi,Gujarat,23.196,71.7917,17725
Mahudha,Gujarat,22.8208,72.9403,17722
Chettināyakkanpatti,Tamil Nadu,10.394,77.9754,17701
Gotan,Rajasthan,26.6555,73.7371,17700
Mangalam,Tamil Nadu,11.1005,77.2712,17699
Peddanāyakkanpālaiyam,Tamil Nadu,11.651,78.5087,17678
Bhuwāna,Rajasthan,24.6214,73.7082,17665
Kothanallur,Tamil Nadu,8.2791,77.3096,17662
Bālugān,Odisha,19.7333,85.2167,17645
Kherli,Rajasthan,27.2736,76.9861,17634
Rahimatpur,Maharashtra,17.5921,74.1997,17633
Nangavaram,Tamil Nadu,10.8692,78.5392,17629
Padmapur,Odisha,21.0,83.0667,17625
Pipili,Odisha,20.1136,85.8315,17623
Koratti,Kerala,10.266,76.3477,17618
Vittal,Karnataka,12.7632,75.099,17618
Shirhatti,Karnataka,15.2335,75.58,17610
Devgarh,Rajasthan,25.5253,73.9081,17604
Bargi,Madhya Pradesh,22.9914,79.8755,17588
Jarwal,Uttar Pradesh,27.1629,81.5418,17576
Nichlaul,Uttar Pradesh,27.3125,83.7253,17567
Kānke,Jharkhand,23.4348,85.3206,17560
Vazhapadi,Tamil Nadu,11.6554,78.4012,17559
Achhībal,Jammu and Kashmir,33.6841,75.2184,17556
Papanasam,Tamil Nadu,10.9269,79.2706,17548
Raipur,Rajasthan,26.0426,74.0237,17537
Kodoli,Maharashtra,16.8764,74.1909,17537
Tājpur,Uttar Pradesh,29.1624,78.4846,17529
Bānki,Odisha,20.3791,85.5295,17521
Settiyārpatti,Tamil Nadu,9.3935,77.4935,17520
North Guwāhāti,Assam,26.1975,91.7202,17516
Madhuban,Bihar,26.4386,85.1357,17510
Jatāra,Madhya Pradesh,25.0096,79.0487,17499
Bānapur,Odisha,19.7789,85.1703,17499
Palera,Madhya Pradesh,25.0201,79.2282,17493
Indri,Haryana,29.88,77.0597,17487
Bodrī,Chhattisgarh,22.0235,82.1136,17481
Pennāgaram,Tamil Nadu,12.1343,77.8952,17480
Kallūr Tekkumuri,Kerala,10.2401,76.3236,17480
Dharmapuram,Tamil Nadu,8.1203,77.389,17476
Depālpur,Madhya Pradesh,22.851,75.5422,17474
Mūndwa,Rajasthan,27.0631,73.823,17465
Tādigadapa,Andhra Pradesh,16.4713,80.697,17462
Auhammadpur Mājri,Delhi,28.7292,77.0383,17462
Calangute,Goa,15.5439,73.7553,17446
Sarāi Ākil,Uttar Pradesh,25.3789,81.5104,17443
Panoor,Kerala,11.7594,75.5784,17438
Nīsang,Haryana,29.6923,76.7546,17438
Amet,Rajasthan,25.3061,73.9258,17434
Bareta,Punjab,29.8635,75.6964,17432
Kavisuryanagar,Odisha,19.5815,84.7601,17430
Puthūr,Kerala,10.4874,76.2793,17430
Hāt Piplia,Madhya Pradesh,22.7695,76.2999,17419
Bhundsi,Haryana,28.3505,77.0614,17410
Naregal,Karnataka,15.5732,75.808,17403
Bermo,Jharkhand,23.7878,85.9353,17401
Khongapani,Chhattisgarh,23.1912,82.1626,17400
Bagdogra,West Bengal,26.6993,88.3118,17372
Indergarh,Uttar Pradesh,26.9352,79.6712,17366
Lāsalgaon,Maharashtra,20.1427,74.2395,17360
Periyakottai,Tamil Nadu,10.591,77.2797,17356
Phirangipuram,Andhra Pradesh,16.2908,80.2623,17335
Edakkazhiyūr,Kerala,10.6228,75.9965,17335
Nārsala,Maharashtra,21.0897,79.1359,17330
Keezhkulam,Tamil Nadu,8.2307,77.1863,17327
Jalalpore,Gujarat,20.949,72.8983,17325
Chhala,Gujarat,23.3078,72.774,17323
Sivagirippatti,Tamil Nadu,10.4502,77.5304,17306
Āthagarh,Odisha,20.52,85.6296,17304
Lakhnādon,Madhya Pradesh,22.6005,79.6009,17302
Takhatgarh,Rajasthan,25.3224,73.0049,17285
Talwandi Bhai,Punjab,30.8558,74.9298,17285
Mūlki,Karnataka,13.091,74.7935,17274
Kāttatturai,Tamil Nadu,8.2849,77.2755,17271
Bhānpurī,Chhattisgarh,21.0919,80.9322,17270
Kulasegaram,Tamil Nadu,8.3632,77.2978,17267
Deori,Chhattisgarh,22.099,82.2664,17265
Nilagiri,Odisha,21.4624,86.7679,17264
Mannarai,Tamil Nadu,11.1172,77.3726,17261
Jagalūr,Karnataka,14.5196,76.3392,17257
Bhikshāndārkovil,Tamil Nadu,10.8827,78.7046,17257
Ajara,Maharashtra,16.116,74.211,17257
Palangarai,Tamil Nadu,11.1978,77.3058,17248
Virajpet,Karnataka,12.1964,75.8051,17246
Nārnaund,Haryana,29.2205,76.1428,17242
Pudūr,Tamil Nadu,11.436,77.676,17240
Bālugaon,Odisha,20.1784,85.1133,17238
Irivēri,Kerala,11.8559,75.4736,17231
Bilthra,Uttar Pradesh,26.127,83.8915,17228
Alnāvar,Karnataka,15.4273,74.7411,17228
Anaimalai,Tamil Nadu,10.583,76.9344,17208
Guru Har Sahāi,Punjab,30.7086,74.4041,17192
Tangla,Assam,26.6569,91.9138,17183
Mendarda,Gujarat,21.3211,70.4408,17166
Taleigao,Goa,15.4692,73.8328,17148
Jāwad,Madhya Pradesh,24.5992,74.8626,17129
Uttarkāshi,Uttarakhand,30.7299,78.4434,17123
Basukinath,Jharkhand,24.3945,87.0864,17123
Rājgarh,Madhya Pradesh,22.6782,74.9448,17113
Ayyalur,Tamil Nadu,10.4818,78.1564,17100
Kolaccheri,Kerala,11.9763,75.4167,17095
Nāranammālpuram,Tamil Nadu,8.7598,77.7399,17094
Chālakilakākara,Kerala,11.854,75.4387,17088
Shaktinagar,Karnataka,16.3649,77.3586,17088
Amroli,Gujarat,21.2508,72.8388,17082
Chalāla,Gujarat,21.4107,71.1662,17081
Samālka,Delhi,28.535,77.0908,17076
Mēppādam,Kerala,9.3242,76.4934,17067
Madambakkam,Tamil Nadu,12.8525,80.0467,17058
Nongpoh,Meghalaya,25.9023,91.8769,17055
Mahiari,West Bengal,22.5883,88.2354,17051
Naraina,Rajasthan,26.7907,75.2061,17048
Kokōtamangalam South,Kerala,9.6795,76.3589,17047
Teonthar,Madhya Pradesh,24.9821,81.6419,17039
Jigani,Karnataka,12.7861,77.6386,17036
Nayāgarh,Odisha,20.1288,85.0963,17030
Kusum Pur,Delhi,28.5547,77.1573,17028
Eravattūr,Kerala,11.5801,75.7384,17016
Nawābganj,Uttar Pradesh,26.864,82.141,17015
Maghar,Uttar Pradesh,26.7559,83.1277,17011
Varam,Kerala,11.8996,75.4132,17008
Ongallur-I,Kerala,10.8027,76.2185,16998
Bicholim,Goa,15.5932,73.9457,16986
Hukumpeta,Andhra Pradesh,16.9887,81.8017,16985
Valvachatottam,Tamil Nadu,8.2803,77.2561,16965
Bijaipur,Madhya Pradesh,26.0505,77.3714,16964
Garhshankar,Punjab,31.2154,76.1415,16955
Dirba,Punjab,30.0722,75.9961,16952
Rānpur,Gujarat,22.3516,71.7118,16944
Dukli,Tripura,23.7984,91.2964,16941
Manjhanpur,Uttar Pradesh,25.5305,81.3757,16939
Mihona,Madhya Pradesh,26.2837,78.9805,16935
Gothara,Rajasthan,28.0662,75.8177,16933
Mākum,Assam,27.4865,95.4365,16923
Kalghatgi,Karnataka,15.1832,74.971,16917
Eruvatti,Kerala,11.8062,75.5302,16905
Merta Road,Rajasthan,26.7227,73.9176,16905
Tanakpur,Uttarakhand,29.074,80.1114,16905
Undera,Gujarat,22.3484,73.1331,16902
Khed,Maharashtra,17.7189,73.3969,16892
Kutiyāna,Gujarat,21.6241,69.9849,16877
Sultanpur,Punjab,31.2147,75.196,16877
Ahor,Rajasthan,25.3687,72.7804,16867
Sirālkoppa,Karnataka,14.3807,75.2501,16864
Sithurajapuram,Tamil Nadu,9.4214,77.7873,16860
Vandalūr,Tamil Nadu,12.8924,80.0808,16852
Moreh,Manipur,24.2508,94.3007,16847
Chelamartam,Kerala,10.1371,76.457,16844
Challapalle,Andhra Pradesh,16.1176,80.9314,16841
Konārka,Odisha,19.8902,86.0976,16834
Gandevi,Gujarat,20.8121,72.9981,16827
Āchāripallam Vāniyakudi,Tamil Nadu,8.1743,77.3849,16822
Peralassery,Kerala,11.8322,75.4825,16821
Bara Uchāna,Haryana,29.4675,76.178,16815
Kāmākhyānagar,Odisha,20.9338,85.5449,16810
Arkalgūd,Karnataka,12.7617,76.0604,16810
Budhni,Madhya Pradesh,22.7866,77.6811,16808
Pinarāyi,Kerala,11.8049,75.481,16801
Pāchchal,Tamil Nadu,12.5112,78.5552,16789
Navalpattu,Tamil Nadu,10.7505,78.7763,16788
Vathirairuppu,Tamil Nadu,9.6353,77.6389,16784
Sivagiri,Tamil Nadu,11.1203,77.7881,16779
Bāwal,Haryana,28.0718,76.5831,16776
Hanumana,Madhya Pradesh,24.7789,82.096,16771
Porathissery,Kerala,10.3764,76.2015,16768
Vallam,Tamil Nadu,10.7199,79.0598,16758
Āmta,West Bengal,22.5834,88.0104,16753
Vāda,Maharashtra,19.6535,73.1481,16750
Kadod,Gujarat,21.2172,73.2197,16747
Valavanur,Tamil Nadu,11.9209,79.5824,16745
Khapat,Gujarat,21.6541,69.6126,16744
Bābai,Madhya Pradesh,22.7026,77.9349,16741
Harsūd,Madhya Pradesh,22.0995,76.7342,16736
Andada,Gujarat,21.6559,73.0215,16730
Beri Khās,Haryana,28.7015,76.5771,16727
Dera Māndi,Delhi,28.436,77.176,16725
Chanaje,Maharashtra,18.8613,72.9526,16714
Sāmbūrvadakara,Tamil Nadu,8.9986,77.3876,16709
Thorapadi,Tamil Nadu,12.8915,79.1238,16700
Karingal,Tamil Nadu,8.2363,77.2426,16691
Nal Khera,Madhya Pradesh,23.836,76.2432,16690
Piriyāpatna,Karnataka,12.335,76.1007,16685
Nohsa,Bihar,25.5653,85.056,16680
Phaphūnd,Uttar Pradesh,26.5989,79.4644,16675
Sarangpore,Gujarat,21.6358,73.0475,16671
Babrāla,Uttar Pradesh,28.2642,78.4056,16670
Vīrnūr,Tamil Nadu,11.8443,77.8473,16665
Ajaigarh,Madhya Pradesh,24.8988,80.2592,16656
Baihar,Madhya Pradesh,22.1013,80.5497,16650
Malīhābād,Uttar Pradesh,26.9222,80.7108,16649
Jhūsi,Uttar Pradesh,25.4374,81.9055,16642
Trajpar,Gujarat,22.8157,70.8665,16637
Pudusseri,Kerala,10.7582,76.7859,16629
Pattamadai,Tamil Nadu,8.6726,77.5845,16625
Cuncolim,Goa,15.1773,73.9939,16623
Pathalgaon,Chhattisgarh,22.5566,83.4636,16613
Āsind,Rajasthan,25.7342,74.3328,16611
Baliguda,Odisha,20.1997,83.9094,16611
Vāghodia,Gujarat,22.305,73.4002,16604
Nazareth,Tamil Nadu,8.561,77.9721,16584
Samurou,Manipur,24.701,93.9033,16582
Madhuban,Tripura,23.7815,91.2858,16579
Lālpettai,Tamil Nadu,11.3009,79.5561,16561
Sālūmbar,Rajasthan,24.1352,74.0444,16557
Sonkach,Madhya Pradesh,22.9717,76.3467,16545
Jāmbai,Tamil Nadu,11.4678,77.6434,16522
Kōtekāra,Karnataka,12.7929,74.8722,16505
Chāndāmeta,Madhya Pradesh,22.1909,78.7303,16497
Kiphire,Nagaland,25.8678,94.7857,16487
Khātra,West Bengal,22.9762,86.8546,16484
Gorāya,Punjab,31.1241,75.7724,16462
Sundakkāmpālaiyam,Tamil Nadu,10.5666,77.2135,16459
Sindkhed Raja,Maharashtra,19.9536,76.1264,16434
Susner,Madhya Pradesh,23.9467,76.0882,16432
Bharwāri,Uttar Pradesh,25.5608,81.4916,16411
Chendrappini,Kerala,10.3555,76.1282,16404
Rāni Khera,Delhi,28.706,77.0258,16402
Bhainsdehi,Madhya Pradesh,21.6449,77.6302,16400
Kankauli,Maharashtra,16.2661,73.7122,16398
Gokavaram,Andhra Pradesh,17.2582,81.8498,16389
Padampur,Odisha,20.9993,83.0632,16387
Curti,Goa,15.4167,74.0167,16385
Nambiyūr,Tamil Nadu,11.3581,77.3212,16379
Lochapada,Odisha,19.3287,84.8006,16377
Bargūr,Tamil Nadu,12.5429,78.3574,16366
Dharampuri,Madhya Pradesh,22.1495,75.3444,16363
Shopian,Jammu and Kashmir,33.7172,74.8341,16360
Mūllānpur,Punjab,30.8546,75.6609,16356
Ūttukuli,Tamil Nadu,10.6519,76.9778,16354
Kandāri,Maharashtra,21.0608,75.8098,16353
Khada,Uttar Pradesh,27.1833,83.8833,16350
Jasidih,Jharkhand,24.5138,86.6458,16338
Kargil,Ladakh,34.5576,76.1262,16338
Kotapārh,Chhattisgarh,19.1426,82.3254,16326
Tikri Kalān,Delhi,28.6836,76.9701,16313
Chākuliā,Jharkhand,22.483,86.7179,16306
Shāhgarh,Madhya Pradesh,24.3136,79.1181,16300
Kadamakudi,Kerala,10.0642,76.2456,16295
Annāmalainagar,Tamil Nadu,11.4,79.7333,16289
Āmbāsa,Tripura,23.936,91.8544,16285
Arumanai,Tamil Nadu,8.367,77.2433,16283
Anandpur,Punjab,31.2393,76.5025,16282
Omalur,Tamil Nadu,11.741,78.0456,16279
Hatti,Karnataka,16.1984,76.6604,16278
Chennimalai,Tamil Nadu,11.1638,77.6039,16268
Madukkūr,Tamil Nadu,10.481,79.3994,16266
Bahula,West Bengal,23.6518,87.1648,16264
Ayyampettāi,Tamil Nadu,10.9014,79.1798,16263
Naroli,Dadra and Nagar Haveli and Daman and Diu,20.2735,72.9417,16260
Nūh,Haryana,28.103,77.0014,16260
Thimiri,Tamil Nadu,12.8283,79.3079,16246
Ellakkudi,Tamil Nadu,10.806,78.7503,16244
Kamalganj,Uttar Pradesh,27.2618,79.6313,16222
Bhikangaon,Madhya Pradesh,21.8676,75.9639,16217
Neelagiri,Tamil Nadu,10.7594,79.0934,16197
Jalakandapuram,Tamil Nadu,11.6978,77.873,16184
Mullānwāla,Punjab,31.0619,74.8228,16183
Pandaria,Chhattisgarh,22.225,81.4099,16165
Thiruvaiyaru,Tamil Nadu,10.884,79.1036,16164
Elandakuttai,Tamil Nadu,11.406,77.775,16160
Sānwer,Madhya Pradesh,22.9742,75.8271,16150
Nallavila,Tamil Nadu,8.2055,77.3444,16138
Kāmayakkavundanpatti,Tamil Nadu,9.7386,77.32,16134
Bījāpur,Chhattisgarh,18.7939,80.816,16129
Kuthalam,Tamil Nadu,11.0743,79.5622,16125
Chengalam,Kerala,9.5966,76.4678,16111
Cherukunnu,Kerala,11.9956,75.2872,16111
Kuda,Nagaland,25.8909,93.7388,16108
Chevvoor,Kerala,10.4586,76.2088,16086
Vāniyamkulam,Kerala,10.783,76.3336,16085
Tevāram,Tamil Nadu,9.8967,77.2809,16079
Bhiloda,Gujarat,23.7676,73.247,16074
Shāhi,Uttar Pradesh,28.5502,79.3176,16064
Kedia,Jharkhand,23.7945,85.5872,16054
Simga,Chhattisgarh,21.6281,81.7038,16027
Kandamkunnu,Kerala,11.8695,75.5808,16025
Kudāl,Maharashtra,16.0115,73.6887,16015
Utnūr,Telangana,19.368,78.7761,16005
Hindoria,Madhya Pradesh,23.9034,79.5686,16001
Betma,Madhya Pradesh,22.6865,75.6146,15999
Vellakkinar,Tamil Nadu,11.0736,76.9566,15998
Kappiyara,Tamil Nadu,8.2466,77.2617,15998
Balaungi,Punjab,30.7306,76.6937,15982
Hājo,Assam,26.2452,91.5252,15977
Māliya,Gujarat,23.093,70.7588,15964
Kombai,Tamil Nadu,9.8474,77.296,15960
Asāra,Uttar Pradesh,29.2471,77.3089,15959
Koothappar,Tamil Nadu,10.7971,78.7923,15943
Udalguri,Assam,26.7537,92.1022,15935
Vaso,Gujarat,22.6608,72.7552,15934
Chānasma,Gujarat,23.7147,72.1128,15932
Boothapandi,Tamil Nadu,8.2659,77.4461,15931
Bharanikāvu Tekku,Kerala,9.1849,76.5608,15922
Rura,Uttar Pradesh,26.49,79.9011,15908
Bunjwah,Jammu and Kashmir,33.1458,75.9479,15899
Chandia,Madhya Pradesh,23.6565,80.7091,15891
Vijayapuri North,Telangana,16.5853,79.3205,15887
Khaniādhāna,Madhya Pradesh,25.0298,78.1271,15877
Kannampālaiyam,Tamil Nadu,10.9954,77.099,15868
Pipraich,Uttar Pradesh,26.8274,83.5263,15856
Srivaikuntam,Tamil Nadu,8.6293,77.9128,15847
Abhayāpuri,Assam,26.3226,90.6853,15847
Sunel,Rajasthan,24.3706,75.9571,15840
Unhel,Madhya Pradesh,23.3379,75.5593,15837
Sisauli,Uttar Pradesh,29.4139,77.4689,15837
Marattakara,Kerala,10.4733,76.2558,15817
Vadakkēkkād,Kerala,10.6635,76.0033,15811
Domchānch,Jharkhand,24.4748,85.6921,15809
Molakālumuru,Karnataka,14.7178,76.7468,15797
Jalda,Odisha,22.1872,84.8436,15789
Jodiya Bandar,Gujarat,22.7167,70.2833,15788
Dera Colliery Township,Odisha,20.9528,85.1717,15787
Holalkere,Karnataka,14.043,76.185,15783
Dumra,Bihar,26.5671,85.5204,15778
Pudukkottai,Tamil Nadu,9.9373,78.0532,15769
Mennānyam,Kerala,11.5579,75.7596,15768
Sonpet,Maharashtra,19.0259,76.4739,15765
Binika,Odisha,21.0263,83.812,15765
Bāngarda,Madhya Pradesh,22.7592,75.7954,15761
Dhārni,Madhya Pradesh,21.5533,76.8897,15761
Thandla,Madhya Pradesh,23.0096,74.5775,15756
Khuldābād,Maharashtra,20.0067,75.1924,15749
Elumalai,Tamil Nadu,9.865,77.6992,15746
Khetia,Maharashtra,21.6712,74.5854,15744
Bhudgaon,Maharashtra,16.9074,74.5995,15738
Khusropur,Bihar,25.4817,85.3849,15731
Yerkhera,Maharashtra,21.2165,79.1854,15727
Khatīma,Uttarakhand,28.9213,79.9708,15714
Bari Sādri,Rajasthan,24.4134,74.4733,15713
Dāpoli,Maharashtra,17.7593,73.1882,15713
Kumārapālaiyam,Tamil Nadu,11.5021,77.2555,15706
Kabilpor,Gujarat,20.9508,72.9583,15699
Periyapatti,Tamil Nadu,11.2052,78.1512,15690
Yamjāl,Telangana,17.2694,78.5767,15689
Rāhon,Punjab,31.0528,76.1191,15676
Vadakāncheri,Kerala,10.6604,76.2466,15674
Bagar,Rajasthan,28.1878,75.5001,15670
Manaveli,Puducherry,11.8909,79.8104,15666
Manthani,Telangana,18.6509,79.665,15661
Vidyavihar,Rajasthan,28.3681,75.584,15644
Neb Sarai,Delhi,28.5084,77.2006,15640
Lakhipur,Assam,26.03,90.3061,15633
Panangad,Kerala,10.2728,76.1748,15630
Chokkanāthapuram,Tamil Nadu,9.9921,77.3566,15625
Kamatgi,Maharashtra,16.0779,75.8132,15620
Khūtār,Uttar Pradesh,28.2031,80.2705,15618
Sātalkheri,Rajasthan,24.6522,75.9983,15617
Maval,Maharashtra,18.7553,73.4443,15612
Kasāra,Maharashtra,19.6451,73.4743,15611
Baben,Gujarat,21.1373,73.0965,15610
Nārāyankher,Telangana,18.0341,77.7728,15610
Agaram,Tamil Nadu,10.4433,77.9485,15610
Salangaippālaiyam,Tamil Nadu,11.426,77.5707,15609
Baberu,Uttar Pradesh,25.5471,80.7044,15607
Danta,Rajasthan,27.2964,75.1866,15594
Bādshāhpur,Haryana,28.3932,77.0492,15593
Chengala,Kerala,12.4984,75.0503,15588
Haripād,Kerala,9.2836,76.4552,15588
Gulgam,Jammu and Kashmir,34.55,74.2173,15587
Kuchinda,Odisha,21.7436,84.3485,15576
Husainpur,Punjab,31.3118,75.3217,15575
Kompalli,Telangana,17.545,78.4884,15575
Kalher,Maharashtra,19.2472,73.0152,15573
Toshām,Haryana,28.8699,75.9165,15559
Ponmana,Tamil Nadu,8.3552,77.3283,15554
Sanjan,Gujarat,20.1916,72.8183,15544
Bilsanda,Uttar Pradesh,28.2434,79.9514,15538
Leteri,Madhya Pradesh,24.0598,77.4086,15519
Vettavalam,Tamil Nadu,12.1077,79.2452,15506
Mani Mājra,Haryana,30.714,76.8382,15489
Kurwai,Madhya Pradesh,24.1172,78.0383,15487
Taranagar,Tripura,23.9688,91.3708,15481
Kosigi,Andhra Pradesh,15.8551,77.2446,15455
Brāhmanān di Bāri,Jammu and Kashmir,32.644,74.911,15453
Tindal,Tamil Nadu,11.3169,77.6742,15440
Kalugumalai,Tamil Nadu,9.1494,77.7057,15423
Tīrthahalli,Karnataka,13.6884,75.2455,15422
Ajeetgarh,Rajasthan,27.4193,75.8214,15414
Parvatsar,Rajasthan,26.886,74.766,15405
Rāmachandrapuran,Telangana,17.5126,78.2885,15381
Kachhwa,Uttar Pradesh,25.2062,82.7144,15381
Rāmpur,Odisha,21.0735,84.341,15379
Sāyla,Gujarat,22.5492,71.4832,15376
Seoni Chhapāra,Madhya Pradesh,22.3939,79.5424,15371
Purushottampur,Odisha,19.5202,84.8851,15366
Bāh,Uttar Pradesh,26.8691,78.5938,15359
Kanhirode,Kerala,11.9184,75.4645,15353
Dornakal,Telangana,17.4448,80.149,15350
Davorlim,Goa,15.2722,73.9924,15350
Morampudi,Andhra Pradesh,16.98,81.8371,15346
Penha de França,Goa,15.517,73.8354,15342
Kanchanpur,Tripura,24.0359,92.1996,15341
Badgām,Jammu and Kashmir,34.0152,74.7207,15338
Pappinivattom,Kerala,10.2937,76.1584,15336
Pālaiyam,Tamil Nadu,10.7256,78.1354,15336
Mīrganj,Uttar Pradesh,28.5401,79.2082,15335
Dārāsuram,Tamil Nadu,10.9499,79.3561,15326
Kushālnagar,Karnataka,12.458,75.959,15326
Sayan,Gujarat,21.3198,72.8817,15324
Katangi,Madhya Pradesh,21.7737,79.8051,15321
Bhauri,Rajasthan,24.6609,72.914,15312
Kāthor,Gujarat,21.2885,72.9407,15311
Villukuri,Tamil Nadu,8.2226,77.3732,15304
Bāonlī,Rajasthan,26.3261,76.2283,15300
Bāntva,Gujarat,21.4882,70.0758,15291
Chimbel,Goa,15.4926,73.8747,15289
Dalkola,West Bengal,25.8758,87.8401,15285
Srīvardhan,Maharashtra,18.0459,73.0155,15279
Vilattikulam,Tamil Nadu,9.1323,78.1664,15277
Koratagere,Karnataka,13.522,77.2373,15265
Thekkumkara,Kerala,10.2819,76.2132,15258
Bommasandra Industrial Area,Karnataka,12.8177,77.6842,15254
Kudali,Kerala,11.9198,75.4722,15236
Yadagirigutta,Telangana,17.5889,78.9434,15232
Mūlanūr,Tamil Nadu,10.7943,77.7115,15223
Ichhāwar,Madhya Pradesh,23.0282,77.0173,15221
Sāram,Jharkhand,23.7625,85.83,15212
Jugiāl,Punjab,32.3684,75.6782,15210
Goniāna Mandi,Punjab,30.3168,74.9125,15208
Gangolli,Karnataka,13.6502,74.6707,15200
R.S. Pora,Jammu and Kashmir,32.6059,74.7334,15197
Niz-Hajo,Assam,26.2494,91.5243,15188
Kīlattingal,Kerala,8.6926,76.7933,15185
Kangeyanallur,Tamil Nadu,12.9508,79.1506,15177
Buguda,Odisha,19.8081,84.7908,15176
Khāpa,Maharashtra,21.4224,78.9817,15175
Petlāwad,Madhya Pradesh,23.011,74.7977,15174
Mahabalipuram,Tamil Nadu,12.6209,80.1933,15172
Ghantapada,Odisha,20.9345,85.1879,15169
Sultan Pur,Delhi,28.4956,77.1611,15160
Lormi,Chhattisgarh,22.2743,81.7018,15156
Ottakkadai,Tamil Nadu,9.958,78.1886,15152
Korwai,Madhya Pradesh,24.1177,78.0401,15136
Kenda,West Bengal,23.1959,86.515,15131
Pupri,Bihar,26.4708,85.7031,15129
Āyikudi,Tamil Nadu,9.0032,77.3449,15129
Karamuck,Kerala,10.4842,76.1044,15129
Shrivardhan,Maharashtra,18.0532,73.0011,15123
Saligram,Karnataka,13.4991,74.7094,15123
Garot,Madhya Pradesh,24.3234,75.652,15122
Phek,Manipur,25.6667,94.5,15118
Sorada,Odisha,19.7608,84.43,15117
Kizhariyūr,Kerala,11.4982,75.6807,15116
Kharhiāl,Odisha,20.2884,82.7606,15087
Tirunāgeswaram,Tamil Nadu,10.9646,79.4293,15082
Naraini,Madhya Pradesh,25.1903,80.475,15077
Lālpur,Gujarat,22.1907,69.9635,15076
Amīngarh,Karnataka,16.0566,75.9477,15073
Panth Pīplia,Madhya Pradesh,24.1951,75.006,15070
Usehat,Uttar Pradesh,27.798,79.2376,15068
Ālūr,Tamil Nadu,8.1931,77.3643,15063
Pachperwa,Uttar Pradesh,27.5123,82.643,15056
Sumbal,Jammu and Kashmir,34.2307,74.6472,15041
Khamaria,Madhya Pradesh,23.2256,79.8801,15019
Misrikh,Uttar Pradesh,27.4314,80.5316,15007
Ūn,Uttar Pradesh,29.5848,77.2554,15007
Kāveripatnam,Tamil Nadu,12.4219,78.2188,15006
Ahwa,Gujarat,20.7572,73.6863,15004
Chakia,Uttar Pradesh,25.0489,83.2215,14999
Loniya,Madhya Pradesh,22.0618,78.9126,14989
Vagator,Goa,15.5977,73.745,14986
Mukkūdal,Tamil Nadu,8.7431,77.5225,14983
Chingoli,Kerala,9.2503,76.452,14981
Perole,Kerala,12.2573,75.1393,14965
Churhat,Madhya Pradesh,24.4274,81.6695,14962
Bhucho Mandi,Punjab,30.2129,75.0969,14961
Sārangarh,Chhattisgarh,21.5861,83.0785,14954
Pandavarmangalam,Tamil Nadu,9.1533,77.8818,14954
Mohiuddinnagar,Bihar,25.5737,85.6694,14938
Chowwara,Kerala,10.1271,76.3871,14933
Biloli,Maharashtra,18.7738,77.7246,14923
Yellāreddi,Telangana,18.1943,78.0178,14923
Kunnumma,Kerala,9.3567,76.4134,14918
Maurānwān,Uttar Pradesh,26.4288,80.8801,14916
Tāl,Madhya Pradesh,23.7198,75.3851,14913
Diyodar,Gujarat,24.1087,71.774,14912
Thottiyam,Tamil Nadu,10.99,78.3341,14909
Shelar,Maharashtra,19.3222,73.0677,14899
Mehnagar,Uttar Pradesh,25.8789,83.1161,14897
New Bongaigaon Railway Colony,Assam,26.4772,90.536,14896
Pānchgani,Maharashtra,17.9245,73.8008,14894
Ghitorni,Delhi,28.4948,77.144,14893
Nawānshahr,Jammu and Kashmir,32.765,74.5277,14884
Bārālotā,Jharkhand,24.0402,84.0806,14880
Palanisettipatti,Tamil Nadu,9.9998,77.4641,14879
Wangoi,Manipur,24.6749,93.8999,14878
Kalas,Maharashtra,18.1724,74.7905,14858
Utrān,Gujarat,21.2333,72.8667,14855
Khānpur,Rajasthan,24.7324,76.396,14854
Pelāwāl,Jharkhand,24.0158,85.3379,14848
Fatehgarh,Uttar Pradesh,27.3641,79.6311,14847
Kunjānpālaiyam,Tamil Nadu,11.5863,77.8011,14834
Sādhaura,Haryana,30.3854,77.222,14818
Sidhpura,Uttar Pradesh,27.6331,78.8692,14815
Yelbarga,Karnataka,15.6154,76.0118,14814
Khargāpur,Madhya Pradesh,24.823,79.144,14813
Sayalgudi,Tamil Nadu,9.1692,78.447,14801
Quepem,Goa,15.2128,74.0772,14795
Nirsā,Jharkhand,23.7844,86.7069,14794
Mudukulathur,Tamil Nadu,9.3417,78.5139,14789
Bānkner,Delhi,28.8525,77.0787,14788
Somāmpālaiyam,Tamil Nadu,11.0484,76.8973,14787
Suhāgi,Madhya Pradesh,23.2206,79.9569,14787
Obra,Bihar,24.891,84.3742,14786
Thiruvidaimaruthur,Tamil Nadu,10.9986,79.4523,14786
Soyatkalan,Madhya Pradesh,24.1886,76.1778,14781
Jetalsar,Gujarat,21.7089,70.577,14771
Kondalwādi,Maharashtra,18.8073,77.7703,14770
Siddāpur,Karnataka,14.3432,74.894,14769
Kottaiyūr,Tamil Nadu,10.1096,78.7956,14766
Meethari Marwar,Rajasthan,27.5762,74.6866,14760
Panisagar,Tripura,24.2545,92.1486,14758
Satlapur,Madhya Pradesh,23.113,77.5266,14755
Kamuthi,Tamil Nadu,9.4073,78.3734,14754
Mādugula,Andhra Pradesh,17.9159,82.8158,14741
Kumārapuram,Tamil Nadu,8.2922,77.3214,14728
Sakharkherda,Maharashtra,20.2056,76.3976,14719
Kupwāra,Jammu and Kashmir,34.0306,74.2642,14711
Mohān,Uttar Pradesh,26.7801,80.675,14709
Amloh,Punjab,30.6084,76.232,14696
Dongargaon,Chhattisgarh,20.9717,80.8508,14693
Khānpur,Uttar Pradesh,28.5345,78.0655,14688
Nilaiyūr,Tamil Nadu,9.8572,78.0598,14684
Wālājābād,Tamil Nadu,12.7904,79.8236,14684
Kāmalāpuram,Andhra Pradesh,14.5983,78.6695,14677
Bhalpara,Gujarat,20.9137,70.387,14676
Mānantheri,Kerala,11.8408,75.6093,14667
Chhāwāla,Delhi,28.5628,77.0033,14662
Makhu,Punjab,31.1034,74.9963,14658
Kandānisshēri,Kerala,10.5979,76.0758,14645
Kodavasal,Tamil Nadu,10.8616,79.4797,14639
Sākoli,Maharashtra,21.087,79.9914,14636
Kota,Uttar Pradesh,24.4464,83.1306,14632
Rajopatti urf Kota Bazar,Bihar,26.5841,85.5051,14631
Karambakkudi,Tamil Nadu,10.4587,79.141,14626
Pātan,Madhya Pradesh,23.2864,79.6896,14624
Kankipādu,Andhra Pradesh,16.4353,80.7672,14616
Ahiri,Maharashtra,19.4139,80.0036,14609
Gurh,Madhya Pradesh,24.5026,81.5004,14608
Mauda,Maharashtra,21.1458,79.3979,14606
Samsikāpuram,Tamil Nadu,9.4156,77.5917,14601
Chandāpuram,Tamil Nadu,8.1584,77.3646,14598
Thazhakara,Kerala,9.2502,76.5674,14596
Wadgaon,Maharashtra,18.7392,73.6394,14595
Bariārpur,Bihar,25.2879,86.5764,14595
Gautampura,Madhya Pradesh,22.9866,75.5192,14584
Kāveripāk,Tamil Nadu,12.9086,79.4622,14583
Gamdi,Gujarat,22.5722,72.9682,14582
Deorī,Maharashtra,21.0676,80.3675,14579
Ammāpettai,Tamil Nadu,10.7948,79.3199,14572
Gandhigram,Tripura,23.892,91.2816,14572
Vennandur,Tamil Nadu,11.5152,78.0907,14568
Rājāsingamangalam,Tamil Nadu,9.6357,78.8461,14565
Nūrmahal,Punjab,31.0966,75.5939,14560
Bād,Uttar Pradesh,27.4107,77.6922,14559
Vanthli,Gujarat,21.4774,70.3311,14554
Sudnā,Jharkhand,24.0526,84.072,14552
Deolimet,Maharashtra,21.158,78.9679,14545
Tengampudūr,Tamil Nadu,8.1158,77.4579,14538
Lakhtar,Gujarat,22.8568,71.7884,14534
Kākalūr,Tamil Nadu,13.1394,79.9287,14528
Jejūri,Maharashtra,18.2766,74.1601,14515
Rāya,Punjab,31.5424,75.2357,14506
Majītha,Punjab,31.7571,74.9589,14503
Saidpur,Uttar Pradesh,28.6109,77.909,14496
Bodri,Madhya Pradesh,23.1652,81.4326,14491
Shāhkot,Punjab,31.0817,75.3371,14488
Dariya,Chandigarh,30.6986,76.8176,14470
Bhagta,Punjab,30.4757,75.0981,14467
Pawai,Madhya Pradesh,24.2664,80.162,14465
Karmeta,Madhya Pradesh,23.2072,79.8962,14452
Dhasa,Gujarat,21.8049,71.5159,14448
Abhanpur,Chhattisgarh,21.0531,81.7409,14432
Baqiabad,Delhi,28.7325,77.2469,14429
Hattīn,Haryana,28.0423,77.2405,14421
Bilkha,Gujarat,21.4415,70.6006,14421
Garacharma,Andaman and Nicobar,11.6137,92.7036,14419
Mānikpur,Uttar Pradesh,25.0608,81.0996,14415
Chik Bānavar,Karnataka,13.0822,77.5019,14409
Karārī,Uttar Pradesh,25.4524,81.4268,14403
Tendūkheda,Madhya Pradesh,23.3962,79.5395,14399
Jāndli,Haryana,30.3571,76.7964,14397
Bhīmnagar,Maharashtra,20.7243,78.5844,14394
Alapakam,Tamil Nadu,12.8944,80.1111,14390
Brahmakulam,Kerala,10.5814,76.0693,14390
Manjathala,Tamil Nadu,11.3624,76.7789,14383
Lānja,Maharashtra,16.8609,73.5499,14377
Dewā,Uttar Pradesh,27.0362,81.1669,14375
Mairang,Meghalaya,25.5616,91.636,14363
Chinchani,Maharashtra,19.8746,72.6851,14357
Dharamjaigarh,Chhattisgarh,22.4638,83.2113,14354
Bilpura,Madhya Pradesh,23.2216,79.9917,14349
Birsinghpur,Madhya Pradesh,24.798,80.9729,14339
Pallikere,Kerala,12.406,75.0397,14334
Bisokhar,Uttar Pradesh,28.8515,77.5842,14332
Kurumpilavu,Kerala,10.411,76.1682,14329
Valayam,Kerala,11.7256,75.6492,14328
Tanakkangulam,Tamil Nadu,9.8877,78.0397,14328
Chammanād,Kerala,12.4802,75.0073,14323
Kottavalasa,Andhra Pradesh,17.8904,83.1907,14321
Vilavūr,Tamil Nadu,8.2669,77.3052,14320
Taloje,Maharashtra,19.0856,73.0984,14318
Mohanūr,Tamil Nadu,11.0594,78.1396,14315
Heggadadevankote,Karnataka,12.0881,76.3296,14313
Salon,Uttar Pradesh,26.0286,81.454,14312
Sendārappatti,Tamil Nadu,11.4373,78.5215,14308
Bhānumukkala,Andhra Pradesh,15.3119,78.2277,14307
Aliyābād,Tamil Nadu,12.6317,79.2164,14304
Huliyār,Karnataka,13.5836,76.5423,14304
Ambahta,Uttar Pradesh,29.8571,77.3358,14303
Nāzirā,Assam,26.9165,94.7361,14302
Rāja Sānsi,Punjab,31.7202,74.8008,14298
Ambikapur Part-X,Assam,24.7992,92.792,14283
Bānsgāon,Uttar Pradesh,26.5503,83.345,14282
Sivandipuram,Tamil Nadu,8.7067,77.4,14281
Bhairāpura,Karnataka,12.22,76.8987,14276
Telo,Jharkhand,23.8179,86.1209,14274
Hadgood,Gujarat,22.5282,72.9785,14262
Rājnagar,Madhya Pradesh,24.8893,79.9118,14253
Saraikela,Jharkhand,22.6996,85.9313,14252
Namsai,Arunachal Pradesh,27.669,95.864,14246
Nārāyanapuram,Andhra Pradesh,14.704,77.578,14227
Ikauna,Uttar Pradesh,27.531,81.9692,14217
Bakewar,Uttar Pradesh,26.6623,79.1762,14217
Mailāni,Uttar Pradesh,28.2909,80.3438,14212
Rāzole,Andhra Pradesh,16.4761,81.8391,14204
Turuvekere,Karnataka,13.1637,76.6664,14194
Sathankulam,Tamil Nadu,8.4416,77.9135,14193
Kyelang,Himachal Pradesh,32.5717,77.0245,14182
Bālasamudram,Tamil Nadu,10.419,77.4992,14179
Adigaratti,Tamil Nadu,11.3344,76.697,14178
Thurayur,Kerala,11.528,75.6709,14176
Pirangut,Maharashtra,18.5084,73.6892,14174
Bhulwāl,Jammu and Kashmir,32.8371,74.8193,14174
Madayikonam,Kerala,10.3715,76.2254,14155
Chirgaon,Uttar Pradesh,25.572,78.8143,14147
Mukāsi Pidāriyūr,Tamil Nadu,11.1955,77.6027,14143
Amarwāra,Madhya Pradesh,22.2978,79.1694,14141
Bijolia,Rajasthan,25.161,75.3233,14140
Shankargarh,Uttar Pradesh,25.182,81.6177,14137
Iluppūr,Tamil Nadu,10.5135,78.6236,14127
Pendra,Chhattisgarh,22.7755,81.9597,14120
Satwās,Madhya Pradesh,22.5363,76.6845,14108
Manoharpur,Tripura,23.7215,91.2126,14105
Haldībāri,West Bengal,26.3389,88.7822,14099
Pakhi Khanauri,Punjab,29.8427,76.1137,14096
Olpād,Gujarat,21.3365,72.7516,14091
Rājim,Chhattisgarh,20.9635,81.8799,14090
Tikkanbankad,Tamil Nadu,8.2216,77.2733,14086
Calapor,Goa,15.4645,73.8466,14077
Moth,Uttar Pradesh,25.726,78.9503,14077
Shergarh,Uttar Pradesh,28.6513,79.3682,14076
Vānsada,Gujarat,20.7582,73.3639,14072
Kasdol,Chhattisgarh,21.6186,82.4249,14071
Pazhanji,Kerala,10.6882,76.0531,14067
Orumanayūr,Kerala,10.5701,76.0291,14064
Pedappai,Tamil Nadu,12.8854,80.022,14063
Ālampur,Telangana,15.8799,78.1335,14060
Sītāmau,Madhya Pradesh,24.0147,75.3532,14056
Simaria,Madhya Pradesh,24.795,81.152,14045
Bilaspur,Himachal Pradesh,31.3303,76.7566,14037
Kirākat,Uttar Pradesh,25.6374,82.916,14034
Ghiror,Uttar Pradesh,27.1891,78.7931,14011
Kesrisinghpur,Rajasthan,29.9475,73.6212,14010
Kozhukkallur,Kerala,11.5146,75.7081,14007
Tenambākkam,Tamil Nadu,12.8102,79.7341,13994
Avinissery,Kerala,10.4699,76.23,13983
Takkolam,Tamil Nadu,13.0164,79.7325,13983
Srīmushnam,Tamil Nadu,11.4012,79.4038,13971
Karuppur,Tamil Nadu,11.717,78.0924,13967
Kodala,Odisha,19.6242,84.9408,13965
Rājāpur,Uttar Pradesh,25.389,81.145,13962
Rabūpura,Uttar Pradesh,28.2515,77.6025,13949
Rāmkola,Uttar Pradesh,26.9017,83.8376,13949
Kākti,Karnataka,15.9316,74.526,13946
Barhi,Madhya Pradesh,23.9033,80.8152,13946
Prasadampadu,Andhra Pradesh,16.6122,80.6844,13941
Lohāru,Haryana,28.4299,75.8078,13937
Goshaingaon,Assam,26.4395,89.9631,13933
Sukma,Chhattisgarh,18.3274,81.6262,13926
Mora,Gujarat,21.1783,72.6589,13924
Meppāyyūr,Kerala,11.5388,75.7351,13922
Chāmkor,Punjab,30.8975,76.4154,13920
Soalkuchi,Assam,26.1681,91.5711,13917
Kotwa,Madhya Pradesh,25.0308,81.3191,13916
Nizāmābād,Uttar Pradesh,26.053,83.0579,13895
Ziro,Arunachal Pradesh,27.595,93.8385,13893
Odaipatti,Tamil Nadu,9.8323,77.4433,13892
Krālapur,Jammu and Kashmir,33.9995,74.8133,13889
Amānganj,Madhya Pradesh,24.4266,80.0358,13886
Damodarpur,Bihar,26.1397,85.3509,13884
Saij,Gujarat,23.2183,72.522,13882
Rāni,Rajasthan,25.3503,73.3089,13880
Shivaji Nagar,Maharashtra,20.1265,79.0336,13877
Buzurg,Madhya Pradesh,25.8904,78.3453,13868
Radhakishorenagar,Tripura,23.8676,91.3427,13866
Joshīmath,Uttarakhand,30.5554,79.5644,13865
Attayampatti,Tamil Nadu,11.5327,78.0536,13852
Pāpampeta,Andhra Pradesh,14.6855,77.578,13850
Bāsugaon,Assam,26.4674,90.4195,13849
Kunkuri,Chhattisgarh,22.742,83.951,13846
Savgadh,Gujarat,23.6165,72.9496,13841
Bhīmavaram,Telangana,18.0299,79.5391,13841
Udayendram,Tamil Nadu,12.6962,78.6227,13837
Nagrota,Jammu and Kashmir,32.8011,74.9132,13836
Barod,Madhya Pradesh,23.7889,75.8116,13834
Cheruthuruthi,Kerala,10.7457,76.2745,13828
Allāhganj,Uttar Pradesh,27.5454,79.6872,13824
Irikkūr,Kerala,11.9867,75.5501,13820
Anandanagar,Tripura,23.8087,91.313,13814
Kharela,Uttar Pradesh,25.5428,79.8124,13798
Tālbahat,Uttar Pradesh,25.0436,78.4344,13789
Kadaura,Uttar Pradesh,25.9854,79.8384,13784
Kurud,Chhattisgarh,20.8307,81.7221,13783
Pātan,Maharashtra,17.3751,73.9014,13779
Tīkri Khurd,Delhi,28.8354,77.1195,13772
Tola Rāmpurwā Motalke Kurwa Mathiā,Bihar,26.8659,84.5279,13758
Chityāl,Telangana,17.2316,79.1281,13752
Solap,West Bengal,22.1278,88.1586,13751
Iglās,Uttar Pradesh,27.711,77.9397,13746
Hindalgi,Karnataka,15.875,74.472,13741
Tikādi,Maharashtra,21.2577,79.226,13741
Ismāilābād,Haryana,30.1172,76.669,13726
Malsīsar,Rajasthan,28.3536,75.2975,13719
Pennāthur,Tamil Nadu,12.2468,79.2259,13718
Mangawān,Madhya Pradesh,24.6675,81.5464,13700
Sivni,Maharashtra,20.688,77.0489,13699
Pandhāna,Madhya Pradesh,21.6982,76.2249,13694
Radaur,Haryana,30.0271,77.1518,13690
Amethī,Uttar Pradesh,26.157,81.8052,13684
Tekanpur,Madhya Pradesh,25.994,78.2832,13681
Kannadiparamba,Kerala,11.9372,75.4031,13677
Pratāpgarh,Uttar Pradesh,25.8951,81.9424,13672
Kalanaur,Punjab,32.0123,75.1506,13671
Vengavasal,Tamil Nadu,12.8991,80.169,13671
Tirupporūr,Tamil Nadu,12.7259,80.1895,13666
Karikād,Kerala,10.7012,76.0679,13656
Sanquelim,Goa,15.5642,74.008,13651
Tīkri,Uttar Pradesh,29.2291,77.3548,13646
Kumaralingam,Tamil Nadu,10.4894,77.3499,13642
Rāmpur,Madhya Pradesh,24.5025,81.0552,13638
Sindi,Maharashtra,20.8051,78.8875,13636
Chittayankottai,Tamil Nadu,10.2686,77.8327,13634
Dantewāra,Chhattisgarh,18.8888,81.3507,13633
Kunjatturu,Kerala,12.7469,74.8878,13633
Baloda,Chhattisgarh,22.1389,82.4817,13630
Garhi,Madhya Pradesh,25.0449,79.6882,13625
Jahānābād,Uttar Pradesh,28.6302,79.7182,13617
Tilang Pur Kotla,Delhi,28.6496,77.0272,13614
Killai,Tamil Nadu,11.4493,79.7668,13608
Shāhpura,Madhya Pradesh,23.1366,79.664,13601
Handwāra,Jammu and Kashmir,34.3968,74.2814,13600
Sirāthu,Uttar Pradesh,25.6429,81.3186,13598
Mahābaleshwar,Maharashtra,17.56,73.4,13598
Chopan,Uttar Pradesh,24.5195,83.0229,13585
Nandelav,Gujarat,21.7203,72.996,13583
Gopāmau,Uttar Pradesh,27.5347,80.2851,13581
Badarwās,Madhya Pradesh,24.9752,77.5649,13571
Tingalāchi,Tamil Nadu,8.201,77.3036,13567
Achanputtūr,Tamil Nadu,9.0414,77.2969,13566
Singapperumālkovil,Tamil Nadu,12.7595,80.0075,13566
Lānjī,Madhya Pradesh,21.5018,80.5406,13558
Arā,Jharkhand,23.7604,85.5415,13547
Sanaswadi,Maharashtra,18.6644,74.1094,13543
Pudu,Karnataka,12.8667,74.9673,13533
Lohogaon,Maharashtra,18.5992,73.927,13529
Anuppankulam,Tamil Nadu,9.4194,77.843,13526
Patiāli,Uttar Pradesh,27.6909,78.9982,13515
Farrukhnagar,Haryana,28.4474,76.8239,13513
Shāhpur,Jharkhand,24.0312,84.0543,13513
Kārimangalam,Tamil Nadu,12.3087,78.2033,13511
Dhakuākhanā,Assam,27.2011,94.4571,13502
Umri,Maharashtra,19.0391,77.6454,13501
Sāsni,Uttar Pradesh,27.7029,78.0828,13498
Karuvellūr,Kerala,12.1761,75.1931,13498
Rāmnagar,Uttar Pradesh,27.085,81.4058,13490
Timmāpur,Telangana,19.0484,78.6414,13485
Anandpar,Gujarat,22.322,70.8456,13483
Pūlāngudi,Tamil Nadu,10.7266,78.8073,13469
Dundigal,Telangana,17.608,78.4146,13465
Shaktinagar,Gujarat,22.1996,69.6592,13463
Khem Karan,Punjab,31.1444,74.5594,13446
Laxmidevipally,Telangana,17.5699,80.6223,13442
Khadkale,Maharashtra,18.7614,73.5576,13435
Bhadarwāh,Jammu and Kashmir,32.9794,75.7172,13429
Daporijo,Arunachal Pradesh,27.9911,94.2296,13405
Mahabaleshwar,Maharashtra,17.9232,73.6586,13393
Hunasamaranahalli,Karnataka,13.1438,77.617,13389
Garhi Pūkhta,Uttar Pradesh,29.5498,77.3088,13381
Odaiyakulam,Tamil Nadu,10.5679,76.9105,13370
Gidi,Jharkhand,23.6909,85.3641,13356
Kureekkad,Kerala,9.9298,76.3746,13348
Māndal,Gujarat,23.2886,71.9185,13345
Kumaragiri,Tamil Nadu,8.7452,78.0522,13344
Manapakkam,Tamil Nadu,13.0158,80.1761,13344
Malkāpur,Maharashtra,16.92,73.9347,13343
Khāga,Uttar Pradesh,25.7722,81.1039,13338
Khailār,Uttar Pradesh,25.3413,78.5313,13334
Kelamangalam,Tamil Nadu,12.6031,77.8519,13321
Mandākād,Tamil Nadu,8.1611,77.2795,13317
Shi Yomi,Arunachal Pradesh,28.53,94.3732,13310
Nagri,Chhattisgarh,20.3465,81.96,13308
Suwāsra,Madhya Pradesh,24.0698,75.6523,13304
Sukhpar,Gujarat,23.2163,69.6091,13303
Ghaura,Madhya Pradesh,24.5059,79.0781,13301
Badarpur,Assam,24.8685,92.5961,13298
Kālāgarh Project Colony,Uttarakhand,29.4778,78.7845,13298
Borkherī,Maharashtra,20.9479,79.015,13294
Gandai,Chhattisgarh,21.6667,81.1001,13278
Asola,Delhi,28.4573,77.1841,13275
Peramangalam,Kerala,10.5733,76.1689,13260
Bijni,Assam,26.4959,90.703,13257
Kuttyattur,Kerala,11.9703,75.4878,13244
Bilariāganj,Uttar Pradesh,26.1959,83.2269,13244
Hājan,Jammu and Kashmir,34.299,74.6168,13239
Kānor,Rajasthan,24.4344,74.2655,13239
Kaniyārakōd-Kizhakumuri,Kerala,10.7441,76.4339,13236
Tirumullaivāsal,Tamil Nadu,11.24,79.837,13234
Bhadkodara,Gujarat,21.6042,73.0148,13233
Kodumudi,Tamil Nadu,11.0775,77.8836,13225
Uklāna,Haryana,29.5112,75.8782,13219
Muttūr,Tamil Nadu,11.0464,77.7363,13212
Majholi,Madhya Pradesh,23.5011,79.924,13210
Vadugappatti,Tamil Nadu,10.1036,77.5731,13204
Suchindram,Tamil Nadu,8.1544,77.467,13193
Bandh Dih,Jharkhand,23.6588,86.0173,13192
Digapahandi,Odisha,19.3728,84.5718,13190
Kharkhauda,Uttar Pradesh,28.8364,77.7416,13189
Manoharpur,Jharkhand,22.3746,85.1923,13189
Guntur,Telangana,17.9962,79.6445,13183
Veillyāchi,Tamil Nadu,8.1517,77.3366,13182
Bīkāpur,Uttar Pradesh,26.5953,82.1327,13177
Goshāinganj,Uttar Pradesh,26.5712,82.3809,13176
Bhamiān Kalān,Punjab,30.9191,75.9423,13174
Sāmbre,Karnataka,15.87,74.6114,13159
Gorrakunta,Telangana,17.9762,79.645,13159
Galpadar,Gujarat,23.0975,70.1251,13155
Udala,Odisha,21.5781,86.5668,13152
Urakam,Kerala,10.4333,76.2167,13149
Krishnasamudram,Tamil Nadu,10.7864,78.8002,13146
Quimoh,Jammu and Kashmir,33.7215,75.0856,13138
Bāghamāra,Meghalaya,25.1895,90.6479,13131
Doboka,Assam,26.1165,92.8637,13118
Rānīr Bāzār,Tripura,23.8346,91.3661,13104
Asangaon,Maharashtra,19.4387,73.3059,13104
Kirodimalnagar,Chhattisgarh,21.9269,83.3323,13102
Trikūr,Kerala,10.4614,76.2734,13093
Narath,Kerala,11.9602,75.3893,13092
Ashti,Maharashtra,19.3767,76.2252,13084
Ningthoukhong,Manipur,24.5717,93.7641,13078
Puttalam,Tamil Nadu,8.0981,77.464,13073
South Kannanur,Tamil Nadu,10.9194,78.7401,13073
Gorakhpur,Haryana,29.4477,75.6721,13068
Jhinkpani,Jharkhand,22.4218,85.7462,13068
Shāhpur,Madhya Pradesh,23.8937,79.0507,13066
Dhemāji,Assam,27.4833,94.5833,13058
Worthi,Maharashtra,21.2401,79.6442,13058
Birbhaddar,Uttarakhand,30.0712,78.2819,13058
Vikāsnagar,Uttarakhand,30.4694,77.7728,13055
Kumarghat,Tripura,24.1597,92.0329,13054
Dadra,Dadra and Nagar Haveli and Daman and Diu,20.325,72.9662,13039
Khallikot,Odisha,19.6091,85.0861,13022
Dankaur,Uttar Pradesh,28.3512,77.5551,13020
Edakkode,Kerala,8.6808,76.8519,12994
Ashokapuram,Tamil Nadu,11.1017,76.9545,12993
Kanīna Khās,Haryana,28.3309,76.311,12989
Daulatpur,Punjab,32.2666,75.6326,12988
Mallānkinar,Tamil Nadu,9.5982,78.0558,12986
Tāttayyangārpettai,Tamil Nadu,11.1242,78.4492,12980
Ladhaura,Madhya Pradesh,25.073,78.8675,12974
Thirukattupalli,Tamil Nadu,10.8443,78.9565,12972
Pochampalli,Telangana,17.3492,78.8228,12972
Vallachira,Kerala,10.4384,76.2271,12970
Bachrā,Jharkhand,23.6884,85.0855,12969
Hulikal,Tamil Nadu,11.3208,76.7733,12960
Madanpur,West Bengal,23.0059,88.4917,12959
Bāli Chak,West Bengal,22.3648,87.553,12957
Ettaiyapuram,Tamil Nadu,9.144,77.9907,12956
Chaurai,Madhya Pradesh,22.0546,79.2519,12956
Malaimāchchampatti,Tamil Nadu,10.9058,77.005,12936
Drug Mulla,Jammu and Kashmir,34.4853,74.2871,12930
Meghnagar,Madhya Pradesh,22.9066,74.5416,12929
Edattirutti,Kerala,10.364,76.1737,12921
Neyyūr,Tamil Nadu,8.1983,77.3038,12917
Katavallūr,Kerala,10.7169,76.0695,12912
Serula,Goa,15.5477,73.8433,12908
Karivali,Maharashtra,19.2917,73.0382,12907
Bilaua,Madhya Pradesh,26.0501,78.2752,12893
Mundi,Madhya Pradesh,22.0669,76.4933,12889
Curtorim,Goa,15.2756,74.0216,12886
Tāti,Jharkhand,23.3772,85.4379,12878
Lakhipur,Assam,24.7928,93.0091,12871
Shāhpur,Gujarat,22.1561,70.7707,12867
Sakrī,Chhattisgarh,22.1054,82.0821,12861
Thirumittacode-II,Kerala,10.7317,76.1607,12855
Pūluvappatti,Tamil Nadu,10.963,76.8158,12853
Ratannagar,Rajasthan,28.2134,74.9552,12841
Chandla,Madhya Pradesh,25.0715,80.1929,12838
Banasthali,Rajasthan,26.404,75.8696,12835
Raghudebbati,West Bengal,22.5256,88.1958,12833
Pratapsasan,Odisha,20.2046,85.8717,12830
Elavalli,Kerala,10.566,76.0912,12819
Bandora,Goa,15.4082,73.9813,12819
Bachhrāwān,Uttar Pradesh,26.4709,81.1158,12809
Pirāwa,Rajasthan,24.1551,76.0273,12807
Mandir Hasaud,Chhattisgarh,21.2237,81.7676,12807
Bāre,Kerala,12.446,75.042,12804
Kot Īsa Khān,Punjab,30.9466,75.1378,12800
Talaināyar Agrahāram,Tamil Nadu,10.5614,79.7723,12798
Reliance Complex,Gujarat,22.344,69.859,12796
Sawyerpuram,Tamil Nadu,8.6822,78.0265,12792
Mangalapādi,Kerala,12.6687,74.9104,12790
Devendranagar,Madhya Pradesh,24.6169,80.3789,12785
Peddaboddepalle,Andhra Pradesh,17.6606,82.6296,12781
Malsiān,Punjab,31.13,75.3502,12780
Kulattūr,Tamil Nadu,11.8486,77.7512,12748
Muri,West Bengal,23.3707,85.8624,12744
Dūdhi,Uttar Pradesh,24.2136,83.2407,12742
Kottapeta,Telangana,17.3059,78.491,12740
Uthukkottai,Tamil Nadu,13.3355,79.89,12740
Dudhani,Maharashtra,17.3579,76.3669,12735
Bandlaguda,Telangana,17.3511,78.3912,12734
Kurāra,Uttar Pradesh,25.9805,79.9898,12730
Digboi Oil Town,Assam,27.3885,95.6189,12726
Ghanpur,Telangana,17.85,79.3667,12721
Puliyūr,Tamil Nadu,10.9499,78.1453,12720
Kadaiya,Dadra and Nagar Haveli and Daman and Diu,20.4645,72.8543,12717
Bakhtāwarpur,Delhi,28.8234,77.1754,12716
Temanūr,Tamil Nadu,8.3326,77.2524,12715
Kodikkulam,Tamil Nadu,9.6493,77.586,12713
Mallāpuram,Tamil Nadu,11.9823,78.248,12705
Shirwal,Maharashtra,18.1506,73.9779,12703
Devrukh,Maharashtra,17.0672,73.6152,12689
Udaiyārpālaiyam,Tamil Nadu,11.1873,79.2933,12688
Dostpur,Uttar Pradesh,26.2749,82.4709,12688
Madhūru,Kerala,12.5398,75.0102,12685
Vāghāpur,Maharashtra,20.3954,78.1106,12684
Maniyur,Kerala,11.9529,75.4481,12681
Ponnamarāvati,Tamil Nadu,10.2803,78.536,12676
Murud,Maharashtra,18.3282,72.9621,12665
Perya,Kerala,11.8333,75.8541,12659
Phūp Kalān,Madhya Pradesh,26.6445,78.8736,12657
Teegalpahad,Telangana,18.859,79.4892,12656
Pullur,Kerala,10.345,76.2445,12656
Lakshmīnārāyanapuram,Tamil Nadu,11.7914,79.5555,12648
Awantipur,Jammu and Kashmir,33.9198,75.0152,12647
Pondūru,Andhra Pradesh,18.3496,83.7565,12640
Orīkkai,Tamil Nadu,12.8016,79.7111,12638
Khudāganj,Uttar Pradesh,28.1461,79.7147,12636
Vavol,Gujarat,23.2252,72.6209,12628
Vangani,Maharashtra,19.0924,73.2971,12628
Barela,Madhya Pradesh,23.0968,80.0508,12620
Nannilam,Tamil Nadu,10.8793,79.6106,12618
Barharwā,Jharkhand,24.8571,87.779,12617
Puthukkad,Kerala,10.4177,76.2701,12615
Sonegaon,Maharashtra,20.6292,78.6921,12614
Pingawān,Haryana,27.8959,77.1022,12612
Dommasandra,Karnataka,12.8779,77.7534,12610
Sirsā,Uttar Pradesh,25.2634,82.0919,12608
Gandhinagar,Maharashtra,16.7071,74.3005,12601
Mānegaon,Madhya Pradesh,23.2062,80.0123,12599
Malkera,Jharkhand,23.7821,86.2877,12591
Isāgarh,Madhya Pradesh,24.8391,77.8827,12583
Medankarwadi,Maharashtra,18.7478,73.8691,12576
Sabaur,Bihar,25.2428,87.0446,12575
Becharaji,Gujarat,23.4994,72.0447,12574
Mahendranagar,Gujarat,22.8401,70.8603,12565
Madanayakahalli,Karnataka,13.0587,77.4621,12563
Gua,Jharkhand,22.2136,85.3877,12554
Samarvarni,Dadra and Nagar Haveli and Daman and Diu,20.2563,73.008,12553
Uniāra,Rajasthan,25.915,76.026,12551
Nāgothana,Maharashtra,18.5422,73.1349,12549
Sembedu,Tamil Nadu,13.1298,79.5634,12548
Singarva,Gujarat,23.0229,72.6974,12547
Akoda,Madhya Pradesh,26.5334,78.9036,12534
Hansot,Gujarat,21.585,72.8076,12525
Ammūr,Tamil Nadu,12.975,79.3628,12513
Hadiāya,Punjab,30.3276,75.502,12507
Kondūr,Tamil Nadu,11.754,79.7045,12506
Chūndal,Kerala,10.624,76.0921,12502
Vengurla,Maharashtra,15.8612,73.6318,12498
Rermā,Jharkhand,24.0372,84.0818,12497
Vedasandūr,Tamil Nadu,10.531,77.9502,12493
Mayyīl,Kerala,11.9848,75.4384,12490
Karunguli,Tamil Nadu,12.5332,79.9039,12485
Siāt,Rajasthan,25.8879,73.7385,12472
Dunetha,Dadra and Nagar Haveli and Daman and Diu,20.4294,72.851,12470
Navelim,Goa,15.5333,73.9833,12469
Arumbāvūr,Tamil Nadu,11.381,78.7297,12467
Pudur,Tamil Nadu,9.0001,77.2076,12457
Vaddu,Karnataka,15.1866,76.6311,12453
Mārāndahalli,Tamil Nadu,12.3883,78.0032,12451
Bommināyakkanpatti,Tamil Nadu,11.6823,78.0545,12448
Kānkon,Goa,15.027,74.0462,12444
Mālhīpur,Bihar,25.4069,86.0234,12439
Usgao,Goa,15.4333,74.0667,12436
Canacona,Karnataka,14.9959,74.0506,12434
Kurumbalūr,Tamil Nadu,11.236,78.8005,12420
Aravakkurichchi,Tamil Nadu,10.776,77.9087,12412
Sirāppalli,Tamil Nadu,11.4544,78.2453,12403
Nedumpura,Kerala,10.7328,76.2644,12399
Kherdi,Maharashtra,17.5189,73.5566,12397
Chinnasekkadu,Tamil Nadu,13.1609,80.2573,12396
Kānodar,Gujarat,24.0893,72.3935,12389
Balitha,Gujarat,20.3893,72.9135,12380
Thummalamenta,Andhra Pradesh,15.0276,78.0235,12373
Tāmaraikkulam,Tamil Nadu,10.1085,77.5552,12372
Rānāpur,Madhya Pradesh,22.647,74.5212,12371
Ālangudi,Tamil Nadu,10.3606,78.9849,12367
Maindargi,Maharashtra,17.4574,76.2932,12363
Chennithala,Kerala,9.2808,76.5185,12360
Ichora,Telangana,19.4297,78.4528,12358
Vinchia,Gujarat,22.2103,71.3797,12355
Bhagur,Maharashtra,19.876,73.8338,12353
Ibrāhīmpatan,Telangana,17.1957,78.651,12349
Iringappuram,Kerala,10.6103,76.0525,12343
Māndleshwar,Madhya Pradesh,22.176,75.66,12343
Palej,Gujarat,21.9155,73.0789,12334
Alangānallūr,Tamil Nadu,10.047,78.0903,12331
Periyakoduveri,Tamil Nadu,11.4778,77.299,12330
Harduāganj,Uttar Pradesh,27.9436,78.1579,12328
Navelim,Goa,15.2588,73.9664,12323
Nāgireddipalli,Andhra Pradesh,14.27,79.1013,12318
Odlābāri,West Bengal,26.8364,88.6294,12311
Mursān,Uttar Pradesh,27.5779,77.9409,12310
Pāvaratti,Kerala,10.5648,76.0625,12299
Captainganj,Uttar Pradesh,26.9264,83.7133,12299
Athmallik,Odisha,20.7212,84.5351,12298
Atmākūr,Telangana,16.338,77.8086,12297
Parnera,Gujarat,20.561,72.9485,12296
Hatwāns,Madhya Pradesh,22.7683,78.3464,12295
Tharīke,Punjab,30.8667,75.7816,12294
Barjora,West Bengal,23.4275,87.2904,12294
Bhagdawada,Gujarat,20.4334,72.9135,12291
Sikandra,Uttar Pradesh,26.3672,79.6298,12289
Mundāli,Uttar Pradesh,28.8698,77.8266,12287
Deori,Chhattisgarh,21.45,82.6167,12286
Mavitāyi,Kerala,11.8412,75.477,12286
Polāia Kalān,Madhya Pradesh,23.2119,76.5529,12268
Gohpur,Assam,26.8818,93.6156,12223
Ghogha,Gujarat,21.6881,72.2763,12208
Ottaikkālmantapam,Tamil Nadu,10.8827,76.9943,12207
Amethi,Uttar Pradesh,28.0167,81.05,12206
Ravapara,Gujarat,22.7956,70.8258,12206
Kambainallur,Tamil Nadu,12.2066,78.3172,12194
Namchi,Sikkim,27.1649,88.3638,12190
Bodeli,Gujarat,22.2731,73.7158,12184
Kuttūr,Kerala,10.5586,76.1998,12179
Ayyampālaiyam,Tamil Nadu,10.2253,77.7485,12175
Papparapatti,Tamil Nadu,12.2209,78.0592,12174
Bishnupur,Manipur,24.6284,93.7618,12167
Ponnampatti,Tamil Nadu,10.3668,78.3955,12167
Bhonrāsa,Madhya Pradesh,22.993,76.2098,12166
Pānsemāl,Madhya Pradesh,21.6598,74.6994,12166
Mullasshēri,Kerala,10.5333,76.0858,12165
Tirumalaiyampālaiyam,Tamil Nadu,10.879,76.9295,12164
Sapatgrām,Assam,26.3373,90.1236,12163
Mashāt,Dadra and Nagar Haveli and Daman and Diu,20.2451,73.0084,12139
Khadki Buzurg,Maharashtra,20.6676,77.0223,12133
Yāripur,Jammu and Kashmir,33.7225,75.0181,12123
Elandacheri,Tamil Nadu,13.1898,80.271,12119
Nālvādi,Maharashtra,20.7574,78.6222,12119
Rambha,Odisha,19.5167,85.1,12111
Barghāt,Madhya Pradesh,22.0306,79.7328,12100
Ichchhapor,Gujarat,21.1931,72.7365,12097
Neykkārappatti,Tamil Nadu,11.6225,78.1058,12090
Erumaippatti,Tamil Nadu,11.1467,78.29,12085
Jawhār,Maharashtra,19.9121,73.2268,12082
Sankheda,Gujarat,22.1702,73.5782,12077
Chandkapur,Maharashtra,21.2815,79.1042,12077
Pēragam,Kerala,10.5988,76.024,12072
Borī,Maharashtra,20.9121,79.0045,12072
Habibpur,Bihar,25.2383,86.9468,12063
Pachmarhi,Madhya Pradesh,22.4679,78.4331,12062
Trimbak,Maharashtra,19.9327,73.5291,12056
Saurikh,Uttar Pradesh,27.0305,79.4881,12055
Karukkalvādi,Tamil Nadu,11.6714,78.0126,12052
Hātā,Uttar Pradesh,26.7412,83.7453,12050
Kharar,West Bengal,22.7221,87.6782,12049
Chandwā,Jharkhand,23.6756,84.7401,12046
Kovilpālaiyampūdur,Tamil Nadu,11.5077,77.3629,12044
Mubārakpur Dobās,Delhi,28.7098,77.0394,12043
Vāv,Gujarat,24.3646,71.512,12034
Arachchalūr,Tamil Nadu,11.1627,77.7007,12034
Yol Cantonment,Himachal Pradesh,32.1845,76.3816,12028
Kāti,Maharashtra,17.9614,75.8889,12022
Vikravāndi,Tamil Nadu,12.0369,79.546,12022
Kozhancheri,Kerala,9.35,76.7,12021
Bihpuria,Assam,27.0169,93.915,12016
Gangavalli,Tamil Nadu,11.4983,78.6497,12015
Kaniyūr,Tamil Nadu,11.093,77.156,12011
Balimila,Odisha,18.2517,82.1066,12008
Marwar Junction,Rajasthan,25.725,73.6033,12004
Colva,Goa,15.2798,73.9228,12000
Dayapar,Gujarat,23.6337,68.9019,12000
Etikoppāka,Andhra Pradesh,17.5,82.7333,12000
Khairābād,Rajasthan,24.6596,75.9307,11993
Karumbākkam,Tamil Nadu,12.702,80.0911,11992
Sailāna,Madhya Pradesh,23.4622,74.9232,11989
Paramati,Tamil Nadu,11.1544,78.0213,11986
Cavelossim,Goa,15.1726,73.9419,11983
Jobat,Madhya Pradesh,22.416,74.5683,11976
Mānkuwa,Gujarat,23.2099,69.5676,11975
Āshti,Maharashtra,18.8052,75.1756,11972
Natathara,Kerala,10.5092,76.259,11969
Gūdūr,Karnataka,15.9391,75.914,11969
Pākhar,Rajasthan,27.1174,76.9109,11960
Adalaj,Gujarat,23.1645,72.5811,11957
Kukdeshwar,Madhya Pradesh,24.4828,75.2676,11956
Mana-Camp,Chhattisgarh,21.194,81.717,11953
Bankimnagar,Tripura,23.8187,91.4313,11949
Kharaghoda,Gujarat,23.1871,71.7266,11944
Ganguvārpatti,Tamil Nadu,10.1694,77.6974,11942
Bolānīkhodān,Odisha,22.1131,85.3364,11942
Balīrāmpur,Maharashtra,19.1208,77.3394,11939
Rāmpur,Madhya Pradesh,24.3399,81.4753,11936
Rājur,Maharashtra,20.1109,78.8931,11934
Sātraud Kalān,Haryana,29.103,75.8147,11932
Sāwa,Rajasthan,24.7589,74.5799,11923
Santirbazar,Tripura,23.3123,91.5613,11921
Benaulim,Goa,15.2644,73.9281,11919
Athner,Madhya Pradesh,21.6238,77.9152,11915
Delvāda,Gujarat,20.7754,71.0465,11912
Pallappālaiyam,Tamil Nadu,10.9951,77.0845,11910
Attūr,Tamil Nadu,8.3224,77.2558,11910
Amarpur,Tripura,23.5257,91.6588,11906
Parappukkara,Kerala,10.4005,76.2493,11893
Rāmānuj Ganj,Chhattisgarh,23.8064,83.6998,11893
Majhauli,Madhya Pradesh,24.1197,81.63,11892
Labbaikkudikkādu,Tamil Nadu,11.3922,79.0218,11891
Māldhe,Maharashtra,20.5216,74.5534,11881
Sirmaur,Madhya Pradesh,24.8365,81.3645,11878
Umrāla,Gujarat,21.8435,71.803,11874
Tamarakutamkudiyiruppu,Tamil Nadu,8.1014,77.4937,11872
Barhi,Jharkhand,24.3036,85.4142,11867
Gobindapur,Assam,26.1632,90.5927,11863
Udiyāvara,Karnataka,13.3025,74.7387,11854
Yelur,Karnataka,15.7816,74.5182,11850
Kurattissery,Kerala,9.3187,76.5282,11849
Atraulia,Uttar Pradesh,26.3333,82.9473,11847
Tibri,Punjab,32.0031,75.4505,11845
Kāttakampāla,Kerala,10.6942,76.0336,11836
Partābpur,Madhya Pradesh,21.8343,75.6373,11835
Berīwāla,Rajasthan,28.7046,72.6419,11831
Egarkunr,Jharkhand,23.751,86.7694,11829
Arwani,Jammu and Kashmir,33.7823,75.0674,11815
Satgawan,Jharkhand,24.548,84.282,11811
Sarjāpur,Karnataka,12.8598,77.7866,11807
Shitāb Diāra,Bihar,25.7563,84.6133,11800
Ilampillai,Tamil Nadu,11.6066,78.0068,11797
Chittapāri,Odisha,18.2433,82.0499,11796
Sidsar,Gujarat,21.7189,72.1112,11795
Nahira,Assam,26.1093,91.4704,11790
Nagapur,Maharashtra,19.1585,74.7009,11790
Avalpūndurai,Tamil Nadu,11.231,77.7182,11789
Gobindapur,West Bengal,22.5931,88.0914,11781
Bihpuriāgaon,Assam,27.0172,93.9167,11780
Lāla,Assam,24.5542,92.6159,11771
Mailāram,Telangana,17.5013,78.1239,11759
Valangaiman,Tamil Nadu,10.8901,79.3932,11754
Kuhalur,Tamil Nadu,11.4338,77.496,11753
Neykkārappatti,Tamil Nadu,10.4489,77.4627,11753
Ganjām,Odisha,19.387,85.0508,11747
Chilla Saroda Khadar,Delhi,28.5876,77.3036,11743
Bilāspur,Haryana,30.3045,77.3042,11733
Sevugampatti,Tamil Nadu,10.1988,77.8046,11730
Vadakkumbāgam,Kerala,10.1418,76.4168,11727
Ranoli,Gujarat,22.4007,73.1354,11726
Pankhedi,Madhya Pradesh,23.3471,76.8363,11723
Cherrapunjee,Meghalaya,25.3009,91.6962,11722
Lido Town,Assam,27.294,95.7418,11717
Lakkampatti,Tamil Nadu,11.4461,77.4118,11716
Kelwa,Rajasthan,25.1521,73.8433,11712
Salpara Molandubi Pt.-I,Assam,26.0283,90.6735,11709
Bālāgunda,Odisha,22.1,85.3667,11708
Aduthurai,Tamil Nadu,11.0154,79.4809,11705
Hosakote,Karnataka,14.276,77.1683,11692
Ambicapur Pt VIII,Assam,24.8209,92.7754,11691
Chechat,Rajasthan,24.7667,75.8833,11690
Nachane,Maharashtra,16.9844,73.3393,11688
Hamīrgarh,Rajasthan,25.1877,74.6312,11678
Makron,Madhya Pradesh,23.5067,76.0748,11678
Naduvattam,Tamil Nadu,11.4808,76.5436,11674
Jainpur,Uttar Pradesh,26.1539,83.335,11674
Ullūr,Tamil Nadu,10.9706,79.4063,11673
Kīranūr,Tamil Nadu,10.5699,78.7868,11667
Naranapuram,Tamil Nadu,9.4505,77.8352,11665
Vedappatti,Tamil Nadu,10.9988,76.896,11658
Freelandgunj,Gujarat,22.8384,74.2363,11657
Akodia,Madhya Pradesh,23.3803,76.5988,11652
Panamaram,Kerala,11.7401,76.0737,11651
Bishnāh,Jammu and Kashmir,32.6106,74.8556,11645
Chikiti,Odisha,19.2023,84.6145,11645
Veeraganur,Tamil Nadu,11.4768,78.7352,11624
Padiyam,Kerala,10.4526,76.103,11623
Shāhāpur,Maharashtra,19.4523,73.3257,11623
Saitual,Mizoram,23.6831,92.9671,11619
Chiman,Punjab,30.0936,75.6875,11615
Rehti,Madhya Pradesh,22.7378,77.434,11611
Nadisāl,Karnataka,13.1326,74.7777,11611
Kallakkudi,Tamil Nadu,10.9768,78.9513,11604
Veluthūr,Kerala,10.5397,76.2238,11602
Gokunda,Maharashtra,19.6071,78.2007,11600
Devipattinam,Tamil Nadu,9.4776,78.8956,11599
Yercaud,Tamil Nadu,11.776,78.2093,11582
Velloorkunnam,Kerala,10.0047,76.5474,11576
Vadapādam,Kerala,10.2673,76.2666,11573
Titron,Uttar Pradesh,29.6682,77.3239,11569
Hasanpur,Haryana,27.9694,77.4954,11569
Bhim,Rajasthan,25.738,74.0801,11568
Chikkabidarakallu,Karnataka,13.0516,77.4884,11554
Govindgarh,Rajasthan,27.5042,76.9994,11552
Tirurāgeswaram,Tamil Nadu,13.0092,80.1475,11551
Kudwā,Maharashtra,21.478,80.1856,11549
Chinnakkāmpālaiyam,Tamil Nadu,10.7064,77.4575,11546
Rajgamar,Chhattisgarh,22.382,82.833,11544
Uppala,Kerala,12.6844,74.9007,11542
Kōlazhi,Kerala,10.5724,76.2187,11540
Dharmaram,Telangana,18.3038,79.4892,11537
Panapākkam,Tamil Nadu,12.921,79.5663,11536
Tsrār Sharīf,Jammu and Kashmir,33.8632,74.7652,11533
Chākāi,Bihar,24.5493,86.3978,11525
Pātrasāer,West Bengal,23.197,87.5332,11520
Jīran,Madhya Pradesh,24.3087,74.8909,11518
Ayodhyāpattanam,Tamil Nadu,11.6755,78.2409,11517
Potreddipalli,Telangana,17.588,78.0798,11514
Puduppatti,Tamil Nadu,9.7658,77.3065,11511
Orchha,Madhya Pradesh,25.3519,78.6403,11511
Arasūr,Tamil Nadu,11.0866,77.1146,11510
Chitegaon,Maharashtra,19.7584,75.2895,11507
Talaiyūr,Tamil Nadu,11.0102,76.849,11500
Kamalāpuram,Telangana,18.268,80.489,11493
Thondamuthur,Tamil Nadu,10.9908,76.8418,11492
Dhuwaran,Gujarat,22.2378,72.7591,11473
Bandarulanka,Andhra Pradesh,16.5828,81.9617,11470
Masila,West Bengal,22.5808,88.2328,11461
Hinjawadi,Maharashtra,18.5934,73.7298,11459
Uniāra,Rajasthan,26.1534,75.2152,11441
Dumarkunda,Jharkhand,23.715,86.7935,11434
Pudūr,Tamil Nadu,12.998,79.1435,11432
Nārāyanavanam,Andhra Pradesh,13.4256,79.5888,11432
Dalmau,Uttar Pradesh,26.0648,81.0298,11432
Sargūr,Karnataka,11.9997,76.3961,11425
Nagīna,Haryana,27.9172,76.9821,11417
Modameedipalle,Andhra Pradesh,14.736,78.5606,11397
Azhagiapāndipuram,Tamil Nadu,8.3007,77.4439,11392
Kādiyāmpatti,Tamil Nadu,11.872,78.0961,11390
Lakhnā,Uttar Pradesh,26.6482,79.1477,11389
Roing,Arunachal Pradesh,28.1432,95.8447,11389
Kūttāli,Kerala,11.5855,75.7666,11389
Kadattūr,Tamil Nadu,12.0861,78.2926,11382
Pudupalayam,Tamil Nadu,12.362,78.8776,11382
Utekhol,Maharashtra,18.2439,73.2867,11380
Harji,Rajasthan,25.2918,72.8598,11380
Kakching Khunou,Manipur,24.4047,93.8998,11379
Mangalam,Tamil Nadu,9.7647,78.6404,11379
Singhāna,Rajasthan,28.0996,75.839,11372
Farīdnagar,Uttar Pradesh,28.7692,77.6293,11371
Gakulnagar,Tripura,23.7116,91.2571,11369
Konaje,Karnataka,12.797,75.5102,11368
Dariāwad,Rajasthan,24.1012,74.4431,11368
Bishrampur,Chhattisgarh,23.1897,83.0047,11367
Bagra,Jharkhand,23.7333,86.3167,11364
Meghraj,Gujarat,23.498,73.5135,11363
Tākalghāt,Maharashtra,20.9152,78.9469,11363
Sānrha,Bihar,25.7979,84.7504,11362
Barāgaon,Uttar Pradesh,25.4294,82.8171,11362
Mahalpur,Punjab,31.3618,76.0377,11360
Uttar Champamura,Tripura,23.8312,91.3399,11359
Sēvūr,Tamil Nadu,12.9555,78.8531,11356
Jobner,Rajasthan,26.9726,75.3875,11354
Vartej,Gujarat,21.7395,72.0655,11354
Rāmpura,Uttar Pradesh,26.3497,79.1823,11347
Venkidanga,Kerala,10.5192,76.086,11335
Sorab,Karnataka,14.3814,75.0918,11332
Shamsābād,Madhya Pradesh,23.815,77.4957,11329
Manimutharu,Tamil Nadu,8.6577,77.4139,11323
Lakshettipet,Telangana,18.8667,79.2167,11322
Gobindpur,Jharkhand,23.8356,86.5185,11318
Yol,Himachal Pradesh,32.1642,76.1962,11314
Udayagiri,Odisha,20.1242,84.3687,11302
Ghāzīpur,Bihar,25.0983,86.6603,11299
Belaguntha,Odisha,19.8825,84.638,11297
Kānjikkovil,Tamil Nadu,11.3689,77.5962,11294
Uppidamangalam,Tamil Nadu,10.9034,78.1575,11292
Manohar Thāna,Rajasthan,24.24,76.8018,11292
Sonāmura,Tripura,23.4755,91.2659,11285
Puduvayal,Tamil Nadu,10.1034,78.8462,11284
Allipur,Telangana,17.6763,77.6289,11276
Sinor,Gujarat,21.9112,73.3397,11267
Karnāwad,Madhya Pradesh,22.7361,76.2439,11266
Tirumalarājanpatnam,Puducherry,10.8721,79.8302,11264
Antarjal,Gujarat,23.0544,70.0831,11256
Kānota,Rajasthan,26.871,75.9484,11250
Idukki,Kerala,9.85,76.9667,11248
Pathsala,Assam,26.5114,91.1802,11242
Marungūr,Tamil Nadu,8.1721,77.5037,11236
Kadambuttūr,Tamil Nadu,13.0976,79.8623,11235
Srirampura,Karnataka,12.2549,76.6215,11234
Shivatkar,Maharashtra,18.1016,74.2142,11228
Rāyagiri,Tamil Nadu,9.3037,77.4475,11223
Anandnagar,Uttar Pradesh,27.1006,83.2716,11220
Chandūr,Telangana,17.8746,78.1002,11220
Chapra,Assam,24.8704,92.5579,11220
Sādāt,Uttar Pradesh,25.6712,83.3027,11211
Kavaratti,Lakshadweep,10.5669,72.642,11210
Barkhera Kalān,Uttar Pradesh,28.4521,79.8066,11209
Bhatgaon,Chhattisgarh,23.3598,82.9966,11204
Tawang Town,Arunachal Pradesh,27.5742,91.795,11202
Hasir,Jharkhand,23.7735,85.814,11195
Murgūd,Maharashtra,16.396,74.1914,11194
Andrott,Lakshadweep,10.8119,73.6741,11191
Tundhul,Jharkhand,23.3247,85.2447,11190
Diwākari,Rajasthan,27.5552,76.6594,11188
Guntupalle,Andhra Pradesh,16.5679,80.5476,11187
Pillānallūr,Tamil Nadu,11.4322,78.1334,11181
Dohrighāt,Uttar Pradesh,26.2722,83.5092,11180
Puliyūr,Tamil Nadu,10.6337,78.8414,11174
Pudūr,Tamil Nadu,11.6328,78.1051,11173
Tirupananthal,Tamil Nadu,11.0923,79.4525,11169
Raj Pur Khurd,Delhi,28.4944,77.1908,11161
Fulkumari,Tripura,23.523,91.5048,11160
Bahsūma,Uttar Pradesh,29.2006,77.9722,11157
Bānskhoh,Rajasthan,26.8309,76.152,11150
Poomangalam,Kerala,10.3113,76.1929,11141
Atru,Rajasthan,24.8769,76.661,11141
Annāl Agrahāram,Tamil Nadu,10.9485,79.3683,11129
Perur,Andhra Pradesh,13.6188,79.3826,11127
Chhutmalpur,Uttar Pradesh,30.0321,77.7533,11127
Keskāl,Chhattisgarh,20.0836,81.5868,11115
Mūlaikkaraippatti,Tamil Nadu,8.5454,77.7679,11112
Maidan Garhi,Delhi,28.5003,77.2056,11111
Velankanni,Tamil Nadu,10.6833,79.8333,11108
Okni,Jharkhand,24.0001,85.3548,11106
Kempanāyakkanpālaiyam,Tamil Nadu,11.531,77.3014,11103
Bisenda Buzurg,Uttar Pradesh,25.4035,80.6189,11100
Kulattūr,Tamil Nadu,10.7052,78.5507,11083
Bhattiān,Punjab,30.961,75.8289,11066
Hanūr,Karnataka,12.0874,77.3021,11066
Chiramanangād,Kerala,10.6904,76.1177,11060
Cheyyur,Tamil Nadu,12.3495,80.003,11060
Kottāram,Tamil Nadu,8.1188,77.5243,11055
Ghogaon,Madhya Pradesh,21.9162,75.7473,11054
Bilha,Chhattisgarh,21.95,82.05,11048
Sāitlaw,Mizoram,23.9719,92.5745,11043
Kāttupputtūr,Tamil Nadu,10.9938,78.2193,11040
Varsoli,Maharashtra,18.6665,72.8692,11039
Attippattu,Tamil Nadu,13.2633,80.2911,11034
Rahā,Assam,26.2333,92.5167,11030
Satrikh,Uttar Pradesh,26.8604,81.1957,11023
Būdipuram,Tamil Nadu,10.0035,77.4458,11022
Khawzawl,Mizoram,23.5177,93.1889,11022
Gerimari Chapori,Assam,26.4278,92.0251,11004
Harrai,Madhya Pradesh,22.6143,79.2221,11000
Pāndātarai,Chhattisgarh,22.1871,81.3281,11000
Benkanhalli,Karnataka,15.8641,74.457,10999
Anjugramam,Tamil Nadu,8.1544,77.5781,10982
Budha Thēh,Punjab,31.5177,75.3009,10979
Mandāwar,Rajasthan,27.8637,76.55,10979
Amgaon,Maharashtra,21.372,80.3845,10972
Mahu Khurd,Rajasthan,26.4693,76.7325,10971
Nasiyanūr,Tamil Nadu,11.3381,77.6408,10970
Mahāgama,Jharkhand,25.0342,87.3187,10969
Manavālakurichi,Tamil Nadu,8.1478,77.3055,10969
Tottakkurichchi,Tamil Nadu,11.0713,78.0315,10969
Bhābhra,Madhya Pradesh,22.5305,74.3285,10968
Ettāpur,Tamil Nadu,11.6624,78.4764,10968
Bhimpur,Dadra and Nagar Haveli and Daman and Diu,20.45,72.8833,10936
Solim,Goa,15.6152,73.7674,10936
Gola Bāzār,Uttar Pradesh,26.3446,83.353,10936
Satrod Khas,Haryana,29.1308,75.7916,10932
Rahanal,Maharashtra,19.2704,73.0272,10928
Bhuja Bhuja Nellore,Andhra Pradesh,14.3947,79.9399,10927
Marudūr,Tamil Nadu,10.916,78.4509,10925
Moparipālaiyam,Tamil Nadu,11.1332,77.147,10923
Kesabpur,West Bengal,22.9683,88.2628,10921
Daurāla,Uttar Pradesh,29.1134,77.7047,10915
Mehmood Pora,Jammu and Kashmir,33.6874,74.9952,10910
Būriya,Haryana,30.1591,77.3581,10903
Gudlavalleru,Andhra Pradesh,16.35,81.05,10902
Gutlong Gaon,Assam,26.6534,92.8161,10900
Kheri Sāmpla,Haryana,28.7781,76.7756,10891
Virālimalai,Tamil Nadu,10.6023,78.5471,10883
Chandūr,Telangana,16.9808,79.0588,10880
Narasingāpuram,Andhra Pradesh,13.6076,79.3165,10875
Kamalpur,Tripura,24.1959,91.8344,10872
Māyāpur,West Bengal,22.4167,88.1167,10871
Rengāli,Odisha,21.646,84.0531,10867
Dever Inder Bug,Jammu and Kashmir,34.4558,74.4507,10863
Pāliyād,Gujarat,22.2576,71.5602,10862
Anjūr,Kerala,10.5917,76.1545,10860
Sakkimangalam,Tamil Nadu,9.8812,78.1924,10854
Vīraganūr,Tamil Nadu,11.4761,78.7355,10854
Vubatalai,Tamil Nadu,11.3597,76.765,10852
Valavilcheleri,Kerala,11.9525,75.4043,10848
Kargal,Karnataka,14.1883,74.8127,10847
Pratāp Singhwāla,Punjab,30.9282,75.7786,10843
Thongju,Manipur,24.7576,93.9374,10836
Kālappanāyakkanpatti,Tamil Nadu,11.3284,78.2444,10831
Sangmeshwār,Maharashtra,20.5499,74.5283,10815
Dispur,Assam,26.1356,91.8007,10812
Nangavalli,Tamil Nadu,11.7619,77.8909,10809
Nemili,Tamil Nadu,12.9783,79.6172,10806
Jāli,Karnataka,13.99,74.5307,10802
Tekkumbāgam,Kerala,10.1234,76.4166,10798
Ajjampur,Karnataka,13.7279,76.0068,10795
Krishnarayapuram,Tamil Nadu,10.9563,78.2831,10792
Kizhakkumbāgam,Kerala,10.1315,76.4447,10791
Bagrāna,Rajasthan,26.8847,75.9324,10790
Medpalli,Telangana,17.4061,78.6044,10787
Mauli Jagran,Chandigarh,30.692,76.8259,10786
Khujner,Madhya Pradesh,23.786,76.6177,10785
Gangaikondān,Tamil Nadu,8.8578,77.7802,10779
Allāpalli,Maharashtra,19.4317,80.0638,10772
Bhankarpur,Punjab,30.6062,76.8363,10768
Bāgli,Madhya Pradesh,22.6412,76.3488,10764
Kallupatti,Tamil Nadu,9.7167,77.8667,10762
Nawābganj,Uttar Pradesh,26.4972,80.3093,10758
Partāpur,Rajasthan,23.5928,74.174,10758
Choglamsar,Ladakh,34.1116,77.5879,10754
Chhachhrauli,Haryana,30.2449,77.3603,10751
Ammavarikuppam,Tamil Nadu,13.1779,79.4128,10750
Mahuver,Gujarat,21.0267,72.8868,10749
Sirugamani,Tamil Nadu,10.895,78.5301,10743
Pulāmbādi,Tamil Nadu,11.4124,78.7141,10737
Kālīnagar,Uttar Pradesh,28.6202,80.0815,10728
Bramhabarada,Odisha,20.7426,86.2445,10721
Siltara,Chhattisgarh,21.3812,81.6638,10721
Rājāpur,Maharashtra,16.6568,73.517,10718
Nālāgarh,Himachal Pradesh,31.0417,76.7228,10708
Raia,Goa,15.305,73.971,10706
Maktampur,Gujarat,21.7051,73.0119,10704
Gopālasamudram,Tamil Nadu,8.6747,77.6379,10694
Parshādepur,Uttar Pradesh,26.0735,81.4921,10690
Alampur,Madhya Pradesh,26.0251,78.797,10686
Pīplya Kumar,Madhya Pradesh,22.7685,75.9121,10684
Kathāniān,Punjab,31.6373,74.7572,10679
Chakghat,Madhya Pradesh,25.0428,81.7281,10678
Bhulath Gharbi,Punjab,31.5428,75.5076,10669
Kushālgarh,Rajasthan,23.199,74.4507,10666
Māndu,Madhya Pradesh,22.3412,75.4013,10657
patamda,Jharkhand,24.3,85.4167,10655
Puranattukara,Kerala,10.5453,76.1522,10655
Chāndarun,Rajasthan,26.927,74.3355,10655
Pūth Khurd,Delhi,28.77,77.0494,10654
Khanr,Madhya Pradesh,24.1808,81.2857,10653
Srīrāmpuram,Tamil Nadu,10.4346,77.8075,10653
Periyapatti,Tamil Nadu,10.7581,77.2709,10647
Karrāpur,Madhya Pradesh,23.9489,78.8658,10647
Dhāna,Madhya Pradesh,23.747,78.8623,10641
Jona Pur,Delhi,28.4662,77.1538,10635
Kulattūr,Tamil Nadu,9.0032,78.1928,10632
Tākli,Maharashtra,20.4707,75.0244,10630
Betūl Bazār,Madhya Pradesh,21.8557,77.9291,10630
Tālgrām,Uttar Pradesh,27.0475,79.6481,10629
Kandri,Maharashtra,21.243,79.2391,10624
Babai,Rajasthan,27.8876,75.7622,10620
Hanumantanpatti,Tamil Nadu,9.7858,77.317,10619
Jānpur,Bihar,25.2958,84.8789,10614
Ibrāhīmpur,Delhi,28.7757,77.1777,10614
Yenugonda,Telangana,16.7567,78.0357,10611
Āppukkudal,Tamil Nadu,11.4684,77.5766,10610
Bithūr,Uttar Pradesh,26.6066,80.271,10602
Suthālia,Madhya Pradesh,23.9955,77.1395,10596
Sarai Ekdil,Uttar Pradesh,26.7444,79.0935,10594
Lamshang,Manipur,24.8159,93.8742,10593
Satai,Madhya Pradesh,24.722,79.631,10592
Naliya,Gujarat,23.2606,68.8266,10587
Talen,Madhya Pradesh,23.5695,76.7282,10582
Arshakunti,Karnataka,13.0785,77.4225,10567
Rengte,Assam,24.4812,92.7586,10554
Paddhari,Gujarat,22.4365,70.6016,10547
Govindgarh,Madhya Pradesh,24.3784,81.2964,10547
Nawagarh,Chhattisgarh,21.9008,81.6135,10541
Baldev,Uttar Pradesh,27.4068,77.8221,10536
Mādhogarh,Uttar Pradesh,26.2752,79.1859,10530
Kothri Kalān,Madhya Pradesh,23.0722,76.8296,10526
Pavuluru,Andhra Pradesh,15.8529,80.1647,10524
Māllūr,Tamil Nadu,11.5442,78.1408,10524
Kotūr,Telangana,17.1484,78.2873,10519
Gariāband,Chhattisgarh,20.6332,82.0622,10517
Rurki,Punjab,30.3695,76.4742,10509
Mithapur,Gujarat,22.4141,69.0088,10508
Kondhi,Maharashtra,20.0145,79.2856,10497
Kangarāli-budrukh,Karnataka,15.9052,74.5113,10496
Pālamedu,Tamil Nadu,10.105,78.1134,10493
Ala,Kerala,10.2535,76.1857,10493
Haludpukhur,Jharkhand,22.6011,86.1384,10485
Yenumalapalle,Andhra Pradesh,14.1442,77.8168,10482
Poyya,Kerala,10.2099,76.2551,10478
Daheli,Gujarat,20.2697,72.8788,10475
Safāpūr,Jammu and Kashmir,34.2606,74.6642,10471
Keerikkad,Kerala,9.1772,76.4856,10465
Kānar,Madhya Pradesh,23.6721,76.1708,10458
Padaivedu,Tamil Nadu,11.4401,77.8089,10451
Rangpo,Sikkim,27.1773,88.5336,10450
Nandgaon,Uttar Pradesh,27.711,77.3865,10449
Minicoy,Lakshadweep,8.289,73.0617,10447
Marāi Kalān,Jharkhand,24.0211,85.3506,10447
Mohgaon,Madhya Pradesh,21.6394,78.7364,10446
Sūrappattu,Tamil Nadu,13.1429,80.1918,10444
Kadannappalli,Kerala,12.1,75.2762,10430
Bānposh,Odisha,22.2483,84.8104,10430
Bichhiā,Madhya Pradesh,22.4505,80.7024,10427
Bagicha,Chhattisgarh,22.9773,83.657,10427
Hātod,Madhya Pradesh,22.7938,75.7393,10425
Manor,Maharashtra,19.7244,72.9097,10421
Benīganj,Uttar Pradesh,27.2929,80.4436,10418
Revadanda,Maharashtra,18.5536,72.9256,10416
Mudki,Punjab,30.78,74.8811,10415
Bethamangala,Karnataka,13.0085,78.3282,10413
Kāri,Madhya Pradesh,24.8368,78.8665,10409
Nāushahra,Jammu and Kashmir,33.1571,74.2401,10408
Vadakkumkara,Kerala,10.3042,76.2189,10407
Tindwāri,Uttar Pradesh,25.6174,80.5272,10406
Kāntāphor,Madhya Pradesh,22.5766,76.5596,10405
Naīgarhi,Madhya Pradesh,24.7869,81.7787,10404
Manjanādi,Karnataka,12.7828,74.8979,10401
Kayattār,Tamil Nadu,8.9483,77.7742,10400
Saravli,Maharashtra,19.777,72.7528,10397
Peraiyur,Tamil Nadu,9.7358,77.7896,10394
Chāmpua,Odisha,22.0673,85.6646,10394
Mānglya,Madhya Pradesh,22.8146,75.9258,10393
Nāttarampalli,Tamil Nadu,12.592,78.5116,10390
Umrangso,Assam,25.512,92.7376,10376
Eraniel,Tamil Nadu,8.2059,77.3173,10375
Pfutsero,Nagaland,25.5704,94.2983,10371
Kampur Town,Assam,26.1596,92.6586,10371
Kannivādi,Tamil Nadu,10.3794,77.8303,10369
Amānpur,Uttar Pradesh,27.7122,78.7379,10362
Lohiān,Punjab,31.1618,75.2097,10362
Acharapākkam,Tamil Nadu,12.4028,79.817,10362
Lilia,Gujarat,21.5368,71.3636,10359
Bharwelī,Madhya Pradesh,21.8373,80.2271,10357
Kusavampatti,Tamil Nadu,11.2192,78.1808,10356
Devsar,Gujarat,20.7851,72.984,10346
Basna,Chhattisgarh,21.2788,82.8267,10345
Brāhmani,Maharashtra,21.2477,78.9065,10341
Nyāmti,Karnataka,14.1487,75.5764,10338
Kanjhawāla,Delhi,28.7368,77.0052,10331
Niwāri,Uttar Pradesh,28.8761,77.5382,10330
Muragācha,West Bengal,23.5363,88.3942,10324
Morongial,Assam,26.3326,92.6835,10318
Itāmāti,Odisha,20.1378,85.1524,10317
Barauni,Madhya Pradesh,25.6851,78.3754,10309
Prothrapur,Andaman and Nicobar,11.618,92.7244,10308
Chapakhowa Town,Assam,27.9152,95.7664,10305
Kondichettippatti,Tamil Nadu,11.2007,78.1634,10300
Mādhoganj,Uttar Pradesh,27.1181,80.1406,10299
Vayilathūr,Kerala,10.6392,76.0157,10298
Agrahāra Sāmakkulam,Tamil Nadu,11.1528,77.011,10289
Kishangarh,Rajasthan,27.8189,76.7297,10288
Pullambādi,Tamil Nadu,10.9411,78.9104,10288
Sankaramanallur,Tamil Nadu,10.4811,77.3621,10283
Baikunthpur,Madhya Pradesh,24.7277,81.4098,10282
Ilanji,Tamil Nadu,8.9604,77.28,10282
Sultānpur,Madhya Pradesh,23.1381,77.934,10268
Bamhnī,Madhya Pradesh,22.4822,80.3716,10266
Agaram,Tamil Nadu,13.11,80.2333,10263
Muttukavundanpudūr,Tamil Nadu,11.0498,77.1152,10259
Kamalnagar,Karnataka,18.231,77.1791,10252
Islāmpur,Rajasthan,28.1501,75.5399,10247
Orathanadu,Tamil Nadu,10.6232,79.2549,10247
Diphupar 'A',Nagaland,25.8578,93.769,10246
Bahua,Uttar Pradesh,25.8394,80.6226,10243
Virpur,Gujarat,23.1892,73.4799,10238
Dimaruguri,Assam,26.3452,92.7149,10235
Nārāyangarh,Madhya Pradesh,24.2708,75.0501,10233
Kōteshwar,Karnataka,13.5894,74.6962,10229
São José de Areal,Goa,15.2546,74.0146,10229
Lassodyāmeri,Madhya Pradesh,22.7832,75.9126,10225
Chichli,Madhya Pradesh,22.8336,78.8261,10225
Māndu,Jharkhand,23.7946,85.4687,10223
Erumāpālaiyam,Tamil Nadu,11.6324,78.1695,10220
Lāhauran Bara,Punjab,30.3967,76.1562,10218
Buxwaha,Madhya Pradesh,24.2511,79.2862,10216
Chhatral INA,Gujarat,23.2869,72.438,10215
Khaira Bari,Assam,26.5108,90.9689,10210
Tori-Fatehpur,Uttar Pradesh,25.455,79.1143,10210
Kīrippatti,Tamil Nadu,11.5357,78.4897,10208
Abbaspur,Jammu and Kashmir,33.8174,73.9757,10208
Shekhpura,Bihar,26.1439,85.3907,10204
Rāmanapeta,Telangana,17.2894,79.0942,10202
Pākhanjur,Chhattisgarh,20.0325,80.6211,10201
Chittanūr,Tamil Nadu,11.6724,78.0881,10199
Kharod,Chhattisgarh,21.7442,82.5788,10193
Sikkarayapuram,Tamil Nadu,13.0177,80.1027,10187
Khonsa,Arunachal Pradesh,27.0167,95.5667,10187
Kumbalgod,Karnataka,12.8791,77.4464,10178
Tankāra,Gujarat,22.6562,70.7494,10175
Begowāl,Punjab,31.6115,75.5214,10175
Nanakwada,Gujarat,20.6029,72.922,10172
Saidabad,Delhi,28.5278,77.2899,10168
Sogām,Jammu and Kashmir,34.5014,74.3823,10166
Ahīrkheri,Madhya Pradesh,22.68,75.8048,10165
Ghagga,Punjab,30.0198,76.1041,10162
Chhapra,Gujarat,20.9253,72.9289,10147
Chiranellūr,Kerala,10.6323,76.1405,10145
Bokākhāt,Assam,26.6402,93.6005,10143
Kāb,Bihar,25.3892,84.7894,10141
Kalombe,Maharashtra,16.6633,74.2116,10138
Khamānon Kalān,Punjab,30.8172,76.3548,10135
Pātan,Chhattisgarh,21.0333,81.5333,10133
Ūttukkuli,Tamil Nadu,11.1689,77.4543,10130
Sirpur,Telangana,19.4795,79.5756,10116
Palsud,Madhya Pradesh,21.8262,74.9691,10113
Mirik,West Bengal,26.8882,88.1901,10109
Baliapur,Jharkhand,23.7225,86.526,10097
Valaiyāmpattu,Tamil Nadu,12.6927,78.6347,10076
Kamalabaria N.C.,Assam,26.7685,94.193,10071
Mayilādi,Tamil Nadu,8.155,77.5056,10070
Omkareshwar,Madhya Pradesh,22.2425,76.1504,10063
Kalavai,Tamil Nadu,12.7703,79.42,10057
Udpura,Rajasthan,24.7336,75.9751,10051
Bastar,Chhattisgarh,19.2031,81.9296,10048
Ālwārkurichchi,Tamil Nadu,8.7838,77.3952,10045
Jahāngīrpur,Uttar Pradesh,28.1792,77.705,10042
Gavaravaram,Andhra Pradesh,16.7163,81.0831,10029
Jagnair,Uttar Pradesh,26.8636,77.6023,10023
Deodora,Madhya Pradesh,22.6149,80.3616,10008
Rāja Ranapur,Odisha,20.0617,85.3436,10001
Yamuna Vihar,Delhi,28.6988,77.2737,10000
Arambol,Goa,15.6868,73.7045,10000
Hampi,Karnataka,15.3352,76.4603,10000
vadlamuru,Andhra Pradesh,17.0954,82.1656,10000
Daulatābād,Maharashtra,19.9361,75.2215,10000
Mākhjan,Maharashtra,17.2698,73.5003,10000
Rāmamangalam,Kerala,9.9333,76.5,9999
Gajsinghpur,Rajasthan,29.6596,73.4403,9995
Kargahiā Purab,Bihar,26.7887,84.5298,9995
Lodhīkheda,Madhya Pradesh,21.5824,78.8591,9994
Tirumakūdal Narsipur,Karnataka,12.2121,76.9018,9980
Bhākli,Haryana,28.4165,76.4754,9970
Ganj Murādābād,Uttar Pradesh,26.9573,80.184,9970
Dhamda,Chhattisgarh,21.45,81.3167,9961
Olagadam,Tamil Nadu,11.5656,77.6428,9958
Nāgojanahalli,Tamil Nadu,12.357,78.2886,9953
Antri,Madhya Pradesh,26.058,78.2103,9949
Sarupathar,Assam,26.1926,93.8641,9931
Allipura,Karnataka,13.4885,77.4586,9930
Kansbahal,Odisha,22.2164,84.6635,9923
Kozhukkully,Kerala,10.5209,76.278,9918
Chāndbāli,Odisha,20.7752,86.7414,9918
Kahi Kuchi,Assam,26.1012,91.599,9917
Bidadi,Karnataka,12.7993,77.3866,9917
Puthukkadai,Tamil Nadu,8.2758,77.1793,9909
Modakkurichchi,Tamil Nadu,11.2329,77.7794,9907
Tangdhār,Jammu and Kashmir,34.3979,73.8598,9904
Kottapalli,Telangana,18.4954,79.0943,9899
Barkuhi,Madhya Pradesh,22.1901,78.7047,9895
Chīma,Punjab,30.6854,76.0864,9894
Ambāgarh Chauki,Chhattisgarh,20.7764,80.7461,9889
Bora,Madhya Pradesh,23.6585,76.8112,9886
Jasrāna,Uttar Pradesh,27.2359,78.6524,9883
Kurthaur,Bihar,25.562,85.1216,9880
Qāzigund,Jammu and Kashmir,33.6383,75.1426,9871
Āvadattūr,Tamil Nadu,11.7014,77.8638,9869
Nagrām,Uttar Pradesh,26.6187,81.1404,9858
Kishni,Uttar Pradesh,27.0249,79.262,9852
Khreuh,Jammu and Kashmir,34.0189,74.9991,9851
Achchippatti,Tamil Nadu,10.6998,77.0125,9849
Bhuragaon Rev. Town,Assam,26.4038,92.239,9845
Chikhli Kalān,Madhya Pradesh,22.2152,78.743,9840
Khamaria,Madhya Pradesh,23.2129,80.0313,9839
Shāhjahānpur,Rajasthan,27.9974,76.4491,9837
Begampur,West Bengal,22.7307,88.2576,9831
Sarupathar,Assam,26.206,96.81,9827
Attanūr,Tamil Nadu,11.5006,78.1356,9827
Elivāla,Karnataka,12.3578,76.5407,9826
Anthicad,Kerala,10.4584,76.1215,9826
Barsāna,Uttar Pradesh,27.648,77.3764,9815
Bakāni,Rajasthan,24.2862,76.2371,9812
Dhanegaon,Maharashtra,19.1273,77.337,9809
Golaghatia Basti,Assam,25.9925,92.864,9809
Alūr,Kerala,10.603,76.0961,9807
Nūrpur,Himachal Pradesh,32.3015,75.8848,9807
Jhundpura,Madhya Pradesh,26.3473,77.501,9803
Devikāpuram,Tamil Nadu,12.4981,79.2531,9800
Borigumma,Chhattisgarh,19.0468,82.5532,9785
Khera Khurd,Delhi,28.7756,77.0997,9777
Muddanūru,Andhra Pradesh,14.6872,78.3931,9775
Namli,Madhya Pradesh,23.4612,75.0604,9774
Gāndhī Nagar,Tamil Nadu,13.0064,80.2542,9773
Wājegaon,Maharashtra,19.1439,77.3457,9772
Patha Deōsar,Jammu and Kashmir,33.634,75.0719,9765
Halwāra,Punjab,30.7251,75.6425,9761
Berhait,Jharkhand,24.89,87.6073,9753
Fingeshwar,Chhattisgarh,20.969,82.0404,9752
Isri,Jharkhand,23.9873,86.0292,9749
Mankāpur,Uttar Pradesh,27.0519,82.2296,9746
Shōlūr,Tamil Nadu,11.4852,76.6556,9745
Ghoradongri,Madhya Pradesh,22.1243,77.9997,9745
Thanniyam,Kerala,10.4167,76.1333,9743
Puduvāyal,Tamil Nadu,13.3302,80.1458,9742
Kīkāna,Kerala,12.3825,75.0558,9735
Bandbahāl,Odisha,21.7494,83.8776,9735
Chiloda,Gujarat,23.1027,72.6616,9735
Kakosi,Gujarat,24.004,72.3031,9734
Periyapattinam,Tamil Nadu,9.2726,78.9023,9730
Kiri Buru,Odisha,22.0833,85.35,9719
Agastīswaram,Tamil Nadu,8.0996,77.5215,9717
Charāma,Chhattisgarh,20.4932,81.3675,9707
Seorīnārāyan,Chhattisgarh,21.7206,82.5934,9707
Haringhāta,West Bengal,22.9647,88.5745,9705
Bajpe,Karnataka,12.9803,74.8832,9701
Mohpada,Maharashtra,18.8995,73.1822,9694
Deohra,Madhya Pradesh,23.1427,81.5961,9686
Patti,Uttar Pradesh,25.9215,82.2005,9685
Jaitwāri,Madhya Pradesh,24.7237,80.8613,9685
Kasinagar,Odisha,18.857,83.8809,9684
Kolāyat,Rajasthan,27.8382,72.9598,9684
Kondamallapally,Telangana,16.7178,79.002,9683
Devāpur,Telangana,19.0443,79.3499,9683
Mhasla,Maharashtra,18.1334,73.1116,9679
Mudgere,Karnataka,13.1335,75.6416,9677
Pilikōdu,Kerala,12.1915,75.1644,9676
Norīa,Jammu and Kashmir,32.521,74.7984,9662
Tarlapalli,Telangana,18.8345,79.4907,9656
Keolāri,Madhya Pradesh,22.3697,79.906,9654
Pipalrawān,Madhya Pradesh,23.1625,76.4704,9652
Masinigudi,Tamil Nadu,11.5683,76.6409,9642
Visrampuree,Chhattisgarh,20.0791,81.772,9641
Anjuna,Goa,15.58,73.7449,9636
Bhalukdubi,Assam,26.1575,90.6131,9636
Alagappapuram,Tamil Nadu,8.1468,77.5413,9626
Tiruvennanallūr,Tamil Nadu,11.8589,79.3664,9623
Debīpur,West Bengal,24.2503,88.6182,9613
Bajwa,Gujarat,22.3681,73.1406,9611
Kolappalūr,Tamil Nadu,11.3791,77.4293,9607
Kaniyambādi,Tamil Nadu,12.8118,79.134,9597
Mettuppālaiyam,Tamil Nadu,11.1681,78.4494,9587
Sūlibele,Karnataka,13.1844,77.8014,9587
Vatakemuri,Kerala,10.4176,76.1542,9585
Enkakād,Kerala,10.6576,76.2559,9584
Arsande,Jharkhand,23.4296,85.3514,9582
Pallattūr,Tamil Nadu,10.1461,78.8031,9580
Khargupur,Uttar Pradesh,27.3761,81.9882,9576
Kadaparai,Tamil Nadu,10.9992,78.0823,9574
Yairipok,Manipur,24.6779,94.0477,9569
Farakhpur,Haryana,30.1331,77.243,9569
Karīmpur,West Bengal,23.9759,88.6192,9565
Panrra,Jharkhand,23.8002,86.7228,9563
Konanūr,Karnataka,12.6302,76.0504,9555
Kawānt,Gujarat,22.0928,74.0508,9553
Kumbi,Manipur,24.4328,93.8129,9546
Venkatachalapuram,Tamil Nadu,9.3747,77.9101,9540
Bhilakhedi,Madhya Pradesh,22.5992,77.7035,9540
Vaittilingapuram,Tamil Nadu,9.4751,77.6098,9538
Goshāīnganj,Uttar Pradesh,26.7679,81.1075,9537
Patra,Jharkhand,24.9696,87.8423,9536
Talpādi,Karnataka,12.766,74.8894,9532
Kangra,Himachal Pradesh,32.0914,76.2627,9528
Singoli,Madhya Pradesh,24.9667,75.3,9523
Kanakpur Part-II,Assam,24.8003,92.8036,9519
Mahāban,Uttar Pradesh,27.4326,77.7434,9514
Rās,Rajasthan,26.3058,74.1952,9511
Ottappārai,Tamil Nadu,11.1783,77.5812,9493
Baua Kalan,Jharkhand,23.8121,86.3647,9489
Garautha,Uttar Pradesh,25.5719,79.2976,9489
Limbodi,Madhya Pradesh,22.6666,75.89,9488
Kawāi,Rajasthan,24.7564,76.7348,9487
Dumar Kachhar,Madhya Pradesh,23.1687,82.1113,9480
Harbatpur,Uttarakhand,30.4386,77.7406,9478
Eral,Tamil Nadu,8.6258,78.0228,9478
Pūlāmpatti,Tamil Nadu,11.6573,77.7658,9477
Māchalpur,Madhya Pradesh,24.1277,76.3167,9476
Tapukrāh,Rajasthan,28.1107,76.8327,9471
Nari,Gujarat,21.7726,72.0728,9467
Gharghoda,Chhattisgarh,22.1743,83.3517,9455
Nārsingi,Telangana,17.3902,78.3569,9449
Hirānagar,Jammu and Kashmir,32.4549,75.2719,9446
Gudibanda,Karnataka,13.671,77.7041,9441
Nohan,Punjab,31.0343,76.571,9439
Nūrpur Kalān,Punjab,31.1667,76.4833,9437
Jiraūn Kasba,Madhya Pradesh,25.121,78.656,9426
Pennathur,Tamil Nadu,12.8466,79.1108,9425
Kailasagiri,Tamil Nadu,12.8358,78.7122,9421
Nagri Kalan,Jharkhand,23.8164,86.3437,9410
Sufipind,Punjab,31.2775,75.6388,9406
Ālappākkam,Tamil Nadu,12.676,79.9954,9404
Īsāpur,Maharashtra,19.8836,79.326,9398
Shāhpur,Madhya Pradesh,23.0245,81.0038,9394
Walni,Maharashtra,21.3231,79.0872,9393
Pāparhāhāndi,Chhattisgarh,19.3333,82.5167,9390
Sonegaon,Maharashtra,21.1367,78.9973,9387
Nānda,Maharashtra,19.7722,79.1309,9378
Eklahare,Maharashtra,19.9801,73.8823,9376
Laruāra,Bihar,25.454,86.1212,9376
Pāpireddippatti,Tamil Nadu,11.9177,78.3686,9369
Panamarattuppatti,Tamil Nadu,11.562,78.1649,9368
Pūkkōd,Kerala,10.6236,76.0426,9366
Uri,Jammu and Kashmir,34.086,74.032,9366
Umri,Madhya Pradesh,26.5106,78.9367,9364
Santokhgarh,Himachal Pradesh,31.352,76.3178,9363
Sitapur,Chhattisgarh,22.7807,83.4954,9361
Keeramangalam,Tamil Nadu,10.2863,79.0989,9357
Nāg,Punjab,31.7301,74.9423,9352
Ettimadai,Tamil Nadu,10.8911,76.9087,9352
Tirukurangudi,Tamil Nadu,8.4365,77.5657,9342
Needamangalam,Tamil Nadu,10.7738,79.4188,9336
Vegarai,Tamil Nadu,11.0902,77.9679,9330
Jallaram,Telangana,18.7241,79.571,9329
Pannaipuram,Tamil Nadu,9.8658,77.2836,9323
Hajarmachi,Maharashtra,17.3143,74.2311,9317
Panpuli,Tamil Nadu,9.0214,77.2502,9313
Badagabettu,Karnataka,13.3335,74.7999,9309
Chottanikkara,Kerala,9.9364,76.3811,9308
Sohāna,Punjab,30.6887,76.7066,9306
Joka,West Bengal,22.4531,88.3023,9302
Alwa Tirunagari,Tamil Nadu,8.6064,77.9398,9289
Nuvem,Goa,15.3174,73.9387,9288
Mandasa,Andhra Pradesh,18.8683,84.463,9287
Konganāpuram,Tamil Nadu,11.571,77.9004,9286
Barāgaon,Madhya Pradesh,24.5682,79.0185,9282
Chicholi,Madhya Pradesh,22.0123,77.671,9282
Belūr,Tamil Nadu,11.7075,78.4144,9281
Mangalam,Tamil Nadu,11.6368,79.2806,9278
Bāg,Madhya Pradesh,22.359,74.7905,9274
Dola,Madhya Pradesh,23.2209,82.1332,9273
Pahalgam,Jammu and Kashmir,34.0159,75.319,9264
Dāsiripuram,Tamil Nadu,13.1242,80.03,9251
Boyāpalli,Telangana,16.7808,77.991,9247
Mattan,Jammu and Kashmir,33.763,75.209,9246
Tittachcheri,Tamil Nadu,10.8674,79.7893,9245
Rūn,Rajasthan,26.843,73.7931,9241
Kharora,Chhattisgarh,21.401,81.9276,9236
Farah,Uttar Pradesh,27.3208,77.7618,9236
Samayanallūr,Tamil Nadu,9.9792,78.0359,9227
Vadakkankulam,Tamil Nadu,8.2588,77.6084,9220
Mehatpur Basdehra,Himachal Pradesh,31.4071,76.3423,9218
Morak,Rajasthan,24.7266,75.9558,9204
Bhānūr,Telangana,17.4899,78.1774,9203
Vālavandānkottai,Tamil Nadu,10.7607,78.837,9202
Loharda,Madhya Pradesh,22.5918,76.5957,9202
Kampil,Uttar Pradesh,27.6127,79.2769,9200
Maoli,Rajasthan,24.7835,73.9839,9199
Candolim,Goa,15.5181,73.7626,9197
Kollankoil,Tamil Nadu,11.1282,77.7436,9196
Pattanam,Tamil Nadu,10.9808,77.0542,9196
Palidevad,Maharashtra,19.0006,73.1338,9194
Bargaon,Rajasthan,24.6324,73.6826,9193
Kavundanpālaiyam,Tamil Nadu,11.1625,77.2623,9192
Ganeshpur,Maharashtra,21.1503,79.6442,9192
Bārhi Mājra,Haryana,30.1141,77.3055,9188
Paralam,Kerala,10.4591,76.1942,9187
Sāntpur,Rajasthan,24.4705,72.7703,9186
Kantilo,Odisha,20.3615,85.1921,9181
Maheshari,Haryana,28.2145,76.8218,9180
Pāli,Maharashtra,18.538,73.2222,9176
Nandej,Gujarat,22.8956,72.6792,9176
Rakhabh Dev,Rajasthan,24.0756,73.693,9171
Pardi Kanade,Gujarat,21.0939,72.8774,9167
Tiruvalam,Tamil Nadu,12.9825,79.2661,9153
Dābhol,Maharashtra,17.5897,73.18,9142
Paluvai,Kerala,10.5783,76.0554,9127
Donkamokam,Assam,25.9334,92.7074,9116
Tittangulam,Tamil Nadu,9.1706,77.8983,9115
Gandhinagar,Tamil Nadu,12.9547,79.1407,9114
Mettuppālaiyam,Tamil Nadu,11.4503,77.5682,9109
Bhojudih,Jharkhand,23.6396,86.441,9109
Vavdi Bujarg,Gujarat,22.7753,73.6421,9107
Katra,Jammu and Kashmir,32.9917,74.932,9106
Zafarābād,Uttar Pradesh,25.6987,82.7335,9106
Pāli,Uttar Pradesh,24.4919,78.4162,9098
Māsināyakkanpatti,Tamil Nadu,11.6674,78.2283,9098
Kāsipālaiyam,Tamil Nadu,11.4558,77.3314,9093
Parakād,Kerala,10.5005,76.154,9093
Cortalim,Goa,15.4025,73.9088,9080
Baldeogarh,Madhya Pradesh,24.7562,79.0672,9079
Senur,Tamil Nadu,12.947,79.107,9078
Ujalaiwadi,Maharashtra,16.6654,74.2711,9075
Tiruppūndurutti,Tamil Nadu,10.8621,79.0815,9074
Balaga,Andhra Pradesh,18.3154,83.8933,9071
Ākera,Rajasthan,27.0121,75.8088,9062
Rādhākishorepur,Tripura,23.5368,91.4915,9052
Chandīman,Haryana,30.7317,76.8988,9051
Durga Nagar Part-V,Assam,24.8815,92.8821,9051
Mowād,Maharashtra,21.4648,78.451,9045
Kumārmunda,Odisha,22.3,84.7833,9043
Mustafābād,Haryana,30.2022,77.1487,9042
Bogādi,Karnataka,12.303,76.5982,9041
Khandpara,Odisha,20.2644,85.1767,9038
Bamna,Madhya Pradesh,23.0945,74.7616,9034
Vareli,Gujarat,21.1773,72.9511,9033
Kenduadīh,Jharkhand,23.736,86.374,9032
Minnampalli,Tamil Nadu,11.0005,78.118,9031
Rāipur Rāni,Haryana,30.5856,77.0218,9028
Vilār,Tamil Nadu,10.7313,79.1554,9028
Dediāpāda,Gujarat,21.6277,73.5903,9026
Chekonidhara,Assam,26.735,94.2113,9026
Bhairamgarh,Chhattisgarh,19.0064,81.0592,9026
Kodivalasa,Tamil Nadu,13.2547,79.4249,9024
Bhilad,Gujarat,20.2768,72.8856,9022
Manamodu,Tamil Nadu,11.1965,79.5953,9017
Ottappatti,Tamil Nadu,9.896,78.0896,9016
Jorethang,Sikkim,27.107,88.3233,9009
Sohāgi,Madhya Pradesh,24.9818,81.6956,9009
Haraiya,Uttar Pradesh,26.7948,82.4644,9000
Puttaparthi,Andhra Pradesh,14.1652,77.8117,9000
Odugattūr,Tamil Nadu,12.7679,78.883,8998
Tāzhakudi,Tamil Nadu,8.2348,77.4533,8992
Lawan,Chhattisgarh,21.6414,82.3412,8984
Krushnanandapur,Odisha,20.3587,86.2606,8974
Kosmī,Madhya Pradesh,21.8045,80.2068,8970
Iklehra,Madhya Pradesh,23.1467,76.3904,8969
Chābua,Assam,27.4825,95.1745,8966
Amkhera,Madhya Pradesh,23.2133,79.9334,8957
Alikherva,Gujarat,22.2811,73.7179,8951
Arimalam,Tamil Nadu,10.255,78.884,8948
Barwāla,Delhi,28.7613,77.0628,8948
Bāba Bakāla,Punjab,31.5554,75.2639,8946
Dandi,Maharashtra,19.7982,72.7651,8942
Chēlakara,Kerala,10.6929,76.3439,8936
Hariāna,Punjab,31.6351,75.8389,8928
Chinnamudalippatti,Tamil Nadu,11.2437,78.1766,8928
Manjēshvar,Kerala,12.7129,74.8886,8927
Ūncha Sawāna,Haryana,29.6208,76.9994,8922
Bārīgarh,Madhya Pradesh,25.2325,80.0347,8918
Nathampannai,Tamil Nadu,10.4093,78.7918,8915
Mogrāl,Kerala,12.5726,74.9584,8912
Pattanam,Tamil Nadu,11.4728,78.2109,8912
Pallipattu,Tamil Nadu,13.3386,79.4449,8912
Annavāsal,Tamil Nadu,10.4606,78.7003,8906
Chandrapur,Gujarat,22.6035,70.959,8906
Yelandūr,Karnataka,12.0463,77.0303,8901
Mahroni,Uttar Pradesh,24.5862,78.7277,8898
Sikandarpur,Haryana,29.4151,76.9342,8894
Phūlpur,Uttar Pradesh,26.0778,82.8761,8893
Pudūr,Tamil Nadu,9.2917,78.1385,8891
Eriyodu,Tamil Nadu,10.5172,78.0627,8890
Adaikkakuzhi,Tamil Nadu,8.3078,77.1411,8888
Molasūr,Tamil Nadu,12.9387,79.8838,8887
Kilkunda,Tamil Nadu,11.2632,76.6542,8886
Narot Mehra,Punjab,32.2673,75.5647,8885
Mhāsāl,Maharashtra,20.7504,78.6363,8883
Badarpur Railway Town,Assam,24.8711,92.5704,8882
Kannavam,Kerala,11.8445,75.6627,8880
Ayakod,Tamil Nadu,8.3457,77.2987,8874
Eranāpuram,Tamil Nadu,11.5581,77.9893,8871
Bhuwaneshwar,Maharashtra,18.4319,73.1235,8871
Shamshi,Himachal Pradesh,31.8664,77.1472,8870
Tirodi,Madhya Pradesh,21.6852,79.7191,8870
Munnūru,Karnataka,12.8616,75.0186,8864
Damonojodi,Odisha,18.7632,82.9194,8862
Fateh Pur Beri,Delhi,28.4577,77.1788,8861
Koora,Chhattisgarh,21.4324,81.6653,8857
Amingaon,Assam,26.1849,91.6786,8855
Ahmadpur,West Bengal,23.8301,87.6866,8855
Paratdiha,Jharkhand,24.1638,86.307,8854
Manappakkam,Tamil Nadu,13.0108,80.1686,8851
Jhagra Pt.III,Assam,26.0399,89.9592,8838
Nandgad,Karnataka,15.5775,74.569,8837
Birvādi,Maharashtra,18.1019,73.508,8829
Sethiyathope,Tamil Nadu,11.4369,79.5425,8824
Tiruppālaikudi,Tamil Nadu,9.5461,78.9172,8824
Maragondahalli,Karnataka,12.8338,77.6558,8824
Koolimuttam,Kerala,10.2862,76.1356,8823
Rājābhita,Jharkhand,23.8667,86.3333,8820
Tikaitnagar,Uttar Pradesh,26.9461,81.5658,8806
Sayadpur,Odisha,20.7279,86.4007,8798
Kelhauri,Madhya Pradesh,23.1873,81.631,8796
Teok,Assam,26.832,94.4165,8795
Naya Baradwar,Chhattisgarh,22.0101,82.8177,8793
Kothi,Madhya Pradesh,24.7526,80.7775,8793
Azara,Assam,26.1241,91.6116,8780
Borāj,Rajasthan,26.4541,74.6103,8780
Dhanwār,Jharkhand,24.4107,85.9818,8777
Muttargi,Telangana,17.541,78.2272,8777
Kunnattūr,Tamil Nadu,11.2728,77.4107,8774
Bicholi Hapsi,Madhya Pradesh,22.7155,75.9394,8774
Sāori,Maharashtra,21.112,79.5456,8770
Dharmaragar,Tripura,24.3491,92.1314,8761
Parwanoo,Himachal Pradesh,30.8372,76.9614,8758
Tarapur Pt VI,Assam,24.8516,92.7667,8753
Bhigvan,Maharashtra,18.3007,74.767,8753
Utai,Chhattisgarh,21.1167,81.3833,8752
Sarupathar Bengali,Assam,27.3406,95.3135,8752
Gogūnda,Rajasthan,24.7584,73.5298,8751
Hamren,Assam,25.847,92.5741,8747
Gawān,Uttar Pradesh,28.4197,78.3519,8744
Andro,Manipur,24.7485,94.043,8744
Medziphema,Nagaland,25.7576,93.8654,8738
Pannaikadu,Tamil Nadu,10.2793,77.6285,8731
Nadaikavu,Tamil Nadu,8.2915,77.1479,8727
Satiāwāla,Punjab,30.9273,74.6456,8724
Bāgeshwar,Uttarakhand,29.8374,79.7716,8708
Jalukie,Nagaland,25.6467,93.6609,8706
Barauda,Madhya Pradesh,23.5575,75.2489,8700
Chinnāmpālaiyam,Tamil Nadu,10.6604,77.0248,8695
Rāmgarh,Bihar,25.2889,83.6536,8690
Sultanpur,Maharashtra,20.087,76.5187,8688
Idigarai,Tamil Nadu,11.1184,76.969,8686
Kadipikonda,Telangana,17.9637,79.5098,8685
Kurgunta,Karnataka,17.1932,77.3577,8682
Katpur,Gujarat,21.0587,71.7946,8677
Munirābād,Karnataka,15.3093,76.3383,8672
Baruwāli,Punjab,30.5378,74.6538,8668
Roha,Gujarat,23.1965,69.2708,8664
Nazarathpettai,Tamil Nadu,13.0469,80.0798,8660
Parbatipur,West Bengal,22.6625,88.2222,8657
Barāgaon,Uttar Pradesh,25.4755,78.7122,8655
Kinattukkadavu,Tamil Nadu,10.8225,77.0196,8653
Ran,Gujarat,22.1786,69.3331,8648
Bālakrishnanpatti,Tamil Nadu,11.2389,78.4858,8635
Rees,Maharashtra,18.8954,73.2,8632
Barajamda,Jharkhand,22.1649,85.4272,8629
Bhorgarh,Delhi,28.8293,77.0952,8627
Midalam,Tamil Nadu,8.2216,77.2617,8625
Gokul Shirgaon,Maharashtra,16.6434,74.2741,8623
Perumpāndi,Tamil Nadu,10.9687,79.3744,8620
Bargāwān,Jharkhand,23.3194,85.3902,8615
Gundardehi,Chhattisgarh,20.9462,81.2892,8614
Puzhakkal,Kerala,10.5471,76.1777,8609
Dehri,Madhya Pradesh,22.6676,75.5196,8606
Belvata,Karnataka,12.3554,76.6496,8605
Bhokra,Maharashtra,21.2279,79.068,8602
Pīpla,Madhya Pradesh,21.5907,78.7349,8595
Torpa,Jharkhand,22.9361,85.0889,8592
Mataundh,Uttar Pradesh,25.4359,80.1565,8591
Kolvi,Rajasthan,23.9421,75.5986,8584
Pippara,Andhra Pradesh,16.7167,81.55,8581
Ghāghrā,Jharkhand,23.2666,84.553,8580
Kwakta,Manipur,24.4482,93.7302,8579
Lālam,Kerala,9.7167,76.7,8571
Palāri,Chhattisgarh,21.5363,82.1586,8567
Ammāpettai,Tamil Nadu,11.6198,77.7426,8552
Chittode,Tamil Nadu,11.3946,77.6588,8550
Lavachha,Gujarat,20.2965,72.99,8549
Thevūr,Tamil Nadu,11.524,77.7539,8548
Korukollu,Andhra Pradesh,16.5,81.25,8543
Kattimancode,Tamil Nadu,8.1905,77.3526,8541
Nandambakkam,Tamil Nadu,12.978,80.0678,8540
Nāngal Chaudhri,Haryana,27.8928,76.1121,8538
Kotra,Uttar Pradesh,25.8077,79.3091,8534
Valpoi,Goa,15.5324,74.1367,8532
Belsor,Assam,26.3818,91.3516,8523
Manalūrpettai,Tamil Nadu,12.0079,79.0918,8523
Sultānpur,Uttarakhand,29.7553,78.1103,8518
Manu,Tripura,23.9991,91.9892,8515
Sundarapāndiyam,Tamil Nadu,9.6127,77.6738,8513
Dahi,Madhya Pradesh,22.1122,74.5879,8509
Malhār,Chhattisgarh,21.8928,82.2832,8505
Kurmūr,Odisha,18.7545,82.9379,8504
Sulebhāvi,Karnataka,15.8957,74.6549,8503
Chhapera,Madhya Pradesh,23.8948,76.4538,8501
Bāgnān,West Bengal,22.9334,88.1386,8494
Amguri,Assam,26.8148,94.5261,8494
Bamora,Madhya Pradesh,24.0554,78.0893,8493
Kavundaneri,Tamil Nadu,11.5737,77.9802,8485
Boh,Punjab,30.3809,76.88,8482
Gond Pīpri,Maharashtra,19.715,79.6862,8474
Dārapur,Jammu and Kashmir,34.5122,74.414,8464
Shirud,Maharashtra,20.7353,74.8919,8455
Kākarāti,Madhya Pradesh,24.5639,80.2659,8452
Dhilwan,Punjab,31.5143,75.3457,8447
Jetpur,Gujarat,22.3447,73.8409,8446
Mel Seval,Tamil Nadu,8.6722,77.6147,8435
Pareo,Bihar,25.5582,84.8017,8435
Moran Town,Assam,27.1874,94.9147,8434
Attāni,Tamil Nadu,11.522,77.5122,8430
Semmipālaiyam,Tamil Nadu,11.0093,77.2357,8429
Pithora,Chhattisgarh,21.2502,82.5171,8428
Rāmgarh,Madhya Pradesh,25.8906,78.3292,8423
Amarkantak,Madhya Pradesh,22.6749,81.7591,8416
Chail,Uttar Pradesh,25.4265,81.632,8407
Chinnatadāgam,Tamil Nadu,11.0816,76.8674,8407
Sānchi,Madhya Pradesh,23.4865,77.7378,8401
Bissamcuttack,Odisha,19.5117,83.506,8399
Dahali,Assam,26.0969,91.4984,8397
Jaithari,Madhya Pradesh,23.0406,81.7976,8396
Nīlpur,Punjab,30.4689,76.5797,8391
Jaithāri,Madhya Pradesh,23.2086,78.6149,8386
Attippatti,Tamil Nadu,9.4939,78.1271,8384
Nīlambūr,Tamil Nadu,11.059,77.0838,8382
Chhāpi,Gujarat,24.0322,72.4006,8379
Vanmēnād,Kerala,10.5567,76.0624,8377
Rāmsīn,Rajasthan,25.0051,72.5471,8376
Than-Khamharia,Chhattisgarh,21.8005,81.3381,8373
Bijeraghogarh,Madhya Pradesh,23.9955,80.6066,8371
Bomdila,Arunachal Pradesh,27.2648,92.4247,8370
Maibong,Assam,25.3012,93.1381,8364
Vavarai,Tamil Nadu,8.2921,77.1617,8362
Dēsamangalam,Kerala,10.7549,76.2321,8355
Tikarapāra,Odisha,19.6239,83.4954,8346
Alagāpuram,Tamil Nadu,11.887,78.9176,8345
Perūr,Tamil Nadu,10.9752,76.9129,8341
Rakholi,Dadra and Nagar Haveli and Daman and Diu,20.2167,73.0333,8339
Dommaranandyāla,Andhra Pradesh,14.8641,78.3641,8337
Tiruvengadam,Tamil Nadu,9.2586,77.6748,8337
Mandrem,Goa,15.6534,73.7227,8336
Wail,Jammu and Kashmir,34.2707,74.8036,8335
Raghunandanpur,West Bengal,24.6508,87.9728,8335
Tarabha,Odisha,20.7325,83.6744,8334
Malhārgarh,Madhya Pradesh,24.2829,74.9902,8332
Vallālappatti,Tamil Nadu,10.0584,78.2873,8325
Rasikpur,Jharkhand,24.2855,87.2538,8320
Bībīnagar,Telangana,17.4728,78.796,8320
Borpukhuri,Assam,26.0155,92.8452,8318
Pimpalgaon,Maharashtra,20.4128,78.1282,8317
Puduppatti,Tamil Nadu,9.6171,77.6375,8316
Antu,Uttar Pradesh,26.0565,81.9027,8316
Kāndri,Maharashtra,21.4203,79.2766,8315
Gonikoppal,Karnataka,12.183,75.9294,8306
Deogiri,Maharashtra,20.3188,77.796,8303
Piploda,Madhya Pradesh,23.6073,74.942,8294
Nandesari INA,Gujarat,22.4062,73.0952,8290
Majhgawān,Madhya Pradesh,24.9213,80.8075,8290
Simaluguri,Assam,26.9185,94.7568,8286
Behlana,Chandigarh,30.6781,76.8006,8281
Bālāpur,Telangana,17.3102,78.4997,8280
Vilavancode,Tamil Nadu,8.3129,77.2048,8277
Isnapuram,Telangana,17.5424,78.1995,8276
Kilvelur,Tamil Nadu,10.7672,79.7419,8272
Bohari,Assam,26.2544,91.1391,8264
Saraiya,Bihar,24.8012,84.0816,8260
Varadarājampettai,Tamil Nadu,11.3553,79.4186,8259
Sorala,Odisha,19.1308,84.7509,8258
Konrā,Jharkhand,24.3103,85.4221,8258
Borim,Goa,15.3667,74.0,8257
Khera Kalān,Delhi,28.7744,77.1172,8252
Tangellamūdi,Andhra Pradesh,16.7212,81.1052,8250
Niwas,Madhya Pradesh,23.0457,80.4447,8248
Doiwāla,Uttarakhand,30.1767,78.1166,8247
Golakganj,Assam,26.1022,89.8228,8244
Srīgobindpur,Punjab,31.6894,75.4775,8241
Chhurikala,Chhattisgarh,22.4814,82.6129,8239
Religāra,Jharkhand,23.7128,85.361,8239
Jasai,Maharashtra,18.9319,73.0189,8234
Jaisinghnagar,Madhya Pradesh,23.6858,81.3908,8233
Seer Hamdan,Jammu and Kashmir,33.7887,75.243,8233
Chinniyampālaiyam,Tamil Nadu,11.0561,77.0644,8232
Pārtibanūr,Tamil Nadu,9.5855,78.4545,8232
Chatibor Gaon,Assam,26.5181,90.5229,8231
Mehmand,Chhattisgarh,22.0372,82.1961,8231
Tidāvūr,Tamil Nadu,11.494,78.6974,8230
Bed,Gujarat,22.431,69.8998,8229
Usuppūr,Tamil Nadu,11.3816,79.697,8221
Tundra,Chhattisgarh,21.6769,82.6092,8211
Lelanga,Chhattisgarh,22.392,83.5808,8208
Dhola,Gujarat,21.8813,71.7727,8206
Iāwar,Madhya Pradesh,23.0094,76.5007,8206
Kangarāli-khurd,Karnataka,15.8954,74.499,8204
Umsning,Meghalaya,25.7365,91.888,8198
Lansdowne,Uttarakhand,29.8418,78.6801,8198
Beerwah,Jammu and Kashmir,34.0124,74.5956,8192
Chainpur,Jharkhand,24.0116,84.0467,8188
Velāppākkam,Tamil Nadu,12.8525,79.2958,8174
Rāmnagar,Jammu and Kashmir,32.8073,75.3112,8166
Priol,Goa,15.4167,73.9833,8164
Rohru,Himachal Pradesh,31.2027,77.7548,8160
Kāndra,Jharkhand,22.8517,86.0519,8157
Mūdashedde,Karnataka,12.9344,74.8922,8155
Majgaon,Assam,26.6525,92.791,8154
Vellookkara,Kerala,10.3232,76.216,8146
Abirāmam,Tamil Nadu,9.4423,78.4399,8144
Barmhān Kalān,Madhya Pradesh,23.0346,79.0209,8143
Jena,Jharkhand,23.6762,86.0181,8143
Sanivārapupeta,Andhra Pradesh,16.7305,81.0777,8142
Chītalwāna,Rajasthan,24.9089,71.6607,8141
Mākkināyakkinpatti,Tamil Nadu,10.645,77.0294,8134
Milattūr,Tamil Nadu,10.8576,79.2394,8131
Bhānupratāppur,Chhattisgarh,20.3098,81.0731,8125
Covelong,Tamil Nadu,12.7865,80.2506,8124
Jaffrabad,Tamil Nadu,12.6905,78.608,8121
Reodhar,Rajasthan,24.6197,72.5262,8117
Azhikkal,Kerala,11.9404,75.3051,8117
Badāgrāma,Karnataka,13.191,74.7472,8117
Naginimora,Nagaland,26.8149,94.8108,8116
Uduma,Kerala,12.4358,75.0181,8115
Mangasamudram,Andhra Pradesh,13.2291,79.0909,8113
Sarbhog,Assam,26.4893,90.8843,8112
Chennasamudram,Tamil Nadu,11.0585,77.8996,8111
Kālundri,Maharashtra,18.9802,73.1271,8101
Riāsi,Jammu and Kashmir,33.0812,74.8324,8101
Sāha,Haryana,30.3119,76.9771,8100
Hirdepur,Madhya Pradesh,23.8272,79.4235,8100
Manāli,Himachal Pradesh,32.2574,77.1748,8096
Dharapur,Assam,26.1495,91.642,8095
Vehicle Factory Area Jabalpur,Madhya Pradesh,23.2266,79.977,8087
Musāfir-Khāna,Uttar Pradesh,26.3784,81.7961,8081
Gokak Falls,Karnataka,16.1879,74.7776,8080
Nasvadi,Gujarat,22.0452,73.7316,8076
Tajpura,Tamil Nadu,12.8933,79.3192,8075
Satghara,Bihar,26.3977,86.1678,8060
Nuapatna,Odisha,20.4462,85.469,8057
Kumar Kaibarta Gaon,Assam,26.7509,94.2365,8056
Wāngjing,Manipur,24.5892,94.0639,8055
Kolki,Maharashtra,17.9792,74.45,8054
Reis Magos,Goa,15.5076,73.8097,8053
Rupahi Town,Assam,26.4197,92.7456,8052
Vijaypur,Jammu and Kashmir,32.5653,75.0186,8044
Bhatgaon,Chhattisgarh,21.15,81.7,8044
Peddikuppam,Tamil Nadu,13.441,80.1218,8044
Dondi,Chhattisgarh,20.4881,81.0871,8042
Edakkalathur,Kerala,10.5932,76.1232,8039
Bīlāspur,Uttar Pradesh,28.3913,77.6242,8036
Sirukkāveripākkam,Tamil Nadu,12.853,79.6772,8032
Bhimarayanagudi,Karnataka,16.7263,76.7978,8029
Sarimpur,Bihar,25.5877,83.9933,8020
Lāpangā,Jharkhand,23.6333,85.377,8017
Sarīla,Uttar Pradesh,25.7758,79.6754,8012
Pudūr,Tamil Nadu,8.8692,77.9938,8012
Iduvāy,Tamil Nadu,11.0789,77.2853,8006
Arjyapalli Marine,Odisha,19.3167,84.9737,8001
Muzhucode,Tamil Nadu,8.3619,77.2281,8000
Jhulasan,Gujarat,23.3286,72.4731,8000
Jasrāsar,Rajasthan,27.707,73.8128,8000
Ratangarh,Madhya Pradesh,24.8167,75.1167,7994
Suvani,Odisha,19.1334,84.7151,7993
Bara Bazar,West Bengal,22.5667,88.35,7985
Gamharia,Madhya Pradesh,23.8597,78.8139,7984
Tanr Balidih,Jharkhand,23.6685,86.0504,7982
Tonk Khurd,Madhya Pradesh,23.0983,76.2155,7979
Mahindāle,Maharashtra,20.9054,74.7475,7977
Eklahra,Madhya Pradesh,22.2036,78.6893,7975
Ambicapur Pt VI,Assam,24.7826,92.7892,7971
Talkhapur Dumra,Bihar,26.5615,85.5074,7970
Bamboo Flat,Andaman and Nicobar,11.7,92.7167,7962
Nidanpur Pt-II,Assam,26.0233,90.3037,7954
Dekan,Madhya Pradesh,24.7064,75.1044,7951
Veppathur,Tamil Nadu,11.0161,79.4418,7949
Jaijepur,Chhattisgarh,21.8313,82.8164,7946
Tīra Sujānpur,Himachal Pradesh,31.8336,76.5054,7943
Bāshettihalli,Karnataka,13.2616,77.5538,7943
Hānspura,Bihar,25.0572,84.549,7940
Pail,Punjab,30.7213,76.0605,7923
Nambutalai,Tamil Nadu,9.7277,79.0071,7914
Periyanegamam,Tamil Nadu,10.7432,77.103,7913
Barika Chuburi,Assam,26.6363,92.8085,7911
Tonse East,Karnataka,13.3963,74.7217,7911
Pūvalūr,Tamil Nadu,10.8986,78.8303,7905
Kānwat,Rajasthan,27.589,75.6988,7903
Alamelumangapuram,Tamil Nadu,12.9422,79.1869,7900
Ghumārwīn,Himachal Pradesh,31.4417,76.7151,7899
Purihasa,Jharkhand,22.7445,86.193,7897
Garhi Harsāru,Haryana,28.4452,76.9395,7894
Dehari,Gujarat,20.1533,72.7414,7892
Rāmpur,Odisha,20.1981,83.5205,7892
Kottaikavundanpatti,Tamil Nadu,11.7196,78.0685,7891
Erei,Odisha,21.0871,86.527,7890
Barwādih,Jharkhand,23.8478,84.1105,7888
Chintapalle,Andhra Pradesh,17.8712,82.3511,7888
Mamit,Mizoram,23.927,92.4897,7884
Sāhāpur,West Bengal,22.5244,88.1669,7883
Āvānūr,Kerala,10.6024,76.1752,7879
Ordnance Factory Itarsi,Madhya Pradesh,22.5733,77.8653,7878
Shangus,Jammu and Kashmir,33.6969,75.2837,7875
Sewāi,Jharkhand,23.6175,85.6783,7874
Tuli,Nagaland,26.6643,94.6421,7864
Cherpu,Kerala,10.4313,76.199,7864
Gangadharpur,West Bengal,22.76,88.22,7862
Bandhgora,Jharkhand,23.6214,86.1466,7859
Dabra,Chhattisgarh,21.7804,83.0824,7854
Pottōr,Kerala,10.5791,76.2026,7848
Mīnākshipuram,Tamil Nadu,9.9908,77.3708,7846
Amini,Lakshadweep,11.1141,72.7191,7843
Titābar,Assam,26.6014,94.2039,7836
Pardi Sondhpur,Gujarat,20.6199,72.94,7833
Nallūr,Tamil Nadu,8.8705,77.5171,7828
Bānāvar,Karnataka,13.4103,76.1631,7827
Elattūr,Tamil Nadu,11.3866,77.308,7827
Sedaikavundanūr,Tamil Nadu,11.6403,78.1806,7823
Seethanagaram,Andhra Pradesh,17.1767,81.6925,7816
Alāwalpur,Punjab,31.4316,75.6561,7815
Uppinangadi,Karnataka,12.8364,75.2461,7813
Malayadi,Tamil Nadu,8.3609,77.1795,7812
Sakīt,Uttar Pradesh,27.4346,78.779,7811
Yerrabalem,Andhra Pradesh,13.7046,80.0186,7803
Narikombu,Karnataka,12.8846,75.0542,7800
Rasūlābād,Uttar Pradesh,26.7449,80.4901,7800
Parol,Jammu and Kashmir,32.346,75.4344,7800
Nallakavundanpālaiyam,Tamil Nadu,11.5923,78.0137,7796
Kurpania,Jharkhand,23.7917,85.9323,7789
Jhakal Mandi,Haryana,29.8076,75.8248,7788
Vilāchcheri,Tamil Nadu,9.8937,78.0603,7787
Chicalim,Goa,15.3984,73.8422,7787
Settithāngal,Tamil Nadu,12.9565,79.3371,7780
Meru,Jharkhand,24.0097,85.4673,7780
Narasimharājapura,Karnataka,13.6108,75.512,7775
Dāndedih,Jharkhand,24.1634,86.3273,7769
Mallār,Karnataka,13.2142,74.761,7765
Pipodara,Gujarat,21.3605,72.9598,7765
Chandrapada,Maharashtra,19.3616,72.8818,7750
Kannanūr,Tamil Nadu,8.2793,77.2922,7747
Beltangadi,Karnataka,12.9795,75.27,7746
Dalavaipatti,Tamil Nadu,11.6614,78.0834,7732
Kawnpur,Mizoram,24.0476,92.6756,7732
Ammanūr,Tamil Nadu,13.065,79.653,7731
Barkot,Uttarakhand,30.8086,78.206,7725
Thaikattussery,Kerala,10.4601,76.2436,7724
Fateh Nangal,Punjab,31.9453,75.319,7721
Piploda,Madhya Pradesh,23.35,75.4333,7719
Bhavanisagar,Tamil Nadu,11.4806,77.1291,7710
Uppiliyapuram,Tamil Nadu,11.2636,78.5139,7705
Tangapur,Telangana,16.3956,78.6266,7704
Agatti,Lakshadweep,10.8352,72.1822,7700
Virinchīpuram,Tamil Nadu,12.9234,79.0219,7699
Palod,Gujarat,21.3846,72.9584,7698
Nizāmpur,Maharashtra,21.1128,74.3307,7696
Kandanūr,Tamil Nadu,10.1037,78.8254,7696
Chandrapur,Chhattisgarh,21.7076,83.2349,7688
Māngvādi,Maharashtra,18.4313,73.86,7685
Irongmara,Assam,24.689,92.7422,7685
Harduli,Madhya Pradesh,22.9278,79.903,7682
Jhagrakhand,Chhattisgarh,23.1942,82.1976,7680
Akālgarh,Punjab,30.7595,75.6456,7678
Kulappuram,Tamil Nadu,8.322,77.1489,7677
Vaithīsvarankoil,Tamil Nadu,11.1958,79.7074,7676
Beltangadi,Karnataka,13.9833,75.3,7676
Tarīchar Kalān,Madhya Pradesh,25.4118,78.89,7674
Nattalam,Tamil Nadu,8.2796,77.2346,7674
Bājna,Uttar Pradesh,27.8979,77.6784,7673
Mundathikōd,Kerala,10.6446,76.1953,7672
Bhūgor,Rajasthan,27.5169,76.61,7666
Jamwa Rāmgarh,Rajasthan,27.0202,76.0109,7665
Virudampattu,Tamil Nadu,12.9594,79.1444,7662
Barpathār,Assam,26.2871,93.8884,7657
Kodannur,Kerala,10.4665,76.1842,7655
Doha,Haryana,27.6783,76.9361,7642
Outabgarh,Delhi,28.801,76.9616,7639
Belthangady,Karnataka,12.988,75.2824,7635
Shiravāgilu,Kerala,12.5492,74.9876,7630
Wāghoda,Maharashtra,21.3732,78.9349,7628
Bamun Sualkuchi,Assam,26.1683,91.5817,7628
Mathurāpur,Bihar,25.871,85.7882,7627
Rekurti,Telangana,18.4689,79.1119,7626
Alīgarh,Rajasthan,25.9652,76.083,7626
Bellūru,Karnataka,12.9814,76.7331,7626
Pavali,Tamil Nadu,9.6023,77.9213,7622
Mānpur,Madhya Pradesh,22.4315,75.6211,7621
Vellavādanparappu,Tamil Nadu,11.1854,77.8424,7621
Daulatpur,West Bengal,25.326,88.3299,7620
Ateli Mandi,Haryana,28.1008,76.2598,7619
Terūr,Tamil Nadu,8.1733,77.465,7615
Sorbhog,Assam,26.4861,90.8859,7614
Longleng,Nagaland,26.4899,94.8177,7613
Nāvalūr,Tamil Nadu,12.8448,80.2265,7610
Gogāpur,Madhya Pradesh,23.5575,75.5166,7608
Mānda,Maharashtra,19.5684,72.7972,7605
Nakkāpalle,Andhra Pradesh,17.4079,82.7166,7603
Jangalpur,Jharkhand,23.8274,86.5793,7603
Dalhousie,Himachal Pradesh,32.5522,75.9466,7601
Periyākkurichchi,Tamil Nadu,11.54,79.4894,7599
Nadīgaon,Uttar Pradesh,26.1078,79.0228,7597
Garhdiwāla,Punjab,31.7415,75.7557,7593
Rail,Punjab,30.999,76.4676,7589
Rakh Gadi Garh,Jammu and Kashmir,32.6692,74.8389,7588
Ahmadabad Cantonment,Gujarat,23.0477,72.6099,7588
Sembianallur,Tamil Nadu,11.1773,77.2413,7586
Kherwāra,Rajasthan,23.9859,73.5949,7581
Kattrivedu,Tamil Nadu,13.1378,80.2044,7580
Murmāri,Maharashtra,21.0729,79.828,7576
Puduppatti,Tamil Nadu,11.1522,78.212,7570
Malaudh,Punjab,30.6333,75.9356,7567
Padri,Bihar,26.1645,85.9124,7566
Mutge,Karnataka,15.8656,74.5918,7561
Paiyūr,Tamil Nadu,12.6707,79.3024,7555
Kumaranellūr,Kerala,10.6696,76.2475,7553
Bhakhāra,Chhattisgarh,20.8995,81.6028,7547
Gogipeth,Karnataka,16.7352,76.7443,7544
Kochpara,Assam,26.089,91.5318,7540
Chantongia,Nagaland,26.5459,94.6856,7532
Koonimedu,Tamil Nadu,12.0852,79.8892,7528
Maan,Maharashtra,18.5812,73.7041,7527
Kotār,Madhya Pradesh,24.698,80.9807,7520
Murda,Goa,15.4802,73.8544,7517
Sunāri Kalān,Haryana,28.861,76.569,7506
Gamhāria,Jharkhand,22.8094,86.1034,7505
Nachiyar Koil,Tamil Nadu,10.9195,79.4459,7505
Nimbhora Budrukh,Maharashtra,21.0486,75.8419,7501
Bishunpur Urf Mahārājganj,Uttar Pradesh,26.2591,83.1164,7499
Vālāntaravai,Tamil Nadu,9.339,78.8871,7498
Borgaon,Madhya Pradesh,21.5611,78.8131,7497
Tārāpur,Maharashtra,19.865,72.6843,7493
Ghorāwal,Uttar Pradesh,24.7546,82.7796,7492
Mālanpur,Madhya Pradesh,26.3572,78.287,7492
Derā Nānak,Punjab,32.0373,75.0279,7491
Kegaon,Maharashtra,18.8957,72.9131,7485
Sargaon,Chhattisgarh,21.9009,81.9772,7484
Kuruppanāyakkanpālaiyam,Tamil Nadu,11.4645,77.6941,7484
P. J. Cholapuram,Tamil Nadu,10.9057,78.2792,7484
Jājang,Odisha,21.9384,85.4425,7482
Chikhli,Gujarat,20.7575,73.0627,7480
Puduppatti,Tamil Nadu,11.4965,78.2706,7478
Kāngpokpi,Manipur,25.1527,93.9717,7476
Kādīpur,Uttar Pradesh,26.1678,82.3703,7472
Yechagām,Jammu and Kashmir,33.9873,74.7517,7461
Tholur,Kerala,10.5718,76.1291,7454
Ukal,Gujarat,21.2374,73.5779,7453
Tārāpur,Bihar,25.0907,86.662,7450
Sanjeli,Gujarat,23.0584,73.9702,7448
Kusmi,Chhattisgarh,23.2839,83.9083,7448
Indargarh,Rajasthan,25.7282,76.1904,7444
Vengambūr,Tamil Nadu,11.1053,77.8783,7443
Marwad,Dadra and Nagar Haveli and Daman and Diu,20.4376,72.8322,7443
Gīdam,Chhattisgarh,18.9743,81.3989,7440
Xeldem,Goa,15.25,74.0833,7434
Tokūru,Karnataka,12.9638,74.838,7433
Venkatāpuram,Tamil Nadu,12.5344,78.202,7430
Kurkhera,Maharashtra,20.6181,80.2085,7430
Sirgora,Madhya Pradesh,22.2063,78.8832,7430
Sironchā,Maharashtra,18.8483,79.9638,7427
Alamādi,Tamil Nadu,13.2092,80.1097,7424
Airāvadanallūr,Tamil Nadu,9.9058,78.1552,7423
Gotamara,Odisha,20.8583,85.2027,7420
Kot Fatah,Punjab,30.1132,75.0867,7412
Jākhal,Haryana,29.7963,75.8239,7411
Lathikata,Odisha,22.1307,84.8901,7405
Narsingarh,Tripura,23.9097,91.2508,7404
Kandanvilai,Tamil Nadu,8.2068,77.3281,7401
Kannamangalam,Tamil Nadu,12.7521,79.1478,7399
Pārīchha,Uttar Pradesh,25.5079,78.7595,7399
Tumgaon,Chhattisgarh,21.1912,82.123,7394
Saidpura,Bihar,25.5768,85.0454,7392
Sikhong Sekmai,Manipur,24.638,94.0934,7390
Maheshlundi,Jharkhand,24.176,86.2662,7389
Numāligarh,Assam,26.6225,93.7222,7386
Ant,Uttar Pradesh,27.4432,80.4686,7385
Nongumlong,Meghalaya,25.5644,91.8312,7381
Palakurthy,Telangana,18.7165,79.3815,7380
Jamunāmukh,Assam,26.1015,92.7426,7377
Kotla Mahigiran,Delhi,28.5367,77.2807,7376
Khed,Maharashtra,18.3381,73.8468,7370
Ukwā,Madhya Pradesh,21.971,80.4662,7369
Nagam,Jammu and Kashmir,33.9264,74.7919,7365
Manavalassery,Kerala,10.3613,76.1724,7364
Kukkudākhandi,Odisha,19.3936,84.755,7361
Kanisail Pt I,Assam,24.8551,92.37,7358
Perumānallūr,Tamil Nadu,11.205,77.3589,7356
Asudubi,Assam,26.0232,90.6658,7356
Chinchinim,Goa,15.2145,73.9756,7355
Hāt,Haryana,29.3318,76.615,7354
Rehambal,Jammu and Kashmir,32.8976,75.0683,7351
Kainoor,Kerala,10.4991,76.2794,7344
Jiribam,Manipur,24.8043,93.1215,7343
Vadghar,Maharashtra,18.9834,73.104,7341
Amargarh,Punjab,30.4621,76.0144,7339
Dhārchula,Uttarakhand,29.8471,80.5195,7331
Vembadithalam,Tamil Nadu,11.5674,78.0109,7331
Haripur,West Bengal,22.9361,88.2319,7327
Kunnattūr,Tamil Nadu,12.3478,78.5105,7326
Krishnapur,West Bengal,22.6703,88.2694,7325
Rāmban,Jammu and Kashmir,33.2428,75.2351,7317
Jagannāthpur,Jharkhand,22.2212,85.6392,7310
Desūla,Rajasthan,27.532,76.6793,7306
Chuhal,Punjab,31.595,75.9684,7304
Panchet,Jharkhand,23.688,86.7574,7296
Sardārpur,Madhya Pradesh,22.6655,74.9774,7293
Silewāra,Maharashtra,21.2912,79.124,7290
Swāmimalai,Tamil Nadu,10.9575,79.3293,7289
Karadipatti,Tamil Nadu,9.9181,78.0239,7289
Kismatpur,Telangana,17.3341,78.3925,7288
Gohānd,Uttar Pradesh,25.6987,79.5457,7286
Uppalavādi,Tamil Nadu,11.7652,79.7764,7281
Adbhār,Chhattisgarh,21.9534,83.0248,7272
Dih,Uttar Pradesh,26.1426,81.4086,7267
Chittarkonda,Odisha,18.1253,82.1089,7260
Bhādson,Punjab,30.5067,76.2471,7260
Thenzawl,Mizoram,23.3167,92.75,7259
Pāndamangalam,Tamil Nadu,11.1033,77.967,7259
Swroop Nagar,Madhya Pradesh,23.8273,77.9419,7258
Ariyur,Tamil Nadu,12.8756,79.1034,7251
Kadmā,Jharkhand,23.9874,85.3454,7239
Dornapal,Chhattisgarh,18.1551,81.5086,7238
Tālipādi,Karnataka,13.0665,74.8543,7237
Khapar,Maharashtra,21.533,73.9312,7235
Jarhi,Chhattisgarh,23.3592,83.0447,7228
Somvārpet,Karnataka,12.597,75.8496,7227
Vijayapuri,Tamil Nadu,11.2453,77.5007,7222
Morewadi,Maharashtra,16.6624,74.2544,7222
Ālāndurai,Tamil Nadu,10.9532,76.79,7221
Gopālpur,Odisha,19.2586,84.9052,7221
Khaira,Delhi,28.5942,76.9701,7220
Kharsāwān,Jharkhand,22.7909,85.831,7216
Sāragaon,Chhattisgarh,21.9865,82.7558,7216
Sathamba,Gujarat,23.1705,73.3283,7213
Kudus,Maharashtra,19.5336,73.101,7204
Perungulam,Tamil Nadu,8.6413,77.9985,7203
Tālera,Rajasthan,25.3158,75.7328,7203
Nurpur,Bihar,25.424,86.0435,7202
Jarod,Gujarat,22.4393,73.3348,7200
Hnahthial,Mizoram,22.9661,92.9297,7187
Bekobār,Jharkhand,24.4192,85.5888,7184
Sirsia,Jharkhand,24.212,86.3131,7181
Kaiparamba,Kerala,10.6083,76.139,7179
Gandhīsāgar Colony,Madhya Pradesh,24.6905,75.5668,7178
Mairabari Town,Assam,26.4536,92.4227,7177
Bīrpur,Jammu and Kashmir,32.6617,74.9518,7177
Mahur,Assam,25.1831,93.1134,7176
Neykuppai,Tamil Nadu,10.2214,78.536,7165
Oinām,Manipur,24.689,93.8129,7161
Babugarh,Uttar Pradesh,28.7235,77.8468,7156
Hathwa,Bihar,26.3554,84.2976,7156
Goregaon,Maharashtra,18.1548,73.2915,7155
Kumārpur,Jharkhand,24.6813,87.8411,7153
Pettāmpālaiyam,Tamil Nadu,11.3499,77.5706,7152
Taipi Duidam,Arunachal Pradesh,27.2912,96.0437,7151
Manakkody,Kerala,10.4857,76.1697,7150
Mūlaguntapādu,Andhra Pradesh,15.264,80.0196,7145
Harnai,Maharashtra,17.8134,73.0967,7144
Neemrana,Rajasthan,27.9919,76.3854,7143
Sabroom,Tripura,23.0015,91.7243,7142
Mohpa,Maharashtra,21.3101,78.8297,7140
Banbasa,Uttar Pradesh,28.9913,80.0761,7138
Morānha,Assam,27.1874,94.9156,7136
Vanavasi,Tamil Nadu,11.75,77.8801,7130
Viraganūr,Tamil Nadu,9.9036,78.1552,7121
Ghansor,Madhya Pradesh,22.6598,79.9501,7120
Akaira,Haryana,28.231,76.8508,7110
Bhakarsahi,Odisha,20.1855,86.0103,7110
Mirjhapar,Gujarat,23.219,69.6336,7109
Karachiya,Gujarat,22.3786,73.1328,7103
Kallettumkara,Kerala,10.3439,76.2681,7097
Sankarnagar,Tamil Nadu,8.7969,77.734,7095
Upar Hali,Assam,26.1031,91.5088,7095
Chhuīkhadān,Chhattisgarh,21.5232,80.9979,7093
Bonaigarh,Odisha,21.8219,84.952,7080
Lalsingi,Odisha,19.9474,84.5711,7078
Ambaliyasan,Gujarat,23.4499,72.4233,7072
Koni,Chhattisgarh,22.1217,82.1336,7065
Kurgahalli,Karnataka,12.3546,76.5767,7065
Chennamukkapalle,Andhra Pradesh,14.0595,78.7698,7065
Badagal Ulipādi,Karnataka,12.9521,74.9582,7062
Kodiyal,Karnataka,14.5166,75.7896,7061
Pālāchaurai,Madhya Pradesh,22.2003,78.6592,7061
Guirim,Goa,15.5755,73.8072,7057
Mera,Jharkhand,23.7556,86.7944,7051
Kabri,Haryana,29.4278,76.9396,7049
Sarai Khas,Punjab,31.409,75.5112,7044
Briddhanagar,Tripura,23.8445,91.3514,7041
Pāl,Maharashtra,21.3618,75.9012,7041
Kuvettu,Karnataka,12.9809,75.2535,7041
Konta,Telangana,17.8049,81.3867,7038
Nagri,Madhya Pradesh,23.8477,75.1443,7034
Adyār,Karnataka,12.8703,74.9226,7034
Kujjanūr,Tamil Nadu,9.8743,77.3747,7024
Kherlīganj,Rajasthan,24.8808,76.6682,7022
Lohāra,Chhattisgarh,21.85,81.1333,7017
Watargām,Jammu and Kashmir,34.3194,74.3736,7015
Batarashi,Assam,24.8694,92.3349,7001
Inda Chhoi,Haryana,29.6404,75.7904,7000
Khamharia,Chhattisgarh,20.976,82.2512,6998
Dāringbārhi,Odisha,19.907,84.1241,6995
Khan Pur Dhani,Delhi,28.71,77.283,6994
Akālgarh,Punjab,29.8207,75.8908,6993
Chittilapilli,Kerala,10.5657,76.1527,6988
Ayyānūr Teppakkuttai,Tamil Nadu,11.596,77.9839,6986
Ghanaur,Punjab,30.3309,76.612,6985
Barhagarh,Odisha,19.645,84.4079,6982
Panaikulam,Tamil Nadu,9.3756,78.954,6980
Tarapur VII,Assam,24.8131,92.7822,6977
Rāy,Jharkhand,23.6843,85.0546,6977
Umbergaon INA,Gujarat,20.1691,72.775,6976
Mālpur,Gujarat,23.3604,73.466,6971
Tilodih,Jharkhand,24.2118,86.2474,6970
Nanguneri,Tamil Nadu,8.4933,77.6581,6969
Borio,Jharkhand,25.0344,87.5925,6964
Uttar Krishnapur Part-I,Assam,24.7906,92.7934,6960
Borlai Panchaitan,Maharashtra,18.17,73.0044,6952
Ādri,Gujarat,20.9659,70.2886,6952
Chatrapatti,Tamil Nadu,9.3448,77.9206,6948
Badh Malak,Haryana,28.9198,77.0958,6938
Hariharpur,Jharkhand,23.8888,86.1306,6938
Antaliya,Gujarat,20.7653,72.9907,6936
Gudāri,Odisha,19.3476,83.7813,6931
Khore,Jammu and Kashmir,32.8226,74.5113,6931
Sunderbani,Jammu and Kashmir,33.0484,74.4885,6930
Venkatapura,Karnataka,14.0321,74.5333,6928
Saria,Chhattisgarh,21.6401,83.3631,6927
Risāmā,Maharashtra,21.3645,80.3711,6925
Bijepur,Odisha,21.1893,83.4606,6922
Sohela,Odisha,21.3015,83.398,6917
Sarthebari,Assam,26.3629,91.2231,6913
Kīlpuduppākkam,Tamil Nadu,12.6798,79.5452,6912
Daspalla,Odisha,20.3396,84.8472,6906
Galiākot,Rajasthan,23.52,74.0203,6906
Ladrāwan,Haryana,28.7866,76.9365,6905
Mansar,Maharashtra,21.396,79.2635,6901
Balipatapur,Odisha,19.9356,85.4968,6898
Anantapuram,Tamil Nadu,12.1186,79.3822,6892
Kondamanāyakkanpatti,Tamil Nadu,11.7103,78.177,6892
Semarwāra,Rajasthan,23.5668,73.7427,6891
Gopālpur,West Bengal,22.6184,88.7512,6890
Mel Pattāmbākkam,Tamil Nadu,11.7882,79.6284,6887
Bambolim,Goa,15.4636,73.8531,6885
Ghoh,Punjab,32.3299,75.6748,6883
Sānūru,Karnataka,13.1747,74.9917,6881
Chinnamanali,Tamil Nadu,11.3943,78.0841,6878
Gheora,Delhi,28.6941,77.0016,6876
Padmabīl,Assam,26.4363,89.9634,6874
Āsan Khurd,Haryana,29.4044,76.8732,6873
Khaliapāli,Odisha,21.364,83.6164,6865
Hāt Saraiyā,Bihar,26.7946,84.4853,6863
Katra,Uttar Pradesh,27.5087,82.0264,6853
Queula,Goa,15.3901,73.9856,6852
Gunghasa,Jharkhand,23.8618,86.1777,6845
Charhi,Jharkhand,23.8538,85.4453,6842
Manjalumoodu,Tamil Nadu,8.3745,77.2222,6840
Anwaram,Telangana,17.633,78.3795,6840
Khuda Alisher,Chandigarh,30.7747,76.8118,6831
Baddowāl,Punjab,30.8611,75.7469,6825
Bhat,Gujarat,23.1029,72.636,6823
Bahbari Gaon,Assam,27.4806,95.3263,6821
Pipri,Madhya Pradesh,22.0633,75.4009,6821
Soanpeta,Telangana,18.97,78.3563,6820
Majhauli Khetal,Bihar,26.1102,85.3664,6820
Paloor,Tamil Nadu,8.2427,77.2364,6818
Todi,Rajasthan,25.1123,74.2605,6816
Elāyirampannai,Tamil Nadu,9.2703,77.8249,6814
Harēkala,Karnataka,12.8425,74.9153,6814
Moragudi,Andhra Pradesh,14.8626,78.3788,6812
Murakambattu,Andhra Pradesh,13.2463,79.1187,6812
Varamballi,Karnataka,13.364,74.7626,6809
Choozhal,Tamil Nadu,8.3101,77.128,6807
Rudrāvati,Tamil Nadu,10.8743,77.4103,6807
Jabera,Madhya Pradesh,23.5582,79.678,6806
Kotba,Chhattisgarh,22.4394,83.74,6805
Cholapuram,Tamil Nadu,11.0542,79.4126,6803
Vilholi,Maharashtra,19.9233,73.7173,6798
Khamārī,Maharashtra,21.4268,80.2345,6794
Nerinjippettai,Tamil Nadu,11.6543,77.7586,6791
Kevadiya,Gujarat,21.8856,73.7023,6788
Badhni Kalān,Punjab,30.6813,75.2909,6786
Chandan Hola,Delhi,28.4685,77.1831,6780
Sahnidih,Jharkhand,23.7819,86.2506,6777
Antāgarh,Chhattisgarh,20.0926,81.1586,6777
Dumra,Jharkhand,23.796,86.2136,6772
Rosera,Madhya Pradesh,22.9421,79.2148,6770
Koīra,Odisha,21.9049,85.2421,6763
Kālādhūngi,Uttarakhand,29.2835,79.351,6763
Osmania University,Telangana,17.4129,78.5263,6762
Morjim,Goa,15.631,73.739,6760
Lohaghāt,Uttarakhand,29.4036,80.0897,6758
Mandai,Madhya Pradesh,23.2191,79.9855,6743
Surankōt,Jammu and Kashmir,33.6271,74.2747,6743
Pedda bhogili,Andhra Pradesh,18.6612,83.3784,6733
Kottapuram,Kerala,10.6802,76.1939,6727
Eyyāl,Kerala,10.6554,76.1174,6727
Itaunja,Uttar Pradesh,27.0835,80.8967,6726
Selamba,Gujarat,21.5179,73.8215,6717
Sapotra,Rajasthan,26.2928,76.7522,6716
Waghāi,Gujarat,20.7705,73.5007,6715
Kantabamsuguda,Andhra Pradesh,18.3226,82.8826,6714
Veparāla,Andhra Pradesh,14.8572,78.3481,6712
Kiādgira,Telangana,17.2526,77.4334,6711
Shivrājpur,Gujarat,22.4232,73.6086,6705
Anwāri,Bihar,25.1532,83.623,6702
Dabolim,Goa,15.3991,73.8559,6700
Sabāthu,Himachal Pradesh,30.9749,76.9914,6691
Khaur,Jammu and Kashmir,32.6027,74.8092,6690
Māndavla,Rajasthan,25.4262,72.519,6683
Rangapahār,Assam,25.8557,93.7052,6673
Ekangar Sarai,Bihar,25.2234,85.2298,6672
Donimalai Township,Karnataka,15.0604,76.5922,6672
Kandasar,Odisha,20.8416,85.1425,6668
Selattānpatti,Tamil Nadu,11.6628,78.0946,6659
Bherāghāt,Madhya Pradesh,23.1317,79.8011,6657
Sheragada,Odisha,19.513,84.6041,6653
Ammāpattinam,Tamil Nadu,10.0153,79.2314,6652
Deomali,Arunachal Pradesh,27.1931,95.4672,6648
Narsāpuram,Telangana,18.1004,78.8802,6647
Kambe,Maharashtra,19.3124,73.0364,6642
Barsur,Chhattisgarh,19.1356,81.3839,6636
Padghe,Maharashtra,19.367,73.1758,6633
Verna,Goa,15.3548,73.9245,6632
Bhīm Tāl,Uttarakhand,29.3445,79.5634,6625
Bhuindhara,Bihar,25.8525,85.7606,6614
Rāmāpuram,Andhra Pradesh,15.1382,78.116,6614
Pondarkanali,Jharkhand,23.7702,86.3516,6611
Takhlibilar Pathar,Assam,26.5004,90.9352,6611
Banda,Maharashtra,15.8118,73.8612,6611
Bontapalli,Telangana,17.6624,78.364,6608
Aldona,Goa,15.5934,73.8748,6606
Alūr,Karnataka,12.978,75.9909,6604
Naoghar,Maharashtra,18.8917,72.9857,6603
Hiramandalam,Andhra Pradesh,18.6709,83.9505,6603
Kumbhkot,Rajasthan,24.6183,76.0008,6602
Aamadi,Chhattisgarh,20.771,81.4899,6600
Lāwa Sardārgarh,Rajasthan,25.2392,73.9892,6600
Got,Uttar Pradesh,28.851,78.8363,6599
Māro,Chhattisgarh,21.8666,81.8589,6596
Bhagwantnagar,Uttar Pradesh,26.2238,80.7575,6596
Tayikkād,Kerala,10.5916,76.0611,6594
Aurās,Uttar Pradesh,26.9141,80.5079,6591
Purne,Maharashtra,19.2586,73.0269,6588
Chengappalli,Tamil Nadu,11.1989,77.4231,6587
Kādiganahalli,Karnataka,13.1688,77.6282,6587
Vanganūr,Tamil Nadu,13.1828,79.4553,6584
Jāfarpur Kalān,Delhi,28.59,76.9205,6573
Chanāri,Bihar,24.9156,83.7968,6569
Corlim,Goa,15.4961,73.9339,6568
S. Rayavaram,Andhra Pradesh,17.4546,82.8062,6568
Shivnandanpur,Chhattisgarh,23.1902,82.9532,6567
Surgāna,Maharashtra,20.5596,73.6375,6566
Anjira,Odisha,20.8264,86.0335,6561
Cholapuram,Tamil Nadu,9.3519,77.5684,6557
Seota,Jharkhand,23.668,85.5205,6554
Kokernag,Jammu and Kashmir,33.5785,75.3181,6553
Sāter,Madhya Pradesh,22.5705,75.7791,6540
Yingkiong,Arunachal Pradesh,28.6104,95.0475,6540
Matarbari,Tripura,23.5068,91.4968,6530
Sarpara,Assam,26.0955,91.5184,6529
Naurhiya,Madhya Pradesh,24.2069,82.5655,6529
Aish Maqām,Jammu and Kashmir,33.865,75.2837,6519
Ugu,Uttar Pradesh,26.7968,80.3209,6518
Dhorīmanna,Rajasthan,25.2037,71.4369,6513
Mitrāon,Delhi,28.6062,76.946,6512
Aquem,Goa,15.2584,73.9857,6511
Khāndbāra,Maharashtra,21.3061,74.0441,6511
Porkolam,Kerala,10.6768,76.0694,6503
Narharpur,Chhattisgarh,20.4489,81.62,6500
Sangramnagar,Maharashtra,17.892,75.0062,6499
Kuwarbav,Maharashtra,16.9945,73.3559,6497
Ambivali T. Tungartan,Maharashtra,18.8977,73.1729,6497
Manwāl,Punjab,32.3026,75.6757,6496
Oran,Uttar Pradesh,25.3688,80.7423,6495
Dhali,Tamil Nadu,10.5105,77.1881,6494
Kīranūr,Tamil Nadu,10.594,77.5032,6487
Srāvana Belgola,Karnataka,12.8574,76.4889,6485
Chadoora,Jammu and Kashmir,33.9454,74.7971,6482
Jalah,Assam,26.2379,91.7198,6468
Kumsi,Karnataka,14.0546,75.3999,6468
Perumbākkam,Tamil Nadu,13.0395,79.8133,6462
Belma,Karnataka,12.8138,74.9054,6452
Tola Mansārāut,Bihar,26.8013,84.5391,6451
Koradacheri,Tamil Nadu,10.7702,79.4916,6450
Nārsingi,Telangana,18.0447,78.4252,6445
Māyakonda,Karnataka,14.2889,76.083,6445
Sanguem,Goa,15.229,74.1515,6444
Mahārājganj,Uttar Pradesh,26.3813,81.2744,6442
Katangī,Maharashtra,21.4848,80.2035,6440
Khairī,Madhya Pradesh,22.5983,80.3924,6438
Bhapur,Odisha,20.1742,86.0061,6438
Kadakola,Karnataka,12.1918,76.6657,6436
Silaimān,Tamil Nadu,9.8731,78.1906,6436
Gangaikondān,Tamil Nadu,11.539,79.4765,6434
Jām,Telangana,19.1934,78.2795,6426
Saranga,Odisha,20.9255,85.264,6426
Kilampadi,Tamil Nadu,11.204,77.8427,6422
Rādhākund,Uttar Pradesh,27.5243,77.491,6420
Agastinuagan,Odisha,19.37,85.0343,6411
Bīghāpur Khurd,Uttar Pradesh,26.3473,80.657,6409
Dari,Jharkhand,23.7219,85.3843,6405
Rām Dās,Punjab,31.9674,74.9087,6398
Satrampādu,Andhra Pradesh,16.7059,81.0738,6393
Karmatanr,Jharkhand,23.8226,86.5241,6392
Sini,Jharkhand,22.7932,85.9454,6382
Mahlidih,Jharkhand,23.8081,86.3542,6381
Pharihā,Uttar Pradesh,27.3217,78.4727,6380
Salvador do Mundo,Goa,15.5304,73.8363,6373
Pallippadai,Tamil Nadu,11.4096,79.7074,6369
Rathian,Jammu and Kashmir,32.8953,75.1308,6365
Chidiga,Andhra Pradesh,16.963,82.2124,6365
Kariyannūr,Kerala,10.6808,76.1628,6363
Puliyoorsalai,Tamil Nadu,8.4197,77.1972,6361
Khatiguda,Odisha,19.2375,82.7881,6361
Bhore,Jammu and Kashmir,32.6668,74.8292,6360
Muraidih,Jharkhand,23.8098,86.2387,6360
Bali Koria,Assam,26.4393,91.4225,6359
Deokar,Chhattisgarh,21.5667,81.3167,6358
Raghunāthpur,Bihar,25.6449,87.9176,6355
Patharia,Chhattisgarh,22.0185,81.8351,6349
Buna Hir,Jammu and Kashmir,34.5243,74.203,6348
Rengāli,Odisha,21.2544,85.033,6345
Baral,Rajasthan,25.9185,74.6294,6344
Guhāla,Rajasthan,27.6908,75.6361,6343
Karugampattur,Tamil Nadu,12.9262,79.1055,6343
Jainur,Telangana,19.3735,78.9083,6342
Dhānal,Maharashtra,21.1514,79.5424,6339
Asarganj,Bihar,25.1505,86.6864,6327
Akdoni Khurd,Jharkhand,24.1579,86.2797,6321
Korādi,Maharashtra,21.2476,79.1058,6321
Mamnūr,Telangana,17.9092,79.5926,6319
Chota Haibor,Assam,26.3314,92.6943,6315
Hirāpur,Madhya Pradesh,21.8419,80.24,6315
Tseminyu,Nagaland,25.9247,94.2162,6315
Silchar Part-X,Assam,24.8172,92.8136,6313
Daryāpur Kalān,Delhi,28.814,77.0111,6310
Parasgaon,Chhattisgarh,19.8622,81.6404,6306
Alevūr,Karnataka,13.3101,74.7886,6302
Dumari urf Damodarpur Shahjahan,Bihar,26.1048,85.3578,6301
Sunākhala,Odisha,20.1668,85.3323,6299
Garimellapadu,Telangana,17.539,80.6225,6296
Hesla,Jharkhand,24.0631,85.8791,6286
Badamba,Odisha,20.4191,85.3446,6284
Ambara,Madhya Pradesh,22.1902,78.6708,6282
Pub - Dhaniram Pather,Assam,26.0138,92.8717,6280
Magarlor,Chhattisgarh,20.7494,81.8515,6280
Saligao,Goa,15.5536,73.7904,6280
Vaddeswaram,Andhra Pradesh,16.4473,80.6127,6275
Jagadāpatnam,Tamil Nadu,9.968,79.1901,6274
Dungamal,Odisha,19.6803,85.182,6271
Lakhanpur,Chhattisgarh,22.9879,83.0356,6270
Kawlet,Karnataka,14.5223,75.7746,6265
Apra,Punjab,31.0863,75.8791,6258
Parabada,Gujarat,23.5977,72.949,6255
Bhāgal Jagāna,Gujarat,24.1261,72.3862,6250
Sivunipalli,Telangana,17.8442,79.3822,6242
Tadikārakonam,Tamil Nadu,8.3302,77.4149,6241
Changlang,Arunachal Pradesh,27.1318,95.7349,6236
Chikjājūr,Karnataka,14.1267,76.1408,6236
Kila Ambur,Tamil Nadu,8.761,77.401,6233
Tumbe,Karnataka,12.868,74.9884,6230
Chakkārappalli,Tamil Nadu,10.8996,79.1987,6227
Shankrampet,Telangana,18.0493,77.9142,6227
Loisinga,Odisha,20.8667,83.5167,6220
Kanakpur I,Assam,24.795,92.8061,6219
Mānikkāpuram,Tamil Nadu,11.0247,77.2754,6215
Madkai,Goa,15.4142,73.9398,6215
Rāmpur,Himachal Pradesh,31.4494,77.6309,6206
Gorūr,Karnataka,12.823,76.0646,6192
Tenkanidiyūr,Karnataka,13.3691,74.7097,6188
Sānri,Jharkhand,23.6829,85.5058,6186
Sangrāmpur,Jharkhand,24.6739,87.8468,6184
Mawpat,Meghalaya,25.599,91.925,6184
Mīnākshināyakkanpatti,Tamil Nadu,10.3759,77.957,6182
Katirail T.E.,Assam,24.9087,92.5803,6182
Vellanikkara,Kerala,10.5475,76.2583,6167
Anantpur,Maharashtra,19.9329,75.0124,6166
Mulānpur,Punjab,30.8,76.7436,6165
Digvijaygram,Gujarat,22.4318,69.8327,6161
Rāhud,Chhattisgarh,21.8126,82.5063,6160
Chikhlākasa,Chhattisgarh,20.6,81.0778,6160
Mukhiguda,Odisha,19.4402,82.8505,6155
Peralam,Tamil Nadu,10.9628,79.6608,6149
Wardhāmna,Maharashtra,21.127,78.9503,6148
Arumbanūr,Tamil Nadu,9.9944,78.1924,6148
Arak,Bihar,25.6116,84.2216,6147
Cherlopalle,Andhra Pradesh,13.6137,79.3652,6143
Amboli,Gujarat,21.2885,72.9506,6137
Kirnāpur,Madhya Pradesh,21.6259,80.3314,6137
Mārkkayankottai,Tamil Nadu,9.8526,77.3603,6135
Singtam,Sikkim,27.2347,88.5017,6133
Dehu,Maharashtra,18.7185,73.7664,6133
Londa,Karnataka,15.4691,74.5191,6131
Budhapanka,Odisha,20.8583,85.242,6129
Forest Village Lakhipathar,Assam,27.4533,95.5813,6129
Nagrota,Himachal Pradesh,32.0571,76.0914,6125
Tada Khandrika,Andhra Pradesh,13.5886,80.0337,6123
Tār,Bihar,25.3959,84.3433,6123
Minalur,Kerala,10.625,76.2215,6120
Ponnampet,Karnataka,12.1447,75.9451,6117
Sirukalathur,Tamil Nadu,12.9823,80.0549,6117
Heingang,Manipur,24.8568,93.9468,6115
Gandipuram,Tamil Nadu,8.1796,77.4449,6106
Dungarpur,Gujarat,21.2878,71.7556,6105
Kishanpur,Uttar Pradesh,25.6423,81.0227,6104
Chhura,Chhattisgarh,20.8112,82.209,6095
Varphalia,Maharashtra,21.8277,74.2191,6093
Hājipur,Punjab,31.9771,75.7544,6091
Uttar Athiabari,Assam,26.5233,90.9619,6091
Peruvila,Tamil Nadu,8.1855,77.3961,6090
Topchānchi,Jharkhand,23.9038,86.1979,6082
Vellānūr,Tamil Nadu,13.158,80.1063,6078
Vijayanagar,Gujarat,23.9975,73.2855,6078
Tola Chain,Bihar,24.7408,86.4065,6072
Pathar,Odisha,19.6421,85.1674,6072
Hīrāpur Hamesha,Maharashtra,21.5555,79.7858,6069
Jhompra,Odisha,21.8255,85.5684,6064
Pātrapur,Andhra Pradesh,19.132,84.5704,6059
Nūa,Rajasthan,28.0439,75.2719,6049
Wādrupnagar,Chhattisgarh,23.7664,83.2064,6048
Sivar,Maharashtra,20.6917,77.051,6047
Daundi Lohara,Chhattisgarh,20.7911,81.0556,6045
Palle,Goa,15.4667,74.0833,6043
Māyar,Haryana,29.1046,75.8639,6039
Nanhera,Haryana,30.3192,76.848,6035
Vīrapāndiyanpattanam,Tamil Nadu,8.519,78.1183,6015
Beliātor,West Bengal,23.3205,87.2208,6014
Khori Kalān,Haryana,28.2152,76.8815,6007
Ghatal Mahaniawas,Haryana,28.2212,76.8405,6005
Mota Natava,Gujarat,23.1744,74.0446,6001
Naryanpur,Assam,26.9501,93.8577,6001
Kovalam,Kerala,8.3667,76.9967,6000
Artist Village,Maharashtra,19.0323,73.0428,6000
Bār,Gujarat,23.1628,73.4227,6000
Masrātu,Jharkhand,23.9825,85.3238,5996
Nelluvāyi,Kerala,10.6807,76.182,5994
Meghahatuburu,Jharkhand,22.0724,85.2692,5992
Vikramgad,Maharashtra,19.7972,73.0948,5991
Sarkār Periyapālaiyam,Tamil Nadu,11.1315,77.4045,5986
Terku Kallikulam,Tamil Nadu,8.3528,77.6637,5980
Shirgaon,Maharashtra,19.6959,72.7153,5971
Narasingam,Tamil Nadu,9.9658,78.1833,5971
Mīrpur,Punjab,30.6119,76.8533,5967
Godiputamatiapara,Odisha,20.1392,85.7029,5967
Rāmāpuram,Andhra Pradesh,15.2875,77.8672,5961
Dhin,Punjab,31.2659,75.6092,5961
Kanapaka,Andhra Pradesh,18.1146,83.3743,5960
Dhodra Mohār,Madhya Pradesh,22.2737,77.8855,5956
Rāmpura,Haryana,28.1903,76.6015,5954
Dighāwāni,Madhya Pradesh,22.2061,78.8135,5953
Sairang,Mizoram,23.8103,92.6523,5950
Poladpur,Maharashtra,17.9842,73.4644,5944
Raighar,Chhattisgarh,19.8878,82.0718,5936
Dappar,Punjab,30.5207,76.8161,5936
Chittanda,Kerala,10.6771,76.2105,5936
Bay,Rajasthan,27.3139,75.2959,5936
Lāu,Bihar,24.9464,84.8756,5933
Fatehpur Chaurāsi,Uttar Pradesh,26.7892,80.2655,5931
Niz - Mankata,Assam,27.4642,94.9213,5924
Chintalavalasa,Andhra Pradesh,18.067,83.4091,5921
Nūāhatā,Odisha,20.8359,85.2341,5920
Nāttarasankottai,Tamil Nadu,9.869,78.553,5920
Bela,Maharashtra,21.1557,79.6177,5914
Chelūr,Karnataka,13.7076,78.0992,5911
Nagrota Bagwān,Himachal Pradesh,32.1072,76.3766,5900
Beswān,Uttar Pradesh,27.6379,77.8802,5897
Sattiyavijayanagaram,Tamil Nadu,12.6759,79.3181,5894
Durena,Chhattisgarh,22.3817,82.5863,5892
Phulwartanr,Jharkhand,23.773,86.2321,5884
Mathadahatti,Karnataka,14.2393,76.3793,5884
Rhenok,Sikkim,27.1782,88.6468,5883
Ghanteshvar,Gujarat,22.3364,70.753,5874
Bangaon,Assam,26.4167,91.3333,5873
Amardad,Gujarat,21.6971,69.7206,5872
Karma Tanr,Jharkhand,23.9186,86.7183,5868
Bikkatti,Tamil Nadu,11.2772,76.6257,5864
Onda,Goa,15.5564,74.0585,5863
Arsodiya,Gujarat,23.249,72.5212,5859
Tola Pairamatihana,Bihar,24.6759,86.3474,5858
Bondantila,Karnataka,12.9036,74.9253,5858
Dāsināyakkanpatti,Tamil Nadu,11.6089,78.1438,5857
Akathiyūr,Kerala,10.6809,76.0942,5847
Sajipanadu,Karnataka,12.854,74.9957,5847
Sarna,Punjab,32.2631,75.5831,5847
Miāo,Arunachal Pradesh,27.4934,96.1812,5841
Hosanagara,Karnataka,13.9139,75.065,5839
Pilerne,Goa,15.5335,73.7953,5827
Jalgaon,Maharashtra,17.7403,73.1909,5822
Mohanpur,Bihar,26.6053,85.518,5815
Orla,Jharkhand,23.7226,85.4886,5809
Peranamallūr,Tamil Nadu,12.5705,79.4333,5801
Morattuppālaiyam,Tamil Nadu,11.1606,77.4091,5798
Bangramanjēshvara,Kerala,12.7089,74.8947,5791
Kairangala,Karnataka,12.7967,74.947,5788
Parlli Part,Assam,26.0995,91.5403,5788
Saktasanala,Gujarat,22.7874,70.8033,5786
Nāgamangalam,Tamil Nadu,10.7061,78.619,5785
Borivali Tarf Rahur,Maharashtra,19.3755,73.1792,5780
Sansari,Maharashtra,19.9058,73.8401,5780
Digaru Gaon,Assam,26.1557,91.987,5771
Kaurānwāli,Punjab,30.3844,74.064,5770
Bedla,Rajasthan,24.6345,73.6946,5766
Samattūr,Tamil Nadu,10.6027,77.0141,5762
Jarjapupeta,Andhra Pradesh,18.1807,83.4403,5761
Bangomunda,Odisha,20.343,82.9114,5759
Karma,Jharkhand,24.4536,85.5508,5753
Pāl Laharā,Odisha,21.4335,85.1918,5749
Sherpura,Gujarat,21.7143,72.9717,5748
Chegunta,Telangana,17.9713,78.4592,5747
Karvad,Gujarat,20.3563,72.9549,5746
Chalantapara Pt IV,Assam,26.2618,90.5849,5744
Talni,Maharashtra,19.8818,76.4732,5743
Bhuma,Rajasthan,27.7833,74.9333,5743
Melpedu,Tamil Nadu,13.1564,80.0414,5743
Bijrauni,Madhya Pradesh,24.933,77.6435,5743
Pimpalgaon,Maharashtra,20.1452,74.2408,5741
Tālakkudi,Tamil Nadu,10.8737,78.7182,5740
Campbell Bay,Andaman and Nicobar,7.0083,93.8942,5736
Bhurivel,Gujarat,21.2258,73.5847,5730
Goyali,Rajasthan,24.8995,72.8304,5728
Jhagarwas,Rajasthan,26.9148,74.3141,5728
Salamba,Haryana,28.1147,77.0464,5727
Kodigenahalli,Karnataka,13.7214,77.3863,5727
Colovale,Goa,15.6352,73.8243,5723
Behjoga,Punjab,31.9385,75.8149,5722
Adātt,Kerala,10.544,76.1423,5721
Arakandanallūr,Tamil Nadu,11.972,79.2228,5713
Tolūr,Tamil Nadu,13.1308,79.958,5698
Ovari Paravarnattam,Tamil Nadu,8.2774,77.8915,5694
Borla,Chhattisgarh,22.164,81.2185,5689
Niz Katigorah Pt III,Assam,24.8773,92.57,5687
Gajapatinagaram,Andhra Pradesh,18.2794,83.3365,5687
Muduperar,Karnataka,12.9733,74.9378,5686
Matigara,Jharkhand,23.7811,86.1776,5685
Bhowali,Uttarakhand,29.3898,79.5048,5685
Khor,Madhya Pradesh,24.5924,74.8147,5683
Bharthana Kosad,Gujarat,21.2666,72.8709,5679
Mahapoli,Maharashtra,19.4056,73.0864,5666
Tūndla,Haryana,30.3804,76.8566,5658
Tukhmir Pur,Delhi,28.7193,77.2601,5658
Kharkhari,Jharkhand,23.7776,86.2392,5656
Goa Velha,Goa,15.4438,73.8857,5656
Gūdūr,Telangana,17.4917,78.823,5647
Kullāda,Odisha,19.9694,84.6329,5645
Mohmaiki,Assam,26.6357,93.6294,5639
Shankar,Punjab,31.1481,75.5323,5639
Chinnachintakunta,Telangana,16.4466,77.8063,5637
Partābpur,Chhattisgarh,23.4851,83.2101,5635
Nowangabra,Jammu and Kashmir,34.3621,73.8453,5634
Navkawada,Maharashtra,19.9199,79.1077,5634
Nānpur,Madhya Pradesh,22.2702,74.5271,5632
No.2 Goreswar,Assam,26.5306,91.7251,5631
Karaivalimādappūr,Tamil Nadu,11.0675,77.1593,5626
Thekashu Pt.-II,Assam,25.9817,90.7876,5625
Mahrāgaon,Madhya Pradesh,22.6061,77.7563,5625
Rāmgarh,Jammu and Kashmir,32.5084,74.9645,5612
Chandigarh,Tripura,23.5021,91.3371,5607
Māttūr,Tamil Nadu,11.3215,79.2024,5605
Perumagalur,Tamil Nadu,10.1978,79.1917,5604
Bhuran,Haryana,29.3531,76.508,5603
Baramkela,Chhattisgarh,21.5649,83.2611,5600
Majhihara,Odisha,20.1754,86.0,5598
Mohanpur,Uttar Pradesh,28.2526,80.245,5596
Chitkul,Telangana,17.5587,78.2226,5596
Kolambe,Karnataka,12.9647,74.9086,5592
Ālappākkam,Tamil Nadu,11.599,79.7189,5585
Chenar Village,Rajasthan,27.202,73.7599,5579
Khardi,Maharashtra,19.5876,73.382,5579
Peringandūr,Kerala,10.6246,76.1988,5577
Dūsi,Tamil Nadu,12.7757,79.6789,5577
Puderiyūr,Tamil Nadu,8.2152,77.4336,5576
Carapur,Goa,15.5659,73.9871,5575
Tasti Tea Garden,West Bengal,26.6482,89.1465,5568
Sātraud Khurd,Haryana,29.1309,75.7878,5568
Ashmuji Khalsa,Jammu and Kashmir,33.6713,75.0727,5567
Tegheria,Assam,26.1286,92.2194,5567
Chāndpur,Odisha,19.9431,85.4072,5565
Hajira INA,Gujarat,21.113,72.6502,5562
Pugalūr Agrahāram,Tamil Nadu,11.0883,78.0065,5556
Pernem,Goa,15.723,73.7951,5555
Fārward Kahūta,Jammu and Kashmir,33.8824,74.1071,5555
Kakaya,Assam,26.3644,91.3433,5550
Kharijapikon,Assam,26.0328,90.6671,5550
Bilaigarh,Chhattisgarh,21.6381,82.7235,5544
Dwāraka Tirumala,Andhra Pradesh,16.9543,81.2558,5543
Anjani Budruk,Maharashtra,20.1722,76.6478,5543
Venginissery,Kerala,10.4681,76.2006,5533
Garrā,Madhya Pradesh,21.8092,80.1411,5533
Valathoor,Tamil Nadu,12.8867,78.8465,5529
Lādpur,Delhi,28.7381,76.9953,5529
Belagachhia,Odisha,20.4233,85.8523,5516
Pāli,Chhattisgarh,22.3775,82.3259,5514
Kandragādia,Odisha,21.0072,85.7374,5505
Nīramārgar,Karnataka,12.8857,74.9151,5503
Samayapuram,Tamil Nadu,10.9239,78.7435,5502
Thanna Mandi,Jammu and Kashmir,33.542,74.381,5490
Salvav,Gujarat,20.4086,72.9218,5486
Khambra on Nakodar Road,Punjab,31.2737,75.5575,5483
Fulchur,Maharashtra,21.437,80.2045,5480
Dokmoka,Assam,26.2103,93.0517,5478
Vellakkalpatty,Tamil Nadu,11.7032,78.1034,5475
Dalavaypuram,Tamil Nadu,9.3918,77.4977,5474
Jua,Goa,15.5307,73.9505,5470
Māgām,Jammu and Kashmir,34.0926,74.5902,5470
Torban,Manipur,24.7676,93.9469,5459
Bānsātārkheda,Madhya Pradesh,23.7919,79.339,5458
Pardi Parnera,Gujarat,20.5709,72.9506,5454
Patsoi,Manipur,24.786,93.8802,5451
Sialgudri,Jharkhand,23.7605,86.3516,5450
Mulur,Karnataka,12.9398,74.9276,5445
Barua Bari Gaon,Assam,26.118,91.9656,5444
Howraghat,Assam,26.1091,93.0333,5443
Chulisshēri,Kerala,10.5908,76.1899,5441
Bardol,Odisha,21.3819,83.5939,5441
Varca,Goa,15.2324,73.9431,5439
Kharach,Gujarat,21.4544,72.9158,5436
Bashohli,Jammu and Kashmir,32.4997,75.8156,5433
Bahrāmpur,Punjab,32.1315,75.3956,5432
Saidāpur,Karnataka,16.5644,77.2649,5432
Badmal,Odisha,20.3805,83.2864,5431
Kadaiyam,Tamil Nadu,8.8204,77.3729,5430
Addūru,Karnataka,12.9205,74.9566,5426
Orvad,Gujarat,20.4527,72.9202,5420
Chugānwān,Punjab,31.7057,74.6633,5416
Baghaula,Haryana,28.2088,77.3079,5413
Bobruwada,Karnataka,14.653,74.2936,5409
Golkhera,Madhya Pradesh,22.4382,75.66,5409
Bayānpur,Haryana,28.9633,77.0081,5406
Kot,Punjab,32.4004,75.7217,5406
Kadmat,Lakshadweep,11.2247,72.7748,5404
Odagaon,Odisha,20.0162,84.9872,5401
Kachrauli,Haryana,29.4584,76.9486,5400
Tola Baliadih,Bihar,24.7372,86.4334,5400
Narra,Jharkhand,23.7817,86.1007,5390
Dāvrapāda,Maharashtra,18.7961,73.0778,5389
Puttantura,Tamil Nadu,8.1026,77.4188,5386
Sangvi,Madhya Pradesh,21.8079,75.6129,5383
Kullursandai,Tamil Nadu,9.5431,77.9806,5383
Fatikrāi,Tripura,24.1832,92.018,5371
Naroda,Gujarat,23.0704,72.657,5366
Navoor,Karnataka,12.891,75.0848,5365
Chaupāran,Jharkhand,24.387,85.2532,5361
Jawāla Mukhi,Himachal Pradesh,31.8746,76.3201,5361
Chathirareddipatti,Tamil Nadu,9.6254,77.9667,5360
Mansur Chak,Bihar,25.6231,85.9208,5359
Chāngsāri,Assam,26.2643,91.6839,5354
Candola,Goa,15.5205,73.9642,5354
Umarkhāngūda,Telangana,17.2655,78.6728,5349
Lakhi Nepali,Assam,27.833,95.2239,5348
Jainagar,Jharkhand,23.6569,85.3199,5347
Sanjali,Gujarat,21.5483,72.9903,5344
Gargeswari,Karnataka,12.2392,76.8945,5343
Bānkoli,Delhi,28.812,77.1412,5339
Kenjāru,Karnataka,12.9628,74.8593,5338
Chennagiri,Tamil Nadu,11.536,78.068,5338
Kiyamgei,Manipur,24.7447,93.9382,5336
Tinpahār,Jharkhand,24.9833,87.7333,5336
Jogindarnagar,Himachal Pradesh,31.9873,76.7891,5335
Nai-Ledri,Chhattisgarh,23.1771,82.1992,5334
Vānāpādi,Tamil Nadu,12.9622,79.3284,5334
Bhāgīrathpur,Bihar,25.8937,85.7762,5323
Toramangalam,Tamil Nadu,11.693,77.9031,5322
Kīlvayattanānkuppam,Tamil Nadu,12.9555,78.9869,5321
Bhardua,Bihar,24.92,83.7948,5317
Desūr,Tamil Nadu,12.4373,79.4814,5312
Singhesar Asthan,Bihar,25.9824,86.7945,5298
Marār,Jharkhand,23.6712,85.5084,5298
Patrodih,Jharkhand,24.1584,86.3171,5293
Dharampur,Bihar,25.8755,85.7686,5291
Mātherān,Maharashtra,18.9828,73.2652,5287
Digheli,Assam,26.4401,91.4563,5285
Cherra,Jharkhand,24.0124,85.75,5279
Shiriya,Kerala,12.6334,74.9308,5277
Kanadukattan,Tamil Nadu,10.1721,78.7793,5275
Padoli,Maharashtra,19.9997,79.2623,5275
Kizhuppillikkara,Kerala,10.3967,76.1407,5275
Lebachhara,Tripura,23.3957,91.7338,5273
Sinduria,Jharkhand,24.39,83.6037,5262
Bungal,Punjab,32.3139,75.7491,5257
Sāja,Chhattisgarh,21.6667,81.3167,5257
Gopināthpur,Jharkhand,22.663,86.075,5255
Dāmalerimuttūr,Tamil Nadu,12.5361,78.5666,5250
Kharbav,Maharashtra,19.297,72.9963,5250
Madhogarh,Madhya Pradesh,24.564,80.9113,5249
Borgolai Grant No.11,Assam,27.287,95.7155,5241
Toto,Jharkhand,23.1334,84.528,5237
Bongabār,Jharkhand,23.7009,85.5239,5236
Malicherla,Andhra Pradesh,18.071,83.4002,5229
Ratnu Chak,Jammu and Kashmir,32.6667,74.9267,5228
Tamgaon,Maharashtra,16.6484,74.2991,5223
Mubārikpur,Punjab,30.6146,76.8559,5217
Kasauli,Himachal Pradesh,30.8986,76.9659,5215
Irbā,Jharkhand,23.4553,85.4404,5210
Rāīwāla Bara,Uttarakhand,30.0186,78.2293,5198
Mohana,Odisha,19.4427,84.2613,5197
Mahuda,Jharkhand,23.7254,86.2769,5196
Rāmnagar,West Bengal,22.7778,88.2464,5195
Uttar Krishnapur Pt III,Assam,24.7759,92.7924,5187
Bāra,Bihar,24.8058,84.7899,5185
Niz-Bahjani,Assam,26.3806,91.4159,5183
Gunpuram,Telangana,18.6109,78.1941,5182
Garhi,Rajasthan,23.5901,74.1482,5180
Hēsabettu,Kerala,12.7191,74.8872,5179
Mettamalai,Tamil Nadu,9.3955,77.8946,5175
Aruvankad,Tamil Nadu,11.3631,76.7579,5175
Mangampeta,Andhra Pradesh,14.0158,79.3137,5175
Bhim Kanari,Jharkhand,23.7978,86.1949,5170
Diguvametta,Andhra Pradesh,15.3951,78.8293,5166
Berla,Chhattisgarh,21.5258,81.4784,5165
Chinna Kalaiyamputtūr,Tamil Nadu,10.4714,77.4658,5162
Chikhaldara,Maharashtra,21.4004,77.3186,5158
Samangaon,Maharashtra,19.9683,73.8756,5156
Bhainsa,Madhya Pradesh,23.8648,78.73,5144
Hirmi,Chhattisgarh,21.5386,81.9403,5139
Badakodanda,Odisha,19.9374,84.5506,5137
Kasipet,Telangana,19.027,79.4381,5133
Shuganu,Manipur,24.2955,93.8737,5132
Prisal,Jammu and Kashmir,33.7558,75.0421,5132
Survepalle Bit ? II,Andhra Pradesh,14.2694,79.962,5129
Talwara,Jammu and Kashmir,33.1048,74.7928,5125
Koppa,Karnataka,13.5304,75.3633,5124
Kūttankuli,Tamil Nadu,8.2174,77.7811,5118
Kālāigaon,Assam,26.5741,91.976,5112
Termi,Jharkhand,23.77,86.0623,5111
Barla,Rajasthan,26.4299,74.7271,5111
Jaswantpura,Rajasthan,24.8036,72.46,5111
Chandrapur Baghicha,Assam,26.2377,91.9291,5106
Sanvordem,Goa,15.2627,74.1196,5103
Joshipur,Odisha,21.9626,86.0751,5101
Rawān,Chhattisgarh,21.684,82.0874,5100
Charingia Gaon,Assam,26.7334,94.146,5094
Lido Tikok,Assam,27.288,95.7358,5091
Mosli Pt I,Assam,24.8595,92.4775,5087
Lakema,Nagaland,25.5674,93.7606,5084
Dudpatil I,Assam,24.9109,92.7904,5083
Thariāl,Punjab,32.3544,75.6067,5081
Taping,Jharkhand,23.8368,85.4945,5080
Bhandārdaha,West Bengal,22.6148,88.1919,5079
Nallippālaiyam,Tamil Nadu,11.2388,78.1495,5078
Arkula,Karnataka,12.8743,74.9434,5077
Arempudi,Andhra Pradesh,17.2696,82.3751,5073
Subulia,Odisha,20.8959,84.1693,5072
Vellarivalli,Tamil Nadu,11.2672,77.4553,5070
Budhpura,Rajasthan,25.1127,75.4584,5070
Manethi,Haryana,28.1582,76.389,5070
Dhatau,Maharashtra,18.428,73.1514,5066
Sengmai,Manipur,24.9456,93.8814,5065
Sihāsa,Madhya Pradesh,22.7025,75.7788,5050
Kalparapatti,Tamil Nadu,11.5846,78.0272,5046
Khotran,Punjab,31.2013,75.8015,5046
Rangāpuram,Tamil Nadu,13.1448,79.3977,5044
Nerul,Goa,15.5103,73.7809,5042
Manjakollai,Tamil Nadu,10.7555,79.8204,5040
Dungarpur,Gujarat,21.4454,70.4938,5039
Kurukkuppatti,Tamil Nadu,11.6937,77.9809,5037
Ambepur,Maharashtra,18.6883,72.9855,5035
Vithal Udyognagar INA,Gujarat,22.534,72.9254,5035
Majhiāri,Jammu and Kashmir,33.5969,74.2253,5033
Topa,Jharkhand,23.7362,85.4729,5028
Kāliapāni,Odisha,21.0517,85.7772,5028
Chembagarāmanpudūr,Tamil Nadu,8.2461,77.4907,5028
Kovilpālaiyam,Tamil Nadu,10.7384,77.0346,5025
Kānwāla,Haryana,30.3478,76.7945,5024
Sikhera,Uttar Pradesh,28.8617,77.5708,5024
Pālūru,Odisha,19.4667,85.1333,5019
Mūdabettu,Karnataka,13.2678,74.7481,5018
Naubaisa Goan,Assam,26.7955,94.2159,5015
Dadhapatna,Odisha,20.4113,85.827,5005
Bowluvada,Andhra Pradesh,17.7455,82.9886,5001
Manipura,Karnataka,13.2962,74.7926,5001
Amarāvati,Andhra Pradesh,16.5417,80.5153,0
