{"type":"FeatureCollection","features":[{"type":"Feature","properties":{"source":"Natural Earth 1:10m coastline (public domain), clipped to 66-98.5E 5-38N, simplified 0.005 deg"},"geometry":{"type":"MultiLineString","coordinates":[[[95.36397551488965,5.0],[95.348888,5.037502],[95.305919,5.103583],[95.296886,5.1164],[95.279796,5.122504],[95.299164,5.150336],[95.301606,5.172431],[95.29127,5.191636],[95.248709,5.231024],[95.231944,5.282294],[95.198985,5.292873],[95.231944,5.344631],[95.253591,5.411566],[95.231944,5.450751],[95.245453,5.460517],[95.197276,5.546373],[95.223888,5.580268],[95.279796,5.574368],[95.335297,5.612128],[95.369151,5.621283],[95.431895,5.65469],[95.449718,5.649563],[95.511241,5.603013],[95.533702,5.622138],[95.576182,5.631252],[95.611583,5.626654],[95.762218,5.57685],[95.83961,5.528551],[95.887543,5.512152],[95.903575,5.450751],[95.930431,5.414496],[96.054942,5.313625],[96.126231,5.281806],[96.290538,5.258979],[96.362153,5.225491],[96.429454,5.218329],[96.466319,5.235541],[96.527354,5.211168],[96.567638,5.208441],[96.684906,5.225491],[96.82838,5.280178],[96.894379,5.262112],[96.973399,5.273424],[97.074339,5.238155],[97.149345,5.198772],[97.175955,5.161282],[97.226553,5.146221],[97.268368,5.155068],[97.496837,5.251899],[97.526215,5.242255],[97.664399,5.073432],[97.75476283411069,5.0]],[[81.875987,7.091946],[81.880707,7.327094],[81.855724,7.412177],[81.82602,7.474189],[81.818696,7.473375],[81.821462,7.458726],[81.807791,7.410346],[81.800792,7.410346],[81.793386,7.465522],[81.771007,7.456977],[81.769054,7.464667],[81.779796,7.472357],[81.757579,7.505439],[81.77296,7.523912],[81.766124,7.540676],[81.77296,7.56802],[81.749034,7.622545],[81.714041,7.643744],[81.717784,7.630072],[81.711599,7.622545],[81.705089,7.638861],[81.711599,7.650539],[81.663748,7.705146],[81.659028,7.723334],[81.636404,7.7331],[81.618988,7.719224],[81.59547,7.726264],[81.60255,7.74844],[81.626638,7.760199],[81.64324,7.754136],[81.690929,7.705146],[81.713145,7.711819],[81.710704,7.731147],[81.653656,7.797756],[81.636404,7.835517],[81.608246,7.831692],[81.587576,7.855292],[81.575857,7.88939],[81.581716,7.9112],[81.59547,7.917426],[81.56072,7.958401],[81.565929,7.986802],[81.56072,7.999335],[81.540212,7.986314],[81.533946,8.013617],[81.519705,7.999335],[81.480642,8.065375],[81.464366,8.116034],[81.458263,8.116034],[81.452403,8.09455],[81.435557,8.093166],[81.396251,8.136542],[81.396251,8.191799],[81.403575,8.191799],[81.430349,8.103013],[81.448497,8.127997],[81.399262,8.33926],[81.362071,8.350043],[81.356619,8.362494],[81.351817,8.40469],[81.389415,8.363715],[81.365733,8.482164],[81.334158,8.514553],[81.286388,8.50023],[81.296641,8.476793],[81.281098,8.467027],[81.213145,8.472398],[81.170258,8.520697],[81.149425,8.503648],[81.133962,8.501288],[81.129405,8.510321],[81.142345,8.527574],[81.159028,8.534573],[81.210623,8.507066],[81.218028,8.522528],[81.204356,8.555487],[81.21225,8.572699],[81.223318,8.570868],[81.229991,8.557929],[81.224864,8.541815],[81.249766,8.545803],[81.246593,8.570136],[81.224946,8.616848],[81.204356,8.610093],[81.231619,8.633043],[81.2317,8.651068],[81.194591,8.696112],[81.19752,8.705715],[81.182302,8.712226],[81.176524,8.698879],[81.150157,8.777167],[81.114268,8.799994],[81.092784,8.85163],[81.046723,8.882148],[80.978526,8.979967],[80.947602,8.932929],[80.930675,8.931627],[80.914887,8.943915],[80.935069,8.964911],[80.923188,8.973212],[80.922862,8.992255],[80.875336,9.04149],[80.930675,9.020982],[80.944347,9.000556],[80.953624,9.003852],[80.958344,9.01789],[80.935313,9.033433],[80.916352,9.062161],[80.896495,9.116604],[80.875336,9.103583],[80.873057,9.126451],[80.834483,9.14175],[80.840099,9.155992],[80.882172,9.145209],[80.823904,9.270494],[80.803559,9.271633],[80.813975,9.239488],[80.79363,9.250556],[80.736501,9.308987],[80.762462,9.308417],[80.786632,9.28852],[80.798839,9.294867],[80.744395,9.359687],[80.468272,9.581366],[80.409923,9.617499],[80.278982,9.769843],[80.26059,9.81623],[80.246755,9.825873],[80.157725,9.822943],[80.136729,9.81391],[80.138682,9.798733],[80.247813,9.755072],[80.319835,9.672756],[80.407725,9.601508],[80.444021,9.583319],[80.444021,9.575873],[80.338552,9.629218],[80.222341,9.754462],[80.211192,9.760891],[80.180431,9.755805],[80.170909,9.767279],[80.130138,9.77733],[80.122325,9.818915],[79.988455,9.822943],[79.970714,9.815131],[79.909679,9.768297],[79.937022,9.727362],[79.947032,9.693183],[79.958018,9.685736],[79.959239,9.692816],[80.000987,9.674709],[80.087413,9.618354],[80.13559,9.603827],[80.094005,9.644843],[80.115489,9.635728],[80.186046,9.584133],[80.199962,9.599189],[80.175955,9.624335],[80.173595,9.648668],[80.186046,9.648505],[80.297537,9.591254],[80.368663,9.530219],[80.415701,9.527493],[80.428966,9.517768],[80.444021,9.528062],[80.471446,9.528062],[80.496349,9.510484],[80.546723,9.492418],[80.614757,9.446194],[80.567149,9.455227],[80.504242,9.483303],[80.426606,9.50019],[80.286876,9.452704],[80.26588,9.466702],[80.272146,9.473456],[80.26588,9.487128],[80.278087,9.493272],[80.272227,9.504136],[80.233409,9.534247],[80.175955,9.54857],[80.085216,9.595364],[80.052989,9.596381],[80.067882,9.57803],[80.161306,9.520575],[80.197032,9.473456],[80.162852,9.459215],[80.14088,9.430325],[80.087087,9.414984],[80.052989,9.391547],[80.066173,9.332587],[80.118175,9.300442],[80.115977,9.233832],[80.105642,9.192857],[80.048025,9.026272],[80.005138,9.000556],[79.947113,8.948676],[79.915538,8.938544],[79.930186,8.884467],[79.926443,8.801907],[79.950531,8.739814],[79.941661,8.642483],[79.916515,8.575995],[79.87379,8.538072],[79.865896,8.461412],[79.848155,8.438178],[79.827159,8.277737],[79.806651,8.24018],[79.813487,8.171291],[79.827159,8.136542],[79.793468,8.072821],[79.818858,8.040188],[79.833832,8.003079],[79.810232,7.986518],[79.763845,7.990139],[79.731944,8.013129],[79.751964,8.054633],[79.729503,8.081122],[79.72755,8.110907],[79.744477,8.164496],[79.746104,8.206122],[79.7588,8.212877],[79.778575,8.259996],[79.757091,8.263739],[79.744477,8.281155],[79.778575,8.350043],[79.749034,8.30386],[79.72877,8.249701],[79.696788,8.219062],[79.707205,8.142076],[79.703624,8.123481],[79.696788,8.130316],[79.696788,8.098293],[79.721934,7.985541],[79.760265,7.868394],[79.785981,7.743354],[79.788829,7.688178],[79.802013,7.659329],[79.792979,7.602729],[79.778575,7.602729],[79.833832,7.232815],[79.826345,7.210395],[79.85434,7.19184],[79.861583,7.167426],[79.861827,7.136623],[79.848155,7.122952],[79.819998,7.190253],[79.820323,7.205512],[79.813731,7.180732],[79.861583,7.011868],[79.848155,6.962144],[79.848155,6.890204],[79.863048,6.807196],[79.969574,6.535346],[79.977875,6.478705],[79.964203,6.471869],[79.977875,6.458197],[79.993663,6.39411],[80.012055,6.361314],[80.031993,6.266343],[80.094005,6.136054],[80.203868,6.02619],[80.211192,6.033637],[80.247569,6.009182],[80.327322,5.985256],[80.340994,5.970933],[80.358409,5.97842],[80.378591,5.964748],[80.411957,5.959947],[80.444021,5.970933],[80.46518,5.94066],[80.539561,5.944281],[80.590831,5.923733],[80.656261,5.957913],[80.714366,5.957913],[80.809093,6.035102],[80.835216,6.045152],[80.862315,6.039862],[80.877452,6.061103],[80.90268,6.070787],[81.112559,6.120307],[81.176443,6.150377],[81.187673,6.181586],[81.202647,6.178046],[81.204438,6.162746],[81.324962,6.20539],[81.362071,6.225409],[81.547699,6.370673],[81.592052,6.389879],[81.650076,6.430854],[81.681488,6.462144],[81.775645,6.610419],[81.786632,6.639268],[81.779796,6.663642],[81.808279,6.707953],[81.831554,6.765367],[81.838552,6.821438],[81.884613,6.98017],[81.89031,7.019924],[81.875987,7.091946]],[[80.968272,15.795233],[80.888357,15.846747],[80.8685,15.811957],[80.917979,15.755113],[80.942638,15.741034],[80.984874,15.761786],[80.988536,15.770738],[80.968272,15.795233]],[[87.404959,21.586656],[87.468761,21.611396],[87.621349,21.650621],[87.703787,21.655504],[87.755707,21.691718],[87.867198,21.7508],[87.892914,21.774319],[87.899181,21.794827],[87.97047,21.836493],[87.983653,21.854193],[88.050792,21.985012],[88.043142,22.017279],[88.084727,22.020697],[88.111176,22.034857],[88.164317,22.089789],[88.173513,22.116889],[88.160981,22.156562],[88.132579,22.179145],[88.008474,22.204901],[87.965343,22.244818],[87.94752,22.277655],[87.922862,22.397773],[87.906586,22.42475],[87.927989,22.424221],[87.94044,22.413031],[87.972667,22.283189],[88.009044,22.240424],[88.043468,22.224758],[88.077322,22.240424],[88.081309,22.217353],[88.198009,22.167792],[88.222423,22.077948],[88.156261,21.990871],[88.146739,21.959215],[88.159434,21.906155],[88.154063,21.888088],[88.209727,21.78856],[88.201427,21.774319],[88.21046,21.74726],[88.180919,21.684963],[88.181895,21.665229],[88.208263,21.602973],[88.224376,21.613023],[88.237478,21.601711],[88.254405,21.554674],[88.278982,21.555162],[88.305837,21.571682],[88.283376,21.609198],[88.297048,21.653876],[88.295421,21.676581],[88.261567,21.798651],[88.273123,21.797919],[88.298188,21.764106],[88.309744,21.610175],[88.321788,21.605658],[88.33546,21.61579],[88.348806,21.650295],[88.345714,21.6706],[88.324718,21.701361],[88.331228,21.719062],[88.346202,21.688625],[88.355724,21.684963],[88.392589,21.698554],[88.382823,21.671332],[88.393077,21.600246],[88.409679,21.59927],[88.456309,21.62401],[88.472179,21.663275],[88.454763,21.70539],[88.45338,21.741767],[88.474457,21.800971],[88.4935,21.805162],[88.492035,21.837144],[88.474457,21.890326],[88.499848,21.933661],[88.495616,21.951809],[88.514985,21.937201],[88.514659,21.916205],[88.495616,21.876695],[88.531016,21.824123],[88.532888,21.795315],[88.504893,21.741523],[88.529633,21.65762],[88.518809,21.639146],[88.514008,21.600816],[88.495616,21.581855],[88.487966,21.556545],[88.493907,21.534817],[88.51295,21.524644],[88.543956,21.534084],[88.529633,21.553371],[88.536469,21.5751],[88.54477,21.561998],[88.572276,21.557929],[88.578136,21.62344],[88.595063,21.612128],[88.59962,21.637274],[88.591807,21.70539],[88.612641,21.697496],[88.623383,21.710273],[88.632823,21.750067],[88.624034,21.778022],[88.564626,21.766832],[88.567068,21.850816],[88.598399,21.929348],[88.60255,22.006415],[88.625987,22.048041],[88.619151,22.109524],[88.660167,22.205024],[88.679942,22.204413],[88.683116,22.184963],[88.674001,22.162055],[88.656993,22.151068],[88.639496,22.109524],[88.653494,22.018012],[88.627452,21.970404],[88.63087,21.945461],[88.667003,21.945014],[88.678722,21.936672],[88.689952,21.94599],[88.730724,22.037177],[88.699474,22.053209],[88.694835,22.081529],[88.726573,22.121161],[88.763031,22.130561],[88.730154,22.103583],[88.708507,22.072211],[88.717052,22.058051],[88.754649,22.037584],[88.763031,22.017279],[88.758311,21.999457],[88.722179,21.966132],[88.71697,21.951972],[88.714692,21.897854],[88.694509,21.83983],[88.703624,21.810614],[88.684906,21.697211],[88.722179,21.609198],[88.70753,21.578315],[88.727875,21.559882],[88.762462,21.555854],[88.790538,21.568264],[88.796641,21.584418],[88.77711,21.643541],[88.784028,21.655951],[88.800466,21.661851],[88.810883,21.691718],[88.81837,21.65762],[88.797862,21.640204],[88.805837,21.62287],[88.823985,21.617255],[88.844249,21.622219],[88.858653,21.636542],[88.859874,21.652574],[88.838227,21.701972],[88.858653,21.766832],[88.866059,21.766832],[88.872081,21.74901],[88.881602,21.672024],[88.891612,21.65351],[88.933849,21.643948],[89.000255,21.60342],[89.019786,21.606106],[89.033946,21.633246],[89.053233,21.609809],[89.082693,21.617336],[89.085216,21.674709],[89.067882,21.709133],[89.043712,21.733344],[89.01588,21.853339],[88.99586,21.884182],[88.924083,21.926337],[88.90504,21.969428],[88.91391,21.986558],[88.928722,21.986558],[88.944672,21.938788],[89.009532,21.904608],[89.013031,21.929429],[89.036876,21.925116],[89.060883,21.938463],[89.065603,21.967108],[89.057384,22.031236],[89.036876,22.085598],[89.048595,22.122952],[89.043712,22.137397],[89.060313,22.130601],[89.057384,22.06509],[89.091482,22.00023],[89.07781,21.914252],[89.104666,21.815863],[89.119395,21.800971],[89.154552,21.786851],[89.174083,21.810045],[89.187673,21.81151],[89.220714,21.709418],[89.204438,21.672675],[89.21046,21.65412],[89.229259,21.643948],[89.248709,21.645901],[89.297537,21.678127],[89.276622,21.687567],[89.273692,21.698798],[89.294688,21.757799],[89.283946,21.822089],[89.30128,21.809394],[89.328868,21.864651],[89.355968,21.892524],[89.35963,21.91767],[89.345958,21.957017],[89.352224,21.972317],[89.35963,21.972317],[89.386974,21.90119],[89.365896,21.828925],[89.364268,21.758205],[89.395193,21.716376],[89.406423,21.717353],[89.442719,21.746649],[89.465831,21.781317],[89.46461,21.859198],[89.512543,21.909125],[89.521821,21.962307],[89.490408,22.023993],[89.491873,22.034573],[89.509125,22.041205],[89.518321,22.081],[89.494151,22.136868],[89.483165,22.102607],[89.475759,22.102607],[89.467459,22.22899],[89.475759,22.295071],[89.483165,22.295071],[89.493012,22.273505],[89.492035,22.188381],[89.53712,22.089016],[89.523448,22.044623],[89.52475,22.000149],[89.532888,21.984687],[89.551443,21.994045],[89.566742,22.082099],[89.579356,22.113227],[89.576345,22.145494],[89.549164,22.205268],[89.586192,22.245429],[89.577159,22.2685],[89.580821,22.277248],[89.626475,22.336005],[89.610606,22.298896],[89.605968,22.256903],[89.567231,22.202826],[89.567882,22.18891],[89.593761,22.155422],[89.605968,22.113227],[89.5713,22.031236],[89.563487,21.973131],[89.564464,21.884182],[89.530284,21.835761],[89.527354,21.812812],[89.53712,21.753811],[89.565684,21.713365],[89.586925,21.700832],[89.605968,21.719062],[89.59547,21.759996],[89.631521,21.764065],[89.668224,21.750881],[89.689952,21.765204],[89.700694,21.784857],[89.64975,21.826361],[89.618988,21.869859],[89.646983,21.925116],[89.663341,21.896308],[89.652599,21.878852],[89.661306,21.849351],[89.709158,21.830064],[89.725841,21.828925],[89.76588,21.846747],[89.775727,21.827582],[89.786388,21.828925],[89.81422,21.840806],[89.850922,21.877509],[89.880382,21.884182],[89.887218,21.900092],[89.846202,21.972317],[89.852387,22.010443],[89.847911,22.033881],[89.835948,22.049465],[89.797211,22.068508],[89.797211,22.075995],[89.846202,22.070624],[89.871349,22.091864],[89.872895,22.143622],[89.861339,22.211005],[89.838715,22.267768],[89.880382,22.342231],[89.884125,22.363511],[89.872895,22.418606],[89.920421,22.391832],[89.947439,22.439683],[89.982758,22.473212],[90.010102,22.49022],[89.900157,22.33393],[89.876801,22.274726],[89.880382,22.240424],[89.90089,22.201972],[89.917491,22.049872],[89.934418,21.997707],[89.949718,21.980902],[89.967784,21.974555],[89.982758,21.986558],[89.982758,22.044623],[90.024425,22.089016],[90.052582,22.155463],[90.07838,22.164049],[90.042735,22.131252],[90.034679,22.10517],[90.035411,22.059801],[90.010753,22.041205],[89.996349,22.00023],[90.028168,21.988105],[90.052419,21.989],[90.088878,22.051174],[90.148285,22.110785],[90.205821,22.132961],[90.236095,22.198879],[90.239106,22.172268],[90.216156,22.123236],[90.195079,22.109524],[90.164073,22.113227],[90.105642,22.054267],[90.077159,21.987982],[90.044932,21.966132],[90.033946,21.943549],[90.024425,21.862454],[90.049327,21.85102],[90.066905,21.85342],[90.098481,21.878607],[90.126231,21.931952],[90.126231,21.90119],[90.104991,21.870266],[90.112478,21.856269],[90.095388,21.859442],[90.088552,21.846747],[90.092947,21.830268],[90.164399,21.804267],[90.203787,21.804592],[90.282888,21.870795],[90.308604,21.984036],[90.332205,22.038072],[90.369884,22.08983],[90.380056,22.143622],[90.392589,22.143012],[90.412852,22.178046],[90.410492,22.195705],[90.39088,22.208808],[90.398692,22.267483],[90.394298,22.288235],[90.410899,22.284247],[90.40797,22.240424],[90.421641,22.198879],[90.387462,22.102607],[90.408458,22.085924],[90.43865,22.075995],[90.459646,22.091946],[90.488292,22.138617],[90.50115,22.176703],[90.557953,22.203355],[90.581554,22.238227],[90.613455,22.314887],[90.619314,22.355902],[90.613455,22.396877],[90.586436,22.450588],[90.586192,22.473212],[90.606619,22.465766],[90.559744,22.562323],[90.505138,22.586249],[90.472504,22.575588],[90.46046,22.551174],[90.462657,22.520982],[90.442068,22.493638],[90.459239,22.579291],[90.500173,22.592353],[90.512706,22.611477],[90.492931,22.709906],[90.461681,22.748847],[90.444591,22.751654],[90.435232,22.733303],[90.372569,22.76142],[90.394298,22.774848],[90.406423,22.763088],[90.419932,22.768256],[90.424001,22.781684],[90.40797,22.794664],[90.436046,22.800605],[90.457205,22.861762],[90.476329,22.884101],[90.52003,22.880194],[90.54005,22.896552],[90.510427,22.918199],[90.507009,22.942084],[90.468272,22.99608],[90.448904,23.055732],[90.453624,23.072333],[90.522797,23.080146],[90.558767,23.110663],[90.565603,23.103827],[90.555919,23.096829],[90.553722,23.078559],[90.571951,23.081732],[90.599132,23.117499],[90.602875,23.141303],[90.593516,23.219875],[90.614513,23.195461],[90.606619,23.247219],[90.569102,23.294989],[90.503591,23.301744],[90.428477,23.326117],[90.38852,23.372382],[90.2588,23.444566],[90.24936,23.45539],[90.250336,23.466946],[90.322439,23.433295],[90.518321,23.398261],[90.551931,23.384955],[90.559906,23.418402],[90.578949,23.449856],[90.576834,23.539496],[90.568696,23.547512],[90.498383,23.557278],[90.476329,23.582953],[90.514659,23.563788],[90.547211,23.563788],[90.564464,23.576402],[90.558767,23.590399],[90.59547,23.604397],[90.61199,23.606106],[90.61964,23.596625],[90.627126,23.603461],[90.633311,23.596625],[90.608165,23.585761],[90.592052,23.562486],[90.588145,23.534166],[90.607758,23.491116],[90.666759,23.518215],[90.695323,23.50788],[90.702159,23.528388],[90.675466,23.55093],[90.705577,23.554511],[90.715831,23.535142],[90.715017,23.498358],[90.69158,23.486477],[90.633311,23.486762],[90.608735,23.472724],[90.600271,23.449937],[90.599132,23.391181],[90.611339,23.342475],[90.628429,23.321519],[90.653656,23.329739],[90.661143,23.322252],[90.650157,23.313544],[90.65089,23.300238],[90.667328,23.267646],[90.661143,23.267646],[90.665212,23.248765],[90.640147,23.18887],[90.627126,23.075873],[90.640147,23.038031],[90.717459,22.940619],[90.771007,22.784817],[90.794932,22.74136],[90.819509,22.726467],[90.835948,22.684882],[90.876475,22.682807],[90.884125,22.654486],[90.908214,22.617865],[90.954926,22.575832],[90.985118,22.574368],[91.037934,22.588609],[91.032237,22.636868],[91.003754,22.678656],[91.018321,22.683092],[91.058604,22.614325],[91.06958,22.571557],[91.089201,22.54443],[91.127343,22.527026],[91.202743,22.54322],[91.241569,22.575396],[91.264496,22.640815],[91.253429,22.660712],[91.168956,22.684882],[91.168956,22.692288],[91.192149,22.691636],[91.199229,22.698798],[91.181895,22.726467],[91.243419,22.720201],[91.244802,22.698391],[91.284434,22.692288],[91.317393,22.697211],[91.329926,22.705715],[91.332774,22.720201],[91.290782,22.73843],[91.360118,22.743394],[91.370128,22.752183],[91.367442,22.761664],[91.346446,22.767401],[91.346446,22.774848],[91.38502,22.770697],[91.414724,22.75373],[91.416759,22.799994],[91.430431,22.816311],[91.462413,22.833441],[91.483084,22.904527],[91.490489,22.904527],[91.490001,22.880561],[91.458344,22.797065],[91.462413,22.761908],[91.476817,22.761176],[91.516368,22.712226],[91.548106,22.700344],[91.676036,22.534613],[91.743663,22.411078],[91.771658,22.260321],[91.78712,22.237942],[91.80893,22.236274],[91.825938,22.248481],[91.826345,22.267768],[91.793956,22.286038],[91.791352,22.301907],[91.877452,22.363349],[91.887706,22.42475],[91.908051,22.42475],[91.874034,22.336005],[91.808849,22.306342],[91.812022,22.281399],[91.83839,22.263088],[91.839854,22.246649],[91.816905,22.220282],[91.812999,22.180325],[91.839854,22.116889],[91.846039,22.116889],[91.853282,22.148749],[91.862071,22.150621],[91.867198,22.137397],[91.853526,22.143622],[91.855235,22.109198],[91.88087,22.007025],[91.88087,21.969184],[91.898204,21.944892],[91.915701,21.862454],[91.929942,21.878648],[91.949718,21.884182],[91.949718,21.876695],[91.925548,21.86286],[91.921641,21.85342],[91.929373,21.843166],[91.911388,21.834703],[91.899262,21.789496],[91.908702,21.781155],[91.990001,21.794827],[91.990001,21.787909],[91.966563,21.778876],[91.960297,21.763821],[91.967296,21.755439],[91.983897,21.766832],[91.990001,21.759996],[91.952973,21.738349],[91.949718,21.715969],[91.962657,21.689521],[91.971934,21.688218],[91.977061,21.70539],[91.983897,21.70539],[91.976085,21.662055],[91.983897,21.650133],[92.000743,21.649807],[92.01238,21.664211],[92.025401,21.712836],[92.029307,21.704901],[92.022797,21.676825],[92.035899,21.668158],[92.035818,21.640448],[92.017914,21.616034],[92.022146,21.599351],[91.990001,21.561998],[91.995372,21.52261],[92.017914,21.493109],[91.999034,21.499498],[91.982921,21.488837],[91.96339,21.452135],[91.949718,21.458401],[91.952973,21.44184],[92.045258,21.299547],[92.052257,21.256659],[92.043956,21.192043],[92.052501,21.154771],[92.096853,21.105862],[92.134125,21.047512],[92.192882,20.995673],[92.209727,20.930813],[92.301036,20.762274],[92.325531,20.738715],[92.333995,20.746405],[92.336274,20.757148],[92.305431,20.851955],[92.271983,20.90351],[92.261485,20.940253],[92.257091,20.981106],[92.265147,21.061103],[92.281016,20.959418],[92.305431,20.917711],[92.381114,20.700141],[92.453624,20.668524],[92.507009,20.60928],[92.539887,20.527533],[92.632579,20.446601],[92.653168,20.41828],[92.697113,20.308254],[92.731212,20.259182],[92.739268,20.27969],[92.731212,20.382717],[92.737478,20.44477],[92.71697,20.499986],[92.708263,20.578681],[92.63502,20.697984],[92.662852,20.679185],[92.720714,20.592231],[92.736583,20.563137],[92.750987,20.498521],[92.778982,20.478258],[92.758556,20.472113],[92.769298,20.455064],[92.78533,20.462958],[92.79656,20.483832],[92.792654,20.506252],[92.815278,20.504706],[92.831554,20.478949],[92.846934,20.377346],[92.893321,20.329535],[92.942882,20.321234],[92.864024,20.300767],[92.79949,20.259182],[92.778168,20.231635],[92.772146,20.201483],[92.867686,20.122016],[92.898448,20.135688],[92.936046,20.211982],[93.016287,20.324856],[93.024913,20.368476],[93.022634,20.452541],[93.060313,20.513373],[93.073253,20.554633],[93.085623,20.532945],[93.032237,20.431098],[93.031016,20.409654],[93.043224,20.364936],[93.059581,20.36225],[93.07252,20.376614],[93.081879,20.416978],[93.100434,20.431098],[93.091319,20.381008],[93.080821,20.358547],[93.056163,20.349189],[93.04127,20.332017],[93.018809,20.256496],[93.001231,20.239325],[92.987478,20.186672],[92.990489,20.154934],[93.018565,20.14997],[93.047374,20.167955],[93.089203,20.210354],[93.120942,20.218207],[93.120942,20.211982],[93.094249,20.14997],[93.086925,20.14997],[93.080089,20.170478],[93.054454,20.134752],[93.042491,20.129462],[92.970225,20.129462],[92.980724,20.077948],[93.038422,20.012926],[93.059418,19.951117],[93.125011,19.846666],[93.168793,19.807318],[93.134532,19.848293],[93.12436,19.893866],[93.10613,19.93065],[93.102061,19.964097],[93.109141,19.993801],[93.131521,20.006578],[93.148123,19.99433],[93.201427,19.862779],[93.238292,19.82099],[93.23585,19.847235],[93.17628,19.957506],[93.155772,20.026435],[93.129893,20.0751],[93.128429,20.094672],[93.147472,20.070014],[93.17628,20.053697],[93.190278,20.064439],[93.272472,20.047512],[93.312755,20.065375],[93.333832,20.1022],[93.340668,20.1022],[93.361827,20.026435],[93.372081,20.030829],[93.374848,20.088528],[93.382335,20.088528],[93.383962,20.064399],[93.423188,19.965318],[93.446544,19.951361],[93.457042,19.95425],[93.47047,19.984849],[93.492198,19.964993],[93.503429,19.986274],[93.525645,19.999172],[93.531912,19.984849],[93.516856,19.981187],[93.511974,19.970445],[93.5171,19.958564],[93.531912,19.951361],[93.518321,19.939602],[93.565929,19.916571],[93.546723,19.902899],[93.58074,19.881334],[93.600841,19.888577],[93.611339,19.910346],[93.70753,19.916571],[93.71754,19.93769],[93.740001,19.925116],[93.745372,19.916571],[93.730479,19.914293],[93.725597,19.905585],[93.738048,19.882473],[93.679942,19.883368],[93.660655,19.870836],[93.606456,19.796129],[93.60141,19.718573],[93.615571,19.723863],[93.635509,19.759508],[93.636241,19.735012],[93.648448,19.725165],[93.693533,19.724799],[93.721934,19.768988],[93.751638,19.765692],[93.718761,19.743598],[93.709483,19.713528],[93.720958,19.685289],[93.761078,19.674872],[93.783865,19.691107],[93.806814,19.745836],[93.827403,19.718573],[93.794444,19.67357],[93.800059,19.65648],[93.756114,19.661078],[93.738455,19.651353],[93.731212,19.632554],[93.739594,19.617499],[93.777192,19.603095],[93.794444,19.571234],[93.882091,19.501899],[93.937266,19.492011],[93.9192,19.48428],[93.914561,19.472805],[93.923839,19.462388],[93.947113,19.457913],[93.984386,19.464057],[93.991059,19.45718],[93.980968,19.37226],[93.963878,19.348049],[93.950206,19.341783],[93.950206,19.320705],[93.929942,19.29975],[93.834239,19.238186],[93.796886,19.235175],[93.754649,19.247138],[93.722911,19.268459],[93.71754,19.293402],[93.665294,19.305609],[93.621349,19.334377],[93.636974,19.349066],[93.611339,19.403266],[93.568044,19.406724],[93.552989,19.430569],[93.530121,19.432074],[93.490896,19.40762],[93.483246,19.350653],[93.497813,19.31391],[93.567149,19.231106],[93.594005,19.176703],[93.642345,19.134223],[93.670909,19.066881],[93.667735,19.043931],[93.678884,19.019599],[93.703868,19.018459],[93.73463,18.981187],[93.813731,18.943996],[93.865733,18.895494],[93.9074,18.881781],[93.930431,18.858629],[93.944102,18.868232],[93.937266,18.88935],[93.973888,18.922797],[93.984386,18.967841],[93.952485,19.03205],[93.955414,19.126899],[93.914887,19.169582],[93.910411,19.190985],[93.925466,19.210273],[93.937266,19.204657],[93.947113,19.159654],[93.973481,19.146308],[93.994395,19.159084],[94.033376,19.204535],[94.025238,19.286566],[94.03061,19.315904],[94.066905,19.388983],[94.073904,19.373847],[94.069672,19.350898],[94.045909,19.304674],[94.053233,19.221381],[94.032725,19.169257],[94.039073,19.122056],[94.029063,19.095404],[94.04656,19.081122],[94.094249,19.087348],[94.060069,19.063707],[94.066091,19.042873],[94.041189,18.997626],[94.040375,18.971177],[94.053233,18.93651],[94.036632,18.918036],[94.032074,18.888577],[94.038097,18.859117],[94.053233,18.840888],[94.066905,18.848334],[94.078461,18.833075],[94.11964,18.816636],[94.135102,18.820461],[94.133556,18.846503],[94.148936,18.868232],[94.153087,18.821031],[94.212413,18.741848],[94.228038,18.735541],[94.252452,18.752143],[94.279307,18.738511],[94.211599,18.725531],[94.174571,18.725043],[94.156423,18.738511],[94.148936,18.738511],[94.148936,18.731024],[94.24879,18.638861],[94.262218,18.545111],[94.258962,18.535712],[94.244965,18.539252],[94.258962,18.509019],[94.331065,18.425971],[94.350597,18.37523],[94.389659,18.362698],[94.417003,18.313951],[94.389171,18.286038],[94.365896,18.29857],[94.350271,18.292914],[94.339203,18.305976],[94.331065,18.303127],[94.327647,18.258734],[94.341563,18.247504],[94.406505,18.251288],[94.422862,18.242499],[94.436778,18.182359],[94.457856,18.155707],[94.461925,18.121772],[94.480968,18.094224],[94.494884,18.048814],[94.492198,18.025946],[94.450857,18.002427],[94.447439,17.973334],[94.483409,17.902289],[94.50172,17.786607],[94.543956,17.748033],[94.562999,17.661689],[94.595225,17.615465],[94.590668,17.593248],[94.615001,17.545559],[94.560313,17.582099],[94.553884,17.543606],[94.570323,17.505194],[94.56658,17.47663],[94.576834,17.358344],[94.594493,17.292304],[94.57252,17.311103],[94.546153,17.319648],[94.545421,17.296088],[94.518891,17.288153],[94.511974,17.275214],[94.508637,17.230129],[94.511974,17.21719],[94.535004,17.205146],[94.537852,17.187405],[94.510916,17.169013],[94.464692,17.189276],[94.454356,17.18008],[94.457774,17.153754],[94.485688,17.141018],[94.48878,17.124213],[94.457856,17.059556],[94.457774,16.982896],[94.444347,16.949652],[94.464692,16.949652],[94.423188,16.901272],[94.390636,16.906643],[94.382335,16.901272],[94.378917,16.886949],[94.400645,16.830634],[94.40268,16.788275],[94.379649,16.755357],[94.364431,16.701117],[94.36199,16.635484],[94.352061,16.618598],[94.327647,16.606431],[94.346202,16.592434],[94.341319,16.548407],[94.331065,16.528632],[94.273123,16.538153],[94.268321,16.527493],[94.273123,16.466498],[94.258637,16.387356],[94.235362,16.348375],[94.237804,16.273139],[94.215099,16.15766],[94.209809,16.028998],[94.239513,15.976304],[94.251475,15.968451],[94.286632,15.997504],[94.300792,15.989732],[94.340017,15.996243],[94.360606,16.049262],[94.428071,16.074164],[94.507009,16.189602],[94.517345,16.223944],[94.515636,16.287258],[94.521169,16.295478],[94.539887,16.291693],[94.562022,16.273749],[94.583669,16.274848],[94.598888,16.293647],[94.6067,16.325995],[94.618175,16.342027],[94.629731,16.344184],[94.635509,16.326483],[94.582042,16.243476],[94.583995,16.236518],[94.62794,16.260199],[94.643728,16.283515],[94.655121,16.322699],[94.683849,16.364081],[94.683849,16.422065],[94.670177,16.50967],[94.677013,16.531968],[94.68393,16.51081],[94.697276,16.508368],[94.73227,16.524563],[94.731619,16.510199],[94.710704,16.497219],[94.705821,16.47309],[94.72169,16.378485],[94.73227,16.360663],[94.710704,16.360338],[94.704926,16.353217],[94.685313,16.291978],[94.665212,16.257636],[94.683849,16.209174],[94.686697,16.165351],[94.678884,16.121283],[94.642345,16.044664],[94.562348,15.961859],[94.56658,15.935492],[94.589854,15.931586],[94.614757,15.943671],[94.705333,16.020657],[94.765961,16.139472],[94.793712,16.162014],[94.792654,16.147895],[94.772716,16.131008],[94.76588,16.093166],[94.74171,16.067288],[94.73227,16.017401],[94.703136,15.982367],[94.601329,15.92121],[94.622406,15.891547],[94.632823,15.889716],[94.635509,15.908149],[94.658702,15.854478],[94.683849,15.846747],[94.721202,15.856676],[94.745372,15.880845],[94.786876,15.962144],[94.846202,15.999986],[94.869395,16.040961],[94.848399,16.096503],[94.854666,16.160224],[94.893077,16.205756],[94.96697,16.220404],[94.992442,16.2508],[94.975108,16.214342],[94.959239,16.200873],[94.900076,16.183783],[94.863129,16.127753],[94.880219,16.079983],[94.889334,16.017401],[94.924083,16.03852],[94.920665,16.018622],[94.907237,16.006049],[94.862804,15.991767],[94.834727,15.949164],[94.848399,15.908149],[94.853201,15.840277],[94.882579,15.867174],[94.896332,15.847398],[94.890391,15.827053],[94.858653,15.808824],[94.846853,15.790595],[94.937755,15.764146],[94.975597,15.764146],[94.997569,15.795315],[95.033946,15.805732],[95.055024,15.846137],[95.072927,15.970649],[95.070567,16.074856],[95.094005,16.093655],[95.128917,16.148383],[95.135753,16.148383],[95.148692,16.132025],[95.183604,16.140937],[95.193696,16.129381],[95.225922,16.11994],[95.207205,16.111558],[95.173595,16.113593],[95.13795,16.100328],[95.110199,16.06745],[95.097667,16.025133],[95.107758,15.983873],[95.128917,16.03852],[95.137543,16.006659],[95.115245,15.893948],[95.125743,15.817613],[95.144542,15.78913],[95.173595,15.777818],[95.212738,15.786566],[95.224376,15.810126],[95.217621,15.884263],[95.223969,15.918606],[95.27296,16.00373],[95.27589,15.970649],[95.23878,15.893948],[95.251638,15.868232],[95.27475,15.876451],[95.29713,15.902981],[95.31186,15.947089],[95.341807,15.983873],[95.348643,16.041571],[95.327485,16.107408],[95.338227,16.129869],[95.361583,16.148383],[95.34547,16.104967],[95.3685,16.038804],[95.364268,15.984565],[95.338552,15.922024],[95.313975,15.900702],[95.312673,15.866523],[95.282563,15.838324],[95.287934,15.740139],[95.294444,15.727851],[95.310557,15.723212],[95.374197,15.715033],[95.415782,15.722968],[95.523448,15.803656],[95.664724,15.949205],[95.687348,15.988227],[95.697032,16.065985],[95.73227,16.127265],[95.724864,16.222846],[95.73463,16.212836],[95.74586,16.158352],[95.755544,16.14525],[95.797699,16.144924],[95.818126,16.176011],[95.889903,16.243964],[95.883067,16.209174],[95.907888,16.211737],[95.951427,16.257636],[95.942393,16.219062],[95.979991,16.223131],[96.067556,16.310248],[96.06658,16.335639],[96.006602,16.387356],[96.077403,16.360826],[96.097667,16.328559],[96.118988,16.321763],[96.285336,16.365993],[96.304698,16.406399],[96.3213,16.415269],[96.336436,16.439439],[96.310069,16.464586],[96.23463,16.576361],[96.233653,16.597886],[96.246104,16.631293],[96.240896,16.650133],[96.2046,16.696479],[96.194102,16.74315],[96.171153,16.771552],[96.206554,16.777493],[96.257579,16.815904],[96.28712,16.813137],[96.234548,16.776923],[96.225759,16.761298],[96.229259,16.718736],[96.261567,16.640692],[96.265961,16.596829],[96.289806,16.56684],[96.357107,16.5185],[96.400157,16.504055],[96.436261,16.477768],[96.55898,16.496897],[96.615943,16.518005],[96.679473,16.574868],[96.716319,16.658352],[96.783214,16.712348],[96.801036,16.737372],[96.789399,16.75609],[96.81129,16.764716],[96.84669,16.844916],[96.844005,16.873928],[96.807872,16.901272],[96.807872,16.908677],[96.855724,16.901272],[96.835216,16.936021],[96.868337,16.928412],[96.87908,16.934719],[96.886892,16.979397],[96.910899,17.024807],[96.910167,17.06684],[96.855724,17.168769],[96.849376,17.212958],[96.865489,17.240302],[96.910899,17.284857],[96.910655,17.317084],[96.851248,17.359565],[96.821544,17.394721],[96.842052,17.409003],[96.855724,17.388495],[96.883067,17.457424],[96.895518,17.38467],[97.013357,17.29914],[97.007172,17.278062],[97.068614,17.25137],[97.088715,17.193508],[97.10963,17.189276],[97.095958,17.165758],[97.100271,17.133775],[97.130626,17.079413],[97.158051,17.129299],[97.202647,17.131578],[97.260997,17.107327],[97.233653,17.09516],[97.17449,17.112494],[97.157237,17.086859],[97.164561,17.059312],[97.198253,17.013495],[97.183279,16.921536],[97.19158,16.901272],[97.211436,16.907864],[97.219493,16.901272],[97.2046,16.859809],[97.208995,16.833197],[97.219493,16.826158],[97.233084,16.874579],[97.240489,16.874579],[97.233084,16.83983],[97.244802,16.81745],[97.230209,16.796646],[97.230173,16.769142],[97.255445,16.697869],[97.285836,16.658922],[97.311194,16.652366],[97.329828,16.679847],[97.370291,16.483547],[97.402599,16.516913],[97.423106,16.523424],[97.476329,16.518297],[97.499848,16.531968],[97.54835,16.538153],[97.630382,16.531968],[97.712901,16.579779],[97.740245,16.559272],[97.703136,16.552069],[97.673839,16.533433],[97.637218,16.477362],[97.623057,16.394477],[97.626475,16.35163],[97.65089,16.271308],[97.61964,16.125434],[97.600841,16.092475],[97.571788,16.080024],[97.568858,16.062405],[97.575694,16.017401],[97.637218,15.949164],[97.691417,15.912299],[97.71225,15.887681],[97.706065,15.860338],[97.721365,15.856187],[97.727061,15.843207],[97.72641,15.777818],[97.712901,15.75731],[97.733897,15.726304],[97.725597,15.701321],[97.743663,15.664862],[97.742931,15.604478],[97.774262,15.531399],[97.761404,15.490546],[97.79477,15.407904],[97.766938,15.38935],[97.760753,15.394232],[97.750499,15.360093],[97.73406,15.355292],[97.72641,15.339586],[97.742035,15.317939],[97.743175,15.266832],[97.769379,15.223334],[97.780284,15.211493],[97.822765,15.209296],[97.80714,15.174954],[97.810232,15.09512],[97.79477,15.058498],[97.80836,15.031155],[97.787446,15.030707],[97.774262,15.017483],[97.804373,14.998684],[97.812836,14.983344],[97.815929,14.958808],[97.804454,14.935981],[97.79477,14.880316],[97.815115,14.850816],[97.850352,14.723619],[97.875499,14.716742],[97.902192,14.737698],[97.897227,14.797756],[97.904063,14.797756],[97.917166,14.758612],[97.931163,14.752183],[97.945567,14.763617],[97.938162,14.784735],[97.94988,14.798896],[97.972911,14.763617],[97.96461,14.747056],[97.971039,14.735907],[98.000255,14.722073],[97.982188,14.715277],[98.027599,14.647528],[97.992442,14.663723],[97.943126,14.720201],[97.904063,14.70897],[97.885509,14.684068],[97.885509,14.655951],[97.900076,14.630316],[97.925059,14.612779],[97.913585,14.586737],[97.951834,14.502916],[97.966075,14.44831],[97.97641,14.443752],[98.000255,14.468736],[97.979747,14.397406],[97.9935,14.330512],[98.041759,14.242865],[98.08961,14.181383],[98.095225,14.193793],[98.101085,14.19184],[98.110118,14.167792],[98.096446,14.167792],[98.108572,14.132636],[98.107677,14.110012],[98.096446,14.078355],[98.066254,14.032701],[98.061697,14.010077],[98.082286,13.924465],[98.11085,13.902167],[98.103282,13.87637],[98.110118,13.790351],[98.088878,13.795111],[98.082774,13.769965],[98.092052,13.739691],[98.116954,13.728949],[98.103282,13.700995],[98.147634,13.69477],[98.168793,13.680813],[98.167654,13.673163],[98.151052,13.673733],[98.158458,13.64232],[98.151866,13.630357],[98.137462,13.626532],[98.151052,13.606024],[98.129731,13.582343],[98.141368,13.573228],[98.144298,13.537095],[98.151052,13.557603],[98.171072,13.537828],[98.18686,13.54385],[98.17156,13.56387],[98.168468,13.584296],[98.196056,13.668362],[98.179454,13.732408],[98.199474,13.869208],[98.180186,13.925035],[98.198253,13.964911],[98.199474,13.992743],[98.178966,14.019721],[98.185802,14.064683],[98.192149,14.064683],[98.208669,14.029608],[98.233653,14.002631],[98.227224,13.988959],[98.233653,13.917304],[98.254161,13.851793],[98.247813,13.837592],[98.254161,13.797797],[98.240489,13.746039],[98.244802,13.714057],[98.302013,13.700995],[98.295665,13.687974],[98.288259,13.69477],[98.336436,13.619818],[98.336111,13.598578],[98.356619,13.584866],[98.357188,13.56387],[98.394054,13.542792],[98.426443,13.490058],[98.431651,13.478746],[98.41863,13.454576],[98.445323,13.424302],[98.45281,13.379462],[98.458995,13.39997],[98.473155,13.413031],[98.473155,13.379462],[98.460134,13.36933],[98.46046,13.35578],[98.473155,13.324897],[98.475271,13.292914],[98.479991,13.283881],[98.489919,13.297838],[98.5,13.252544128840093]],[[98.5,10.73042927499015],[98.463552,10.729438],[98.458995,10.672675],[98.46339,10.630032],[98.495453,10.556871],[98.5,10.519177577487154]],[[98.5,10.512058488276807],[98.493419,10.472724],[98.5,10.4428569177506]],[[98.5,10.22667049792234],[98.489594,10.197903],[98.5,10.16909439700947]],[[98.5,9.719461527501458],[98.493663,9.71369],[98.5,9.709744496328927]],[[98.5,9.686067242587272],[98.493663,9.685736],[98.5,9.677315705027489]],[[98.5,9.634529752779404],[98.47169,9.621161],[98.46339,9.604438],[98.483409,9.596381],[98.5,9.575201311033883]],[[98.5,9.53831493184019],[98.486827,9.528062],[98.457205,9.548529],[98.443207,9.520819],[98.425466,9.432522],[98.397146,9.378811],[98.383311,9.316555],[98.351899,9.25137],[98.352306,9.235907],[98.370779,9.226467],[98.339692,9.199774],[98.322276,9.209377],[98.32838,9.164374],[98.370779,9.103583],[98.382009,9.071926],[98.342052,9.062893],[98.329845,9.052069],[98.332693,9.026068],[98.342459,9.018215],[98.391287,9.035305],[98.358084,8.995998],[98.364024,8.973944],[98.333018,8.980048],[98.32488,8.975246],[98.292735,8.924384],[98.283539,8.884955],[98.261567,8.850653],[98.250743,8.759955],[98.219981,8.726223],[98.240489,8.651068],[98.219981,8.569159],[98.253103,8.534654],[98.247325,8.514553],[98.215668,8.553371],[98.209727,8.581488],[98.198009,8.556057],[98.26238,8.312812],[98.277599,8.283515],[98.281423,8.225898],[98.293305,8.215888],[98.323985,8.209621],[98.331228,8.195054],[98.356944,8.185004],[98.391287,8.136542],[98.405528,8.164496],[98.424978,8.148424],[98.446137,8.175116],[98.462901,8.216132],[98.453136,8.294013],[98.422211,8.306342],[98.445649,8.3251],[98.466319,8.32274],[98.466319,8.335761],[98.486664,8.324897],[98.493663,8.343207],[98.5,8.343207]],[[66.0,25.42899346453923],[66.069021,25.446234],[66.15919,25.446926],[66.251801,25.472886],[66.278656,25.467353],[66.31186,25.474921],[66.359548,25.465237],[66.437022,25.433254],[66.483897,25.400539],[66.498383,25.398505],[66.511567,25.414211],[66.497895,25.430487],[66.45753,25.453762],[66.492198,25.481024],[66.475841,25.493313],[66.456228,25.496039],[66.423188,25.481024],[66.38852,25.52204],[66.352712,25.535549],[66.336436,25.553371],[66.258149,25.543118],[66.2588,25.524848],[66.241547,25.518459],[66.213064,25.49136],[66.094412,25.47484],[66.10963,25.495429],[66.13738,25.513821],[66.183442,25.58161],[66.258149,25.612006],[66.303233,25.60456],[66.338552,25.6081],[66.375499,25.625678],[66.372569,25.603909],[66.387706,25.592434],[66.437022,25.597724],[66.477875,25.549302],[66.492849,25.518052],[66.50587,25.52204],[66.512706,25.508368],[66.531016,25.518134],[66.550548,25.457099],[66.587087,25.426215],[66.591156,25.399604],[66.579275,25.379381],[66.553722,25.385443],[66.547862,25.365627],[66.710216,25.239244],[66.737153,25.181098],[66.73227,25.143256],[66.713552,25.120754],[66.699555,25.085273],[66.697032,25.025458],[66.681326,24.948879],[66.681326,24.910549],[66.704438,24.898871],[66.704438,24.892035],[66.677013,24.879543],[66.656749,24.85871],[66.654145,24.839179],[66.679698,24.830552],[66.779633,24.85102],[66.802501,24.839545],[66.85377,24.85224],[66.882091,24.85102],[66.941173,24.812567],[66.965099,24.810045],[66.957693,24.843573],[66.965099,24.843573],[66.987315,24.822211],[67.02296,24.810045],[67.08253,24.774156],[67.073741,24.795803],[67.081228,24.80329],[67.099946,24.797065],[67.139659,24.80329],[67.156016,24.791571],[67.167328,24.760159],[67.232677,24.770738],[67.245128,24.761664],[67.255544,24.747992],[67.25294,24.740383],[67.175548,24.688707],[67.156993,24.662909],[67.149587,24.635077],[67.15211,24.615709],[67.159923,24.61225],[67.208995,24.613756],[67.252615,24.590318],[67.21811,24.582424],[67.183604,24.590318],[67.194591,24.547268],[67.204112,24.535102],[67.226736,24.532375],[67.230805,24.525092],[67.210948,24.50845],[67.246837,24.467963],[67.2588,24.419094],[67.286632,24.439521],[67.271658,24.369086],[67.28297,24.357611],[67.325369,24.357611],[67.362478,24.34394],[67.305919,24.342841],[67.285981,24.329576],[67.292817,24.302965],[67.279145,24.281236],[67.292328,24.261868],[67.300304,24.186265],[67.326427,24.143785],[67.341319,24.086371],[67.354015,24.070868],[67.440684,24.070258],[67.509776,24.052069],[67.533051,24.070258],[67.519867,24.045071],[67.492198,24.028022],[67.478201,24.032416],[67.451182,23.987698],[67.506358,23.974026],[67.498871,23.925605],[67.509044,23.923245],[67.540538,23.939276],[67.512543,23.898261],[67.478526,23.891506],[67.546641,23.870998],[67.530121,23.891262],[67.532563,23.899156],[67.546641,23.898261],[67.574555,23.871772],[67.58839,23.88467],[67.589366,23.866523],[67.614513,23.850084],[67.629242,23.856676],[67.63738,23.874254],[67.638031,23.91592],[67.650401,23.933051],[67.656586,23.919379],[67.630707,23.824774],[67.631602,23.803453],[67.73227,23.795233],[67.743663,23.808783],[67.741059,23.823065],[67.718598,23.843695],[67.773204,23.821112],[67.831716,23.809516],[67.855235,23.911933],[67.863292,23.902818],[67.868907,23.850491],[67.891938,23.869574],[67.899913,23.86758],[67.909923,23.836249],[67.934255,23.832994],[67.950857,23.808905],[67.971934,23.802069],[67.994151,23.811184],[68.01352,23.768541],[68.024425,23.774604],[68.053884,23.829413],[68.01352,23.939276],[68.047699,23.92121],[68.063731,23.923163],[68.053884,23.88467],[68.059418,23.861884],[68.102224,23.815741],[68.102224,23.809516],[68.081716,23.80565],[68.074392,23.764838],[68.053884,23.74372],[68.062755,23.723131],[68.081716,23.708686],[68.098888,23.709296],[68.102224,23.733832],[68.149099,23.694525],[68.157481,23.696234],[68.143321,23.761135],[68.170584,23.839911],[68.157481,23.864163],[68.157481,23.905097],[68.183116,23.843451],[68.166026,23.773179],[68.168142,23.747463],[68.197765,23.774807],[68.19752,23.714545],[68.208751,23.696234],[68.240977,23.674018],[68.280447,23.685981],[68.27589,23.665839],[68.245128,23.659125],[68.232677,23.645006],[68.220063,23.659247],[68.19809,23.659084],[68.184255,23.651923],[68.174327,23.631415],[68.150076,23.631415],[68.143403,23.612698],[68.181407,23.594062],[68.317638,23.586127],[68.348888,23.60342],[68.351573,23.617825],[68.34197,23.623969],[68.427745,23.714301],[68.47283,23.737494],[68.51002,23.744086],[68.554698,23.768541],[68.598888,23.781887],[68.633474,23.833075],[68.717784,23.84101],[68.766938,23.878404],[68.78004,23.874091],[68.805675,23.884426],[68.821625,23.878404],[68.725597,23.818915],[68.670746,23.815741],[68.654552,23.799058],[68.637869,23.761542],[68.583507,23.735297],[68.533539,23.679185],[68.469412,23.659247],[68.468761,23.640815],[68.492686,23.6376],[68.491466,23.618842],[68.427501,23.631415],[68.408865,23.621324],[68.406098,23.508734],[68.411632,23.494696],[68.431163,23.493598],[68.446951,23.502997],[68.437348,23.548814],[68.458669,23.52147],[68.481293,23.525133],[68.48585,23.514106],[68.447439,23.487454],[68.423676,23.445787],[68.44044,23.434272],[68.465505,23.445787],[68.458832,23.419827],[68.462576,23.409125],[68.475352,23.404853],[68.490489,23.409329],[68.501475,23.423285],[68.513194,23.418524],[68.530121,23.425686],[68.541026,23.411689],[68.529552,23.411933],[68.515147,23.399319],[68.520681,23.369208],[68.541026,23.357001],[68.561046,23.363918],[68.571056,23.346381],[68.603038,23.332831],[68.606944,23.325588],[68.599132,23.322252],[68.561046,23.316107],[68.541026,23.278225],[68.552257,23.259711],[68.57781,23.255276],[68.623057,23.267646],[68.609386,23.226711],[68.595714,23.240383],[68.599946,23.225043],[68.622569,23.191555],[68.649669,23.180854],[68.654063,23.157782],[68.866222,23.019965],[69.039887,22.950507],[69.201915,22.85224],[69.23878,22.841946],[69.338145,22.833075],[69.500011,22.781684],[69.556977,22.77851],[69.585704,22.761176],[69.653819,22.760484],[69.715831,22.746894],[69.728852,22.754828],[69.760102,22.808336],[69.780121,22.82746],[69.833181,22.858466],[69.996918,22.893785],[70.061778,22.918199],[70.135427,22.929999],[70.132335,22.941067],[70.109548,22.959174],[70.130626,22.993964],[70.12908,22.969306],[70.147472,22.966051],[70.163097,22.948961],[70.222016,22.959174],[70.231944,22.974921],[70.233084,23.000149],[70.269298,22.958564],[70.291759,22.95303],[70.303477,22.938137],[70.325694,22.945014],[70.34669,22.931301],[70.392426,22.940863],[70.401622,22.953843],[70.401866,22.999254],[70.410981,23.023179],[70.398774,23.069037],[70.410655,23.086005],[70.450938,23.105658],[70.467133,23.129706],[70.50294,23.104397],[70.523692,23.07038],[70.528494,23.047065],[70.527192,23.023586],[70.504731,22.97956],[70.486339,22.96369],[70.45338,22.96662],[70.404633,22.919501],[70.375255,22.902655],[70.342947,22.843166],[70.32252,22.822659],[70.319102,22.778266],[70.178477,22.561957],[70.144705,22.547797],[70.059093,22.558417],[69.972992,22.541449],[69.884776,22.473578],[69.833263,22.463813],[69.806977,22.420966],[69.794932,22.418606],[69.733409,22.480048],[69.699392,22.404283],[69.669444,22.409247],[69.640391,22.375963],[69.629731,22.383775],[69.616059,22.355902],[69.554698,22.377631],[69.561697,22.391588],[69.547862,22.452094],[69.515961,22.448147],[69.513682,22.431586],[69.525645,22.392076],[69.519867,22.377631],[69.502696,22.37226],[69.479666,22.342231],[69.435395,22.33039],[69.359874,22.329169],[69.346446,22.324897],[69.335704,22.306138],[69.286469,22.284613],[69.212087,22.273912],[69.212087,22.281399],[69.173839,22.308295],[69.169688,22.327948],[69.185313,22.349677],[69.18214,22.366441],[69.20574,22.398668],[69.202159,22.414862],[69.178559,22.427639],[69.146983,22.404853],[69.122732,22.411078],[69.097423,22.398871],[69.071788,22.399482],[69.048188,22.431586],[69.082286,22.45954],[69.085216,22.472886],[69.073578,22.481879],[69.007498,22.443183],[68.983246,22.419379],[68.944021,22.318264],[68.944591,22.295071],[68.994151,22.203925],[69.048188,22.157904],[69.103038,22.076361],[69.150645,22.041205],[69.198416,21.979722],[69.336192,21.862454],[69.355479,21.853176],[69.367849,21.856106],[69.39088,21.876695],[69.397716,21.815253],[69.427419,21.781236],[69.478526,21.752631],[69.49936,21.720201],[69.568207,21.650133],[69.629731,21.616034],[69.756358,21.490424],[69.788748,21.469306],[69.808604,21.465806],[69.814708,21.433661],[69.844981,21.389594],[69.958263,21.273342],[70.054445,21.153155],[70.336681,20.927069],[70.398774,20.90351],[70.451427,20.855902],[70.541515,20.807847],[70.698578,20.746405],[70.740245,20.718492],[70.774587,20.727362],[70.801606,20.709052],[70.84018,20.70189],[70.982432,20.71015],[71.000824,20.722154],[71.00766,20.741604],[71.062348,20.738959],[71.09547,20.763739],[71.140636,20.765692],[71.318614,20.849311],[71.46225,20.885321],[71.480724,20.900377],[71.493419,20.929145],[71.551117,20.973578],[71.569347,20.979193],[71.549571,20.951239],[71.583507,20.958238],[71.639985,20.996812],[71.717621,21.03205],[71.76295,21.032294],[71.92628,21.130032],[71.990733,21.136379],[72.055024,21.168362],[72.104747,21.205064],[72.090831,21.252916],[72.10255,21.2744],[72.097016,21.287665],[72.111501,21.296088],[72.104503,21.315009],[72.151622,21.360175],[72.16684,21.392076],[72.2199,21.444729],[72.242198,21.48078],[72.275157,21.595526],[72.298839,21.626288],[72.295665,21.653876],[72.271739,21.690904],[72.240408,21.691718],[72.223806,21.700588],[72.202403,21.748114],[72.177013,21.766669],[72.166026,21.793931],[72.117442,21.776597],[72.103201,21.775214],[72.073904,21.788723],[72.021821,21.774319],[72.021821,21.800971],[72.001475,21.787909],[71.996104,21.799506],[71.99464,21.839504],[72.004161,21.857733],[72.062836,21.834377],[72.104503,21.835761],[72.086436,21.865627],[72.049327,21.880439],[72.057953,21.898749],[72.098481,21.88052],[72.13087,21.846259],[72.169444,21.841376],[72.160004,21.865912],[72.16977,21.890448],[72.152354,21.897854],[72.15919,21.904608],[72.145356,21.910834],[72.156505,21.925849],[72.104503,21.91767],[72.028656,21.938788],[72.055186,21.953518],[72.102061,21.945054],[72.104503,21.959215],[72.076508,21.979722],[72.114919,21.969387],[72.124848,21.972317],[72.128103,21.983547],[72.097016,22.007025],[72.134288,22.004584],[72.151703,21.993883],[72.163422,21.973212],[72.173106,21.975653],[72.19988,22.006985],[72.206309,21.994045],[72.214366,21.994045],[72.220958,22.010972],[72.25766,22.012152],[72.295665,22.051174],[72.307628,22.079006],[72.317231,22.184882],[72.306488,22.22956],[72.268321,22.226752],[72.239106,22.238918],[72.234141,22.243557],[72.246104,22.27558],[72.240408,22.288235],[72.190684,22.251288],[72.166026,22.260321],[72.148774,22.277899],[72.206309,22.273912],[72.200938,22.291449],[72.208507,22.300442],[72.240408,22.301907],[72.264659,22.295233],[72.263194,22.276353],[72.275157,22.260321],[72.328298,22.260728],[72.361013,22.343451],[72.397227,22.366767],[72.408051,22.353461],[72.404959,22.332953],[72.380382,22.312405],[72.391856,22.253485],[72.413748,22.246324],[72.448741,22.266832],[72.463878,22.263983],[72.46697,22.255845],[72.454845,22.245307],[72.466156,22.232571],[72.50172,22.240424],[72.553071,22.282457],[72.573741,22.288235],[72.606619,22.28384],[72.625011,22.271389],[72.659434,22.273912],[72.756602,22.24372],[72.818207,22.273424],[72.838634,22.276557],[72.869477,22.262397],[72.899669,22.269192],[72.905772,22.281399],[72.917491,22.27143],[72.922699,22.254584],[72.916026,22.22309],[72.897227,22.213039],[72.847423,22.240424],[72.812266,22.234117],[72.74822,22.164049],[72.707774,22.185777],[72.681895,22.181586],[72.634451,22.210395],[72.614106,22.211737],[72.57545,22.194525],[72.535899,22.14053],[72.519542,22.088446],[72.522227,22.054267],[72.50172,21.97602],[72.542735,21.910834],[72.581798,21.928168],[72.623057,21.96662],[72.693533,21.972317],[72.707774,21.994045],[72.734548,21.994045],[72.734548,21.986558],[72.714041,21.982978],[72.702322,21.947577],[72.690115,21.938788],[72.65211,21.941067],[72.618419,21.925116],[72.58546,21.858873],[72.566905,21.849351],[72.556326,21.774319],[72.528494,21.695136],[72.534679,21.672919],[72.550304,21.666693],[72.616059,21.685452],[72.676443,21.678127],[72.733246,21.687486],[72.798106,21.673529],[72.819184,21.675035],[72.858165,21.694973],[72.926931,21.684963],[73.022472,21.71601],[73.118826,21.764716],[73.12615,21.766832],[73.132009,21.757799],[73.116954,21.73725],[72.965343,21.678778],[72.889659,21.64053],[72.82309,21.643948],[72.773204,21.580512],[72.690115,21.540676],[72.61964,21.487372],[72.583669,21.417426],[72.612478,21.421861],[72.66505,21.457221],[72.738292,21.482856],[72.748546,21.479641],[72.747081,21.452867],[72.728282,21.465806],[72.635102,21.407457],[72.564626,21.38581],[72.578868,21.367011],[72.594086,21.362779],[72.638682,21.371243],[72.645763,21.362779],[72.590505,21.348538],[72.586762,21.341213],[72.602061,21.277655],[72.618419,21.252916],[72.645763,21.273383],[72.646983,21.253607],[72.673188,21.239081],[72.687673,21.220445],[72.734548,21.19892],[72.711762,21.194037],[72.630382,21.135972],[72.615489,21.119818],[72.615001,21.105862],[72.637869,21.085395],[72.671235,21.099799],[72.676443,21.153632],[72.714041,21.16413],[72.728689,21.148098],[72.705821,21.10635],[72.700369,21.074774],[72.734548,21.092475],[72.741954,21.123236],[72.755626,21.109565],[72.809581,21.130032],[72.849864,21.048],[72.844981,21.038316],[72.82309,21.03384],[72.766856,21.03856],[72.771983,21.023871],[72.787608,21.006903],[72.816091,20.99901],[72.832693,20.972357],[72.888438,20.982611],[72.886485,20.962104],[72.836681,20.929918],[72.864919,20.897284],[72.854259,20.887152],[72.836925,20.835842],[72.881196,20.865668],[72.900401,20.868109],[72.880138,20.829901],[72.885753,20.807115],[72.900238,20.79914],[72.919444,20.821519],[72.924978,20.810614],[72.919444,20.787421],[72.944998,20.770006],[72.946788,20.759467],[72.898936,20.732164],[72.909434,20.698676],[72.902599,20.641913],[72.885265,20.619208],[72.891449,20.575141],[72.886485,20.531562],[72.829438,20.437934],[72.817068,20.375922],[72.781586,20.352281],[72.777517,20.330064],[72.74822,20.280341],[72.741954,20.225043],[72.755626,20.215155],[72.737641,20.184272],[72.728282,20.129462],[72.710297,20.082913],[72.70338,19.997626],[72.684337,19.964016],[72.665212,19.952948],[72.664236,19.881578],[72.649181,19.851996],[72.679861,19.800482],[72.677908,19.746568],[72.690115,19.748969],[72.728282,19.793647],[72.732758,19.779731],[72.731293,19.754584],[72.714041,19.745836],[72.72641,19.705797],[72.707774,19.697455],[72.686697,19.724799],[72.718028,19.606676],[72.710785,19.587592],[72.722504,19.536282],[72.741547,19.516018],[72.749197,19.5126],[72.755626,19.519355],[72.734548,19.546617],[72.740733,19.560736],[72.734548,19.580797],[72.741954,19.580797],[72.770681,19.566148],[72.781261,19.536566],[72.795909,19.526801],[72.8567,19.541327],[72.879161,19.532375],[72.754405,19.481757],[72.746837,19.467963],[72.74822,19.444241],[72.763438,19.380194],[72.802094,19.331936],[72.818533,19.330268],[72.836925,19.348049],[72.898936,19.307034],[72.970958,19.307034],[72.987804,19.300686],[73.029145,19.259345],[73.03004,19.227729],[73.049653,19.217719],[73.026622,19.205512],[73.010509,19.224311],[72.988292,19.27912],[72.972667,19.293687],[72.930349,19.286566],[72.900564,19.290758],[72.885509,19.296047],[72.867035,19.316799],[72.785411,19.31391],[72.775645,19.299018],[72.772227,19.265123],[72.775401,19.204657],[72.815115,19.253648],[72.830089,19.252427],[72.802501,19.211615],[72.781586,19.159654],[72.792166,19.150458],[72.811209,19.175523],[72.82309,19.169257],[72.809581,19.146308],[72.82309,19.108466],[72.809581,19.06684],[72.8213,19.063178],[72.824229,19.053534],[72.817068,19.032701],[72.802745,19.040188],[72.802419,18.999661],[72.770356,18.948188],[72.775401,18.93651],[72.802745,18.957587],[72.802745,18.909817],[72.812511,18.897447],[72.8213,18.903306],[72.836274,18.959133],[72.869314,19.01142],[72.885265,19.025865],[72.891449,18.991767],[72.934255,19.034084],[72.94337,19.055121],[72.926931,19.06684],[72.935557,19.115058],[72.967296,19.163072],[72.974783,19.163072],[72.967296,19.09101],[72.991873,19.067206],[72.980968,19.046373],[72.987804,19.036933],[72.988292,18.998603],[73.039806,19.017524],[73.056814,19.015326],[73.046641,18.995185],[72.953624,18.971259],[72.953624,18.964423],[72.988292,18.964423],[72.977224,18.948432],[72.936778,18.947414],[72.928071,18.911363],[72.912608,18.923489],[72.896821,18.894477],[72.91627,18.87051],[72.946137,18.858303],[72.972179,18.874254],[72.9817,18.871487],[72.974783,18.848334],[72.981293,18.832709],[73.016287,18.813625],[72.99171,18.779364],[72.988048,18.753852],[72.995128,18.731024],[72.969574,18.746975],[72.966319,18.76142],[72.974783,18.779486],[72.926931,18.826646],[72.912608,18.799994],[72.879161,18.807359],[72.865571,18.799384],[72.852387,18.769924],[72.851736,18.719672],[72.864513,18.648912],[72.882172,18.635484],[72.910167,18.558987],[72.960297,18.554674],[72.98878,18.489936],[73.014985,18.469957],[73.0088,18.450507],[72.946788,18.532416],[72.924653,18.535631],[72.907237,18.523586],[72.895763,18.502997],[72.891449,18.429389],[72.910167,18.399237],[72.912608,18.361151],[72.933604,18.354926],[72.958751,18.328111],[72.974783,18.327582],[72.968028,18.310614],[72.977387,18.295071],[73.012462,18.279202],[73.056977,18.280951],[73.071544,18.273017],[73.065278,18.257554],[73.071544,18.204088],[73.057465,18.185614],[73.047618,18.188788],[73.047618,18.201158],[73.063487,18.210354],[73.050955,18.227484],[73.012462,18.24315],[72.972667,18.244696],[72.953136,18.281317],[72.939952,18.286038],[72.933279,18.266588],[72.939952,18.251288],[72.926931,18.223944],[72.954845,18.217515],[72.967296,18.19599],[72.976085,18.118638],[72.988129,18.096015],[72.980968,18.080552],[72.987315,18.066555],[73.0088,18.039008],[73.022716,18.057685],[73.043468,18.066962],[73.042247,18.048977],[73.0088,18.025946],[73.005219,18.012356],[73.018891,17.992499],[73.035411,17.991848],[73.0171,17.972113],[73.018565,17.951728],[73.065196,17.878363],[73.079438,17.824612],[73.101329,17.796332],[73.123302,17.735785],[73.105479,17.68891],[73.12615,17.655422],[73.121349,17.62641],[73.139171,17.600775],[73.200694,17.586493],[73.163422,17.569485],[73.12794,17.564683],[73.125987,17.556545],[73.131684,17.539374],[73.180675,17.477688],[73.17335,17.457424],[73.185395,17.441881],[73.165294,17.413031],[73.170584,17.389716],[73.195974,17.369371],[73.249034,17.284857],[73.231212,17.279283],[73.187022,17.305976],[73.214854,17.268744],[73.236013,17.220608],[73.236176,17.199205],[73.26059,17.150539],[73.255138,17.120998],[73.275727,17.078599],[73.269379,17.031643],[73.258962,17.044094],[73.251475,17.042426],[73.251231,17.032172],[73.262706,17.018541],[73.254568,17.006741],[73.289399,16.983832],[73.270518,16.945014],[73.279552,16.887641],[73.269379,16.875637],[73.286632,16.820868],[73.296886,16.80565],[73.303722,16.813137],[73.289561,16.74022],[73.300304,16.713202],[73.321625,16.69245],[73.312185,16.644721],[73.323497,16.620673],[73.354259,16.63467],[73.366466,16.628079],[73.371267,16.610175],[73.363048,16.596829],[73.358246,16.620673],[73.314626,16.599433],[73.322765,16.576158],[73.336436,16.565619],[73.371267,16.559272],[73.350841,16.538153],[73.378673,16.518297],[73.344005,16.523586],[73.307302,16.563178],[73.302989,16.533026],[73.319184,16.509752],[73.341319,16.432074],[73.352061,16.418118],[73.384939,16.401597],[73.364431,16.389309],[73.358246,16.367499],[73.378673,16.35692],[73.378673,16.332709],[73.413585,16.223944],[73.419688,16.216702],[73.435232,16.217841],[73.447032,16.113593],[73.45281,16.166571],[73.465017,16.182278],[73.487966,16.189358],[73.46339,16.159573],[73.460704,16.08633],[73.447032,16.068915],[73.483897,16.028225],[73.515961,16.024848],[73.515961,16.017401],[73.487315,16.014228],[73.490977,15.993476],[73.604666,15.880845],[73.646251,15.792141],[73.646251,15.736884],[73.700857,15.723212],[73.685883,15.704291],[73.718272,15.627143],[73.728282,15.619574],[73.783865,15.659125],[73.838145,15.661119],[73.838145,15.654283],[73.760427,15.632025],[73.737071,15.598538],[73.736827,15.571723],[73.756114,15.537584],[73.751231,15.513129],[73.766287,15.49726],[73.786388,15.492174],[73.865977,15.537584],[73.859548,15.521145],[73.872244,15.510932],[73.817556,15.496649],[73.800466,15.475002],[73.796397,15.448879],[73.841563,15.448879],[73.858572,15.435207],[73.885916,15.435207],[73.927582,15.417385],[73.967784,15.373765],[73.954112,15.366278],[73.93336,15.395413],[73.899587,15.407904],[73.884939,15.398017],[73.860118,15.407864],[73.782888,15.407904],[73.827403,15.36518],[73.882579,15.355292],[73.891287,15.343207],[73.947276,15.160834],[73.954112,15.16828],[73.962169,15.152045],[73.928966,15.120592],[73.913097,15.078925],[73.964366,15.064643],[73.995779,15.010688],[74.031261,14.995307],[74.035981,14.921291],[74.091156,14.8876],[74.111827,14.846177],[74.14088,14.852688],[74.208018,14.900824],[74.211192,14.887356],[74.235199,14.876532],[74.233084,14.864569],[74.208018,14.866645],[74.178966,14.856269],[74.159516,14.82567],[74.140473,14.838772],[74.118663,14.831855],[74.109141,14.802639],[74.091319,14.811428],[74.096446,14.793362],[74.145844,14.763617],[74.153331,14.749945],[74.173839,14.749945],[74.194347,14.715806],[74.22047,14.738105],[74.25294,14.71894],[74.276215,14.640082],[74.266856,14.631293],[74.27589,14.610175],[74.28712,14.605943],[74.323904,14.618598],[74.339041,14.612779],[74.339041,14.605943],[74.307384,14.601874],[74.295177,14.587307],[74.300548,14.527411],[74.32488,14.517239],[74.339041,14.523993],[74.342947,14.563666],[74.358735,14.571234],[74.358735,14.544582],[74.368337,14.549709],[74.379242,14.544582],[74.372406,14.530219],[74.427745,14.476264],[74.401134,14.479722],[74.407237,14.461982],[74.388845,14.462714],[74.351899,14.530219],[74.353852,14.505072],[74.394216,14.410793],[74.396983,14.372748],[74.412608,14.344794],[74.415375,14.301093],[74.427745,14.28384],[74.508962,14.250312],[74.471039,14.248684],[74.43336,14.263373],[74.429047,14.240424],[74.467459,14.181383],[74.474864,14.105699],[74.495372,14.071519],[74.495372,14.030585],[74.583995,13.903876],[74.614594,13.835517],[74.623057,13.774156],[74.660492,13.660061],[74.676036,13.701077],[74.687755,13.711819],[74.701427,13.69477],[74.688324,13.68594],[74.712901,13.656195],[74.735606,13.653795],[74.709972,13.64057],[74.680919,13.646959],[74.677094,13.630316],[74.666677,13.632758],[74.673513,13.619086],[74.677094,13.52676],[74.701427,13.461371],[74.701915,13.420356],[74.708263,13.413031],[74.693696,13.415269],[74.680919,13.468248],[74.694591,13.393134],[74.689464,13.381578],[74.715099,13.331041],[74.76295,13.118801],[74.783376,13.084662],[74.770274,13.052436],[74.817556,12.861762],[74.850597,12.857164],[74.940929,12.878607],[74.917491,12.85814],[74.881114,12.848049],[74.859141,12.824612],[74.824962,12.838202],[74.827647,12.824652],[74.852306,12.797309],[74.855724,12.759426],[74.879649,12.725491],[74.955251,12.537258],[74.985362,12.49136],[74.992035,12.461737],[75.009939,12.443793],[75.018403,12.41474],[75.082856,12.305894],[75.098643,12.269029],[75.105479,12.221259],[75.12672,12.245836],[75.139659,12.248603],[75.13087,12.207831],[75.180512,12.077297],[75.193696,12.022284],[75.208507,12.008368],[75.222179,12.02204],[75.276703,11.967434],[75.260509,11.997789],[75.264334,12.013332],[75.30421,12.043158],[75.329763,12.012641],[75.281098,12.010647],[75.278819,12.003241],[75.302257,11.966051],[75.349132,11.947577],[75.393403,11.97484],[75.382823,11.945502],[75.400238,11.920233],[75.326508,11.935858],[75.307628,11.932196],[75.324555,11.899115],[75.355805,11.857652],[75.379731,11.864976],[75.506114,11.72724],[75.530772,11.693671],[75.585297,11.563381],[75.581879,11.549791],[75.600841,11.523383],[75.608897,11.484931],[75.616547,11.473619],[75.664806,11.462633],[75.722179,11.367499],[75.735525,11.371527],[75.742442,11.35871],[75.729259,11.343655],[75.730805,11.331732],[75.832774,11.097846],[75.880138,10.932685],[75.894542,10.849758],[75.911143,10.809231],[75.94158,10.79621],[75.924083,10.780707],[75.922048,10.76557],[75.999685,10.605536],[76.008067,10.567084],[76.052419,10.513983],[76.070079,10.432807],[76.10613,10.38467],[76.153168,10.22016],[76.170584,10.193752],[76.184093,10.189358],[76.201671,10.199693],[76.207856,10.234565],[76.194835,10.268622],[76.206309,10.262885],[76.22283,10.234442],[76.240245,10.238959],[76.24171,10.223944],[76.224132,10.196926],[76.177501,10.17064],[76.184581,10.144924],[76.182384,10.105658],[76.21461,10.024482],[76.242686,9.987454],[76.229015,10.065904],[76.20753,10.117133],[76.215343,10.138251],[76.227712,10.109565],[76.245128,10.1022],[76.255056,10.047675],[76.273936,10.035834],[76.269298,10.016262],[76.278168,9.977932],[76.294281,9.951321],[76.311534,9.966946],[76.359223,9.915432],[76.394054,9.842841],[76.396495,9.822659],[76.380382,9.785102],[76.394054,9.747219],[76.394054,9.706244],[76.402599,9.710598],[76.414561,9.682685],[76.419688,9.594184],[76.406993,9.569078],[76.428233,9.555406],[76.448497,9.563422],[76.503266,9.53498],[76.477061,9.50373],[76.458995,9.497301],[76.357432,9.520697],[76.353282,9.535346],[76.372895,9.624335],[76.394054,9.678941],[76.368012,9.715562],[76.359223,9.816107],[76.332693,9.870754],[76.320079,9.86164],[76.346202,9.816107],[76.337576,9.789252],[76.346202,9.699408],[76.338878,9.699408],[76.308604,9.879625],[76.29713,9.870754],[76.304698,9.856269],[76.299978,9.847805],[76.280772,9.842841],[76.288259,9.861233],[76.28419,9.891181],[76.277354,9.870754],[76.266856,9.876044],[76.256847,9.908596],[76.291026,9.908596],[76.269542,9.950995],[76.251475,9.963121],[76.236339,9.952704],[76.246755,9.893744],[76.277354,9.809272],[76.29713,9.658433],[76.291026,9.633205],[76.311778,9.492987],[76.362966,9.325181],[76.442556,9.145168],[76.448741,9.145168],[76.446788,9.159613],[76.414561,9.246975],[76.428233,9.245347],[76.462413,9.151353],[76.482758,9.17182],[76.476573,9.116604],[76.469086,9.116604],[76.462413,9.138332],[76.46046,9.114936],[76.513845,9.002143],[76.528087,8.946967],[76.538097,8.939114],[76.538829,8.972602],[76.56544,8.99433],[76.551117,8.966376],[76.558604,8.952094],[76.582774,9.000556],[76.620616,8.987128],[76.644054,9.00788],[76.668468,9.007392],[76.668468,8.999823],[76.634288,8.986884],[76.657563,8.966376],[76.603282,8.973212],[76.573985,8.942572],[76.572276,8.931627],[76.581554,8.919908],[76.620616,8.925442],[76.573253,8.904446],[76.559093,8.925238],[76.548106,8.924221],[76.543956,8.912502],[76.558604,8.890692],[76.644542,8.818996],[76.695649,8.739814],[76.731293,8.707953],[76.74171,8.684516],[76.813731,8.601264],[76.826508,8.56981],[76.880138,8.520697],[76.99586,8.368109],[77.128754,8.271796],[77.225271,8.184394],[77.286794,8.15351],[77.308604,8.130927],[77.510916,8.075995],[77.565278,8.082506],[77.561046,8.114569],[77.595225,8.138983],[77.768321,8.181545],[77.806163,8.228664],[77.999766,8.344916],[78.055919,8.363715],[78.079845,8.431952],[78.128266,8.488023],[78.142345,8.593085],[78.135509,8.6258],[78.114594,8.657904],[78.142589,8.657904],[78.140473,8.680609],[78.1692,8.733629],[78.21518,8.765448],[78.210216,8.788275],[78.20045,8.76968],[78.162364,8.753485],[78.17449,8.79442],[78.182791,8.877102],[78.239757,8.965562],[78.41212,9.09984],[78.48585,9.124823],[78.634776,9.144599],[78.648936,9.151435],[78.661306,9.177191],[78.67628,9.184149],[78.727794,9.187445],[78.77711,9.219387],[78.843761,9.243964],[78.928966,9.253811],[78.956798,9.274848],[78.988943,9.278266],[79.087169,9.253811],[79.129405,9.256334],[79.165375,9.274237],[79.292735,9.250312],[79.361013,9.213446],[79.424001,9.159084],[79.440278,9.151353],[79.453624,9.159003],[79.353526,9.240912],[79.333669,9.278266],[79.345714,9.306545],[79.341075,9.315863],[79.320079,9.32331],[79.25172,9.28852],[79.115571,9.291246],[79.074718,9.299872],[79.039887,9.314683],[78.959727,9.384955],[78.933442,9.416449],[78.915294,9.45303],[78.913259,9.47427],[78.938324,9.583686],[78.977306,9.637926],[78.980805,9.667182],[79.038829,9.747219],[79.094086,9.802314],[79.100841,9.826077],[79.141856,9.891181],[79.200369,9.970282],[79.240733,10.010565],[79.279063,10.035834],[79.254161,10.054267],[79.236339,10.166571],[79.248302,10.189195],[79.269216,10.197821],[79.272227,10.234442],[79.286143,10.252834],[79.398123,10.324652],[79.459727,10.308295],[79.532237,10.323188],[79.528575,10.338324],[79.567719,10.335883],[79.586925,10.343695],[79.607107,10.336005],[79.604015,10.329088],[79.551768,10.3133],[79.556651,10.298651],[79.759776,10.258246],[79.772472,10.261705],[79.773692,10.273668],[79.758962,10.282213],[79.703624,10.289049],[79.661794,10.307074],[79.614106,10.309556],[79.621267,10.324164],[79.633149,10.328599],[79.757091,10.309068],[79.78004,10.296617],[79.778575,10.275377],[79.795095,10.269232],[79.851329,10.282213],[79.8567,10.29328],[79.86378,10.37873],[79.85963,10.551459],[79.850271,10.592108],[79.840668,10.950141],[79.852224,11.006985],[79.855317,11.159857],[79.834972,11.263861],[79.833018,11.341986],[79.796886,11.359036],[79.759288,11.358344],[79.751964,11.340522],[79.67628,11.296454],[79.684337,11.312201],[79.749848,11.373684],[79.769298,11.380927],[79.819347,11.381496],[79.816661,11.443061],[79.792979,11.453518],[79.797374,11.434882],[79.785981,11.426174],[79.751964,11.576972],[79.785899,11.769192],[79.803233,11.796088],[79.820323,11.878648],[79.861827,11.977973],[79.861827,12.02204],[80.005138,12.241767],[79.953136,12.213568],[79.943858,12.217841],[79.952159,12.229926],[80.005138,12.256049],[80.025727,12.276516],[80.059825,12.334215],[80.095958,12.36225],[80.179698,12.53262],[80.196462,12.613715],[80.228689,12.674994],[80.25172,12.762519],[80.285818,13.067572],[80.313731,13.10578],[80.306895,13.146064],[80.332774,13.198147],[80.334158,13.221177],[80.313731,13.215033],[80.319835,13.249172],[80.334158,13.242906],[80.34783,13.349066],[80.326996,13.430365],[80.313731,13.427232],[80.306895,13.413031],[80.26238,13.451239],[80.26588,13.468248],[80.243419,13.472154],[80.219737,13.487779],[80.119395,13.500678],[80.101329,13.537095],[80.056488,13.59516],[80.052989,13.619086],[80.091319,13.659125],[80.094005,13.69477],[80.117849,13.674506],[80.121267,13.627265],[80.13559,13.619086],[80.141856,13.728949],[80.183604,13.679185],[80.197276,13.643622],[80.245453,13.591742],[80.306895,13.440904],[80.313731,13.440904],[80.309581,13.479315],[80.220958,13.696967],[80.245453,13.755601],[80.249278,13.800279],[80.149669,14.027737],[80.125824,14.148505],[80.123383,14.193508],[80.13559,14.229193],[80.121104,14.242011],[80.073497,14.20185],[80.050629,14.196112],[80.046641,14.20661],[80.087169,14.250312],[80.128184,14.256537],[80.174978,14.34455],[80.175955,14.468736],[80.196951,14.565009],[80.190196,14.571234],[80.149181,14.565009],[80.141856,14.571234],[80.169688,14.585842],[80.178477,14.60578],[80.159841,14.662665],[80.116954,14.698147],[80.108165,14.714342],[80.073416,14.942043],[80.054535,15.014146],[80.052989,15.092597],[80.082367,15.204088],[80.090587,15.304877],[80.126801,15.388129],[80.183849,15.452297],[80.211192,15.496649],[80.197602,15.503079],[80.201345,15.518297],[80.279633,15.70067],[80.35963,15.775824],[80.393321,15.797024],[80.43629,15.808295],[80.469086,15.834662],[80.52589,15.85692],[80.553884,15.880845],[80.571137,15.86872],[80.618419,15.887681],[80.662852,15.88935],[80.670177,15.907701],[80.760102,15.892971],[80.776134,15.884263],[80.802745,15.842434],[80.80714,15.716376],[80.830251,15.747626],[80.890147,15.89525],[80.895763,15.936021],[80.891287,15.978258],[80.875336,16.017401],[80.889008,16.00373],[80.896495,16.010565],[80.896495,16.031073],[80.908946,15.983466],[80.90268,15.890815],[80.910004,15.852688],[81.012543,15.777818],[81.019216,15.792385],[80.998871,15.846747],[81.026866,15.880845],[81.088227,15.92121],[81.135102,15.966498],[81.14975,15.969631],[81.156016,16.03852],[81.180024,16.086737],[81.190278,16.138861],[81.230317,16.243598],[81.254161,16.271308],[81.259613,16.288642],[81.248546,16.320136],[81.259613,16.332709],[81.317393,16.367499],[81.35963,16.374335],[81.375743,16.367499],[81.411388,16.382514],[81.428233,16.365668],[81.416677,16.340155],[81.49586,16.360663],[81.549083,16.352362],[81.540212,16.373684],[81.556977,16.373033],[81.573904,16.358344],[81.568126,16.346381],[81.584972,16.342108],[81.636404,16.332709],[81.656261,16.337348],[81.711599,16.312201],[81.76295,16.322577],[81.861664,16.375393],[81.940766,16.388373],[81.956228,16.407172],[81.992686,16.408433],[82.037364,16.447659],[82.068614,16.444281],[82.203461,16.512681],[82.259044,16.565497],[82.307384,16.579779],[82.280935,16.620836],[82.293793,16.625637],[82.299327,16.610093],[82.312836,16.60814],[82.31422,16.62816],[82.338145,16.678412],[82.365571,16.811591],[82.366547,16.908637],[82.348888,16.956488],[82.362478,16.859076],[82.352061,16.845404],[82.334646,16.854071],[82.31422,16.846625],[82.267914,16.867499],[82.255138,16.885321],[82.252696,16.929185],[82.291677,16.99844],[82.299327,17.030341],[82.387706,17.126939],[82.422862,17.13996],[82.474864,17.205959],[82.718516,17.348619],[82.758149,17.359198],[82.796397,17.383043],[82.837657,17.392768],[82.883311,17.422065],[82.896821,17.409329],[83.088227,17.530707],[83.238943,17.592963],[83.212901,17.634914],[83.246918,17.634223],[83.299083,17.664293],[83.292491,17.677476],[83.249278,17.69538],[83.242035,17.706529],[83.246918,17.716254],[83.26824,17.717475],[83.298595,17.690131],[83.341319,17.717434],[83.402354,17.784491],[83.417735,17.80622],[83.431163,17.854234],[83.452973,17.868476],[83.451915,17.922919],[83.465587,17.902493],[83.472911,17.902493],[83.526134,17.942532],[83.556651,17.973456],[83.582286,18.01911],[83.613943,18.045152],[83.775157,18.139594],[84.077403,18.271552],[84.113129,18.298285],[84.143891,18.374823],[84.349946,18.552924],[84.271007,18.50019],[84.24936,18.501654],[84.237641,18.510932],[84.246918,18.52558],[84.281749,18.52558],[84.332856,18.553697],[84.370453,18.601304],[84.423676,18.636461],[84.448253,18.68065],[84.54184,18.775784],[84.547862,18.796088],[84.63087,18.915717],[84.66505,18.930121],[84.741059,19.028144],[84.78004,19.097073],[84.760997,19.10163],[84.740489,19.073676],[84.719981,19.10163],[84.73878,19.14765],[84.775157,19.115302],[84.791026,19.120592],[84.872081,19.219875],[84.99586,19.32331],[85.069509,19.372138],[85.180431,19.475002],[85.240571,19.518052],[85.285411,19.536282],[85.336681,19.575181],[85.576508,19.690619],[85.330577,19.576402],[85.302908,19.57392],[85.302501,19.586656],[85.288422,19.601264],[85.309093,19.595038],[85.31837,19.619534],[85.326427,19.618801],[85.336762,19.596096],[85.37794,19.614936],[85.384613,19.635972],[85.405284,19.645941],[85.403168,19.671291],[85.391449,19.690619],[85.383067,19.676093],[85.350597,19.677639],[85.309093,19.642239],[85.247569,19.65648],[85.233246,19.632554],[85.247569,19.60871],[85.212901,19.581122],[85.193044,19.580797],[85.193044,19.57392],[85.233246,19.554104],[85.214529,19.547268],[85.199229,19.554104],[85.202891,19.517157],[85.185557,19.505683],[85.151378,19.498847],[85.124034,19.478339],[85.128754,19.509508],[85.124034,19.519355],[85.108735,19.506781],[85.102875,19.529608],[85.122895,19.549018],[85.151378,19.560289],[85.139334,19.579779],[85.140147,19.596584],[85.175141,19.636908],[85.189952,19.670966],[85.206554,19.683783],[85.20338,19.707261],[85.246837,19.762641],[85.278087,19.78559],[85.319591,19.793647],[85.440115,19.896226],[85.476817,19.901028],[85.570323,19.875637],[85.570323,19.773179],[85.563243,19.756903],[85.576508,19.745836],[85.514985,19.711127],[85.521983,19.739081],[85.427013,19.704088],[85.430431,19.691718],[85.446788,19.690619],[85.44988,19.666693],[85.456798,19.663316],[85.549164,19.690619],[85.614268,19.727932],[85.63795,19.731635],[85.624278,19.718573],[85.734386,19.763617],[85.788829,19.765692],[85.846365,19.795844],[86.032074,19.841498],[86.056651,19.856879],[86.089041,19.844224],[86.268565,19.910346],[86.372406,19.964993],[86.314952,19.986884],[86.295909,20.006578],[86.289073,20.026435],[86.230235,20.035305],[86.167735,20.072943],[86.154307,20.089993],[86.14503,20.122016],[86.152517,20.143134],[86.163097,20.134833],[86.173025,20.1022],[86.209158,20.066636],[86.275401,20.067369],[86.348399,20.008857],[86.397227,19.982856],[86.42628,19.999172],[86.404145,20.002631],[86.391449,20.020209],[86.41505,20.036322],[86.467133,20.094672],[86.495128,20.184068],[86.511485,20.197455],[86.628184,20.235256],[86.717459,20.286933],[86.754649,20.314439],[86.701671,20.284654],[86.693696,20.293931],[86.768321,20.343451],[86.809825,20.415107],[86.796153,20.437323],[86.788748,20.390123],[86.769786,20.400702],[86.72047,20.368476],[86.72462,20.431952],[86.751475,20.489163],[86.923188,20.621731],[86.976248,20.637885],[87.003591,20.65705],[87.043224,20.697984],[86.994884,20.670722],[86.986501,20.684394],[86.940196,20.697984],[86.961192,20.712836],[86.988617,20.70425],[86.998709,20.711127],[87.000011,20.728217],[86.986583,20.751858],[86.910655,20.756415],[86.889334,20.764472],[86.878754,20.780585],[86.916515,20.788072],[86.953868,20.780585],[86.965668,20.805976],[86.952159,20.849107],[86.844005,21.082221],[86.83725,21.174709],[86.866954,21.256049],[86.917654,21.327379],[87.063731,21.475002],[87.113048,21.507961],[87.200938,21.551988],[87.256114,21.561998],[87.293468,21.553656],[87.341807,21.562405],[87.404959,21.586656]],[[97.871837,9.379584],[97.840017,9.404283],[97.835297,9.412055],[97.843598,9.424954],[97.85727,9.428697],[97.868419,9.420396],[97.87615,9.390204],[97.871837,9.379584]],[[98.057465,9.796861],[98.037608,9.790717],[98.018321,9.794908],[98.008067,9.80744],[98.015391,9.826402],[98.030284,9.833401],[98.046072,9.827948],[98.056895,9.814358],[98.057465,9.796861]],[[73.646332,10.084703],[73.640961,10.069322],[73.632579,10.057278],[73.633311,10.077867],[73.643891,10.09455],[73.646332,10.084703]],[[73.662283,10.144599],[73.657888,10.139065],[73.654633,10.141506],[73.65561,10.144761],[73.662283,10.144599]],[[98.228689,10.519965],[98.221853,10.498114],[98.207367,10.483466],[98.192719,10.482408],[98.185313,10.501166],[98.189708,10.51557],[98.233653,10.529364],[98.228689,10.519965]],[[72.64975,10.56684],[72.63852,10.559394],[72.627452,10.554755],[72.648611,10.573961],[72.64975,10.56684]],[[72.548839,10.779446],[72.548757,10.779324],[72.541189,10.772895],[72.540863,10.776516],[72.548839,10.779446]],[[73.671397,10.829739],[73.681244,10.82807],[73.684418,10.827541],[73.672862,10.824693],[73.671397,10.829739]],[[98.429535,10.977729],[98.432872,10.993598],[98.451427,11.001939],[98.452891,10.986274],[98.440278,10.965562],[98.432953,10.965033],[98.429535,10.977729]],[[72.750011,11.119086],[72.744965,11.109524],[72.739513,11.108832],[72.739513,11.113959],[72.750011,11.119086]],[[73.013194,11.502183],[73.010916,11.490139],[73.005626,11.479641],[73.004405,11.496487],[73.013194,11.502183]],[[72.716156,11.694159],[72.705251,11.687323],[72.700938,11.686428],[72.705089,11.692328],[72.716156,11.694159]],[[97.464529,11.782457],[97.459239,11.7862],[97.444347,11.800238],[97.462901,11.799791],[97.479666,11.777981],[97.464529,11.782457]],[[93.872813,12.268866],[93.85377,12.260565],[93.851899,12.271552],[93.860606,12.281195],[93.872813,12.268866]],[[97.836925,12.772447],[97.835297,12.792792],[97.841807,12.805813],[97.852794,12.806545],[97.868012,12.774807],[97.863536,12.766832],[97.836925,12.772447]],[[94.280935,13.443549],[94.290782,13.422919],[94.274913,13.420315],[94.261892,13.429267],[94.280935,13.443549]],[[95.177419,5.628363],[95.141775,5.66413],[95.135753,5.646308],[95.109141,5.622016],[95.111583,5.611884],[95.156261,5.594794],[95.171397,5.607245],[95.191091,5.608466],[95.177419,5.628363]],[[95.115245,5.711493],[95.122081,5.704657],[95.058279,5.75731],[95.033946,5.759914],[95.014659,5.744615],[95.012706,5.735826],[95.023123,5.732001],[95.06072,5.732001],[95.048676,5.718451],[95.057302,5.700914],[95.047862,5.689643],[95.06072,5.68358],[95.06072,5.656236],[95.094737,5.68358],[95.122081,5.669257],[95.133311,5.691311],[95.126964,5.702053],[95.115245,5.711493]],[[95.341807,5.89643],[95.324962,5.898017],[95.29713,5.858588],[95.283865,5.857408],[95.247813,5.905219],[95.21461,5.910102],[95.213552,5.902533],[95.231456,5.869289],[95.252696,5.854967],[95.27296,5.807074],[95.302745,5.785712],[95.33839,5.779202],[95.350434,5.783637],[95.355317,5.795152],[95.355479,5.827582],[95.382823,5.807074],[95.382823,5.841864],[95.341807,5.89643]],[[93.920258,7.024319],[93.887055,7.089301],[93.865001,7.20067],[93.830821,7.235907],[93.813975,7.241848],[93.772146,7.211737],[93.76531,7.219143],[93.73463,7.205512],[93.717296,7.18769],[93.676443,7.181871],[93.649669,7.119615],[93.649181,7.013088],[93.664561,7.026516],[93.703624,7.006293],[93.71754,6.992621],[93.748057,6.92357],[93.76531,6.924302],[93.766124,6.901109],[93.779552,6.890204],[93.775727,6.867377],[93.793224,6.849189],[93.784434,6.836412],[93.813731,6.808295],[93.812673,6.753974],[93.834239,6.745551],[93.859386,6.804267],[93.889903,6.800971],[93.903087,6.808295],[93.904145,6.819241],[93.889415,6.841783],[93.893565,6.876776],[93.929861,6.959052],[93.928722,7.012356],[93.920258,7.024319]],[[93.731212,7.369371],[93.699474,7.398749],[93.696951,7.445054],[93.667247,7.382758],[93.61671,7.367255],[93.606944,7.326402],[93.594005,7.314765],[93.615082,7.287421],[93.617931,7.259955],[93.628184,7.253323],[93.644216,7.257514],[93.67921,7.298326],[93.728526,7.337104],[93.731212,7.369371]],[[81.73878,7.660468],[81.787364,7.593451],[81.787364,7.496812],[81.807791,7.479193],[81.822602,7.49136],[81.823253,7.511379],[81.806326,7.598578],[81.725108,7.739936],[81.725108,7.69892],[81.73878,7.660468]],[[93.429454,7.955268],[93.401215,7.967963],[93.391368,8.01557],[93.370291,8.01732],[93.322602,8.002102],[93.305024,7.949937],[93.31365,7.929185],[93.332693,7.924954],[93.340668,7.931708],[93.348155,7.924872],[93.340343,7.901272],[93.354259,7.883287],[93.367849,7.878607],[93.421235,7.891791],[93.454438,7.869289],[93.459809,7.910793],[93.429454,7.955268]],[[93.565929,7.999335],[93.54835,8.020087],[93.540294,8.016181],[93.539317,7.999335],[93.520763,8.004381],[93.511485,7.99551],[93.510753,7.98017],[93.518321,7.965806],[93.573985,7.924872],[93.565929,7.999335]],[[98.41863,7.903754],[98.401541,7.935777],[98.398123,7.972642],[98.41863,7.99315],[98.41863,8.027289],[98.438487,8.065741],[98.439138,8.082506],[98.422618,8.099311],[98.405528,8.082506],[98.360118,8.118842],[98.343516,8.109198],[98.330089,8.170478],[98.311534,8.185533],[98.281423,8.191799],[98.290212,8.130113],[98.274425,8.069322],[98.281423,8.003079],[98.265961,7.973782],[98.274099,7.953681],[98.254161,7.92829],[98.281423,7.917426],[98.28533,7.903754],[98.267751,7.890082],[98.281423,7.855943],[98.29184,7.777493],[98.309093,7.767727],[98.32309,7.770941],[98.343923,7.832913],[98.362315,7.832424],[98.398123,7.815009],[98.399669,7.864569],[98.431814,7.874945],[98.439789,7.886623],[98.431651,7.917426],[98.41863,7.903754]],[[93.531912,8.034735],[93.537608,8.057318],[93.505219,8.14704],[93.531016,8.193752],[93.531668,8.213202],[93.523448,8.225816],[93.504649,8.226996],[93.48585,8.22012],[93.446544,8.164496],[93.446625,8.154364],[93.466319,8.074408],[93.479747,8.063218],[93.492198,8.063625],[93.497813,8.082506],[93.516938,8.0633],[93.514822,8.05622],[93.497813,8.061998],[93.495616,8.049384],[93.480805,8.040513],[93.484386,7.991889],[93.494965,7.996283],[93.514903,8.027655],[93.531912,8.034735]],[[73.077159,8.315253],[73.073009,8.295396],[73.04835,8.267564],[73.029307,8.259996],[73.029307,8.274359],[73.022472,8.274359],[73.024099,8.255439],[73.044688,8.252427],[73.066091,8.270453],[73.083995,8.308458],[73.077159,8.315253]],[[93.134532,8.24018],[93.104015,8.27558],[93.10141,8.345771],[93.083751,8.355902],[93.064301,8.336127],[93.059581,8.291409],[93.065766,8.268134],[93.10255,8.221503],[93.153494,8.205512],[93.167328,8.204535],[93.17628,8.212877],[93.173025,8.221259],[93.134532,8.24018]],[[93.607677,8.548041],[93.607677,8.569159],[93.594981,8.55801],[93.607677,8.507066],[93.60141,8.438178],[93.609711,8.438422],[93.618337,8.453925],[93.628184,8.486558],[93.607677,8.548041]],[[79.714122,9.075629],[79.758962,9.067043],[79.799815,9.048977],[79.885753,8.976223],[79.909679,8.973212],[79.85434,9.04149],[79.916515,9.020982],[79.882335,9.053778],[79.841645,9.077216],[79.7588,9.103583],[79.714122,9.103583],[79.701182,9.099189],[79.698009,9.089586],[79.714122,9.075629]],[[98.295665,9.145168],[98.273285,9.15998],[98.24822,9.150092],[98.240489,9.048977],[98.254242,9.036811],[98.274181,9.035956],[98.309337,9.048977],[98.302013,9.055162],[98.323009,9.076239],[98.317393,9.117133],[98.295665,9.145168]],[[92.811373,9.23117],[92.763031,9.264146],[92.750987,9.261217],[92.754405,9.244452],[92.745128,9.229071],[92.713878,9.213446],[92.708507,9.201606],[92.720225,9.147121],[92.731212,9.130845],[92.799565,9.110154],[92.831981,9.145025],[92.833849,9.202359],[92.811373,9.23117]],[[79.730805,9.50019],[79.719249,9.524359],[79.67628,9.53498],[79.658702,9.555365],[79.655772,9.503892],[79.666026,9.491278],[79.714692,9.485053],[79.730805,9.50019]],[[79.895844,9.617499],[79.926524,9.629462],[79.957774,9.617174],[79.977875,9.624335],[79.973399,9.633775],[79.933604,9.654731],[79.926443,9.678941],[79.902843,9.678941],[79.894705,9.688178],[79.888438,9.723619],[79.894054,9.757392],[79.882335,9.760891],[79.860525,9.756252],[79.840668,9.699408],[79.864919,9.651516],[79.895844,9.617499]],[[98.411632,9.768297],[98.411632,9.774563],[98.384939,9.727932],[98.398123,9.706244],[98.416677,9.733466],[98.411632,9.768297]],[[98.295665,10.048896],[98.295665,10.05565],[98.254405,10.06269],[98.23463,10.054185],[98.17156,10.007961],[98.148204,9.970364],[98.127452,9.96011],[98.117198,9.882025],[98.120616,9.861314],[98.131196,9.864488],[98.133474,9.845608],[98.17156,9.898098],[98.178966,9.932807],[98.193533,9.931464],[98.243907,9.96011],[98.269216,10.00259],[98.288259,10.007961],[98.294119,10.01911],[98.275157,10.035834],[98.273936,10.048041],[98.295665,10.048896]],[[98.185802,10.121161],[98.185802,10.04206],[98.201427,10.118069],[98.233653,10.144477],[98.227794,10.15526],[98.240489,10.172349],[98.196056,10.193183],[98.178966,10.192857],[98.185232,10.176825],[98.17156,10.148139],[98.185802,10.121161]],[[97.911469,10.494534],[97.896251,10.487535],[97.893403,10.470771],[97.904063,10.439276],[97.889415,10.419989],[97.893809,10.405992],[97.910167,10.401923],[97.931895,10.412014],[97.917735,10.433051],[97.93336,10.433743],[97.943533,10.443793],[97.925059,10.474066],[97.902599,10.479315],[97.911469,10.494534]],[[98.493663,10.891099],[98.491466,10.866685],[98.5,10.838398831700813]],[[98.5,10.797101943925231],[98.5,10.792590897031126]],[[98.5,10.888074144714865],[98.493663,10.891099]],[[92.585092,10.771269],[92.567981,10.815301],[92.56506,10.849308],[92.527592,10.895466],[92.482796,10.885622],[92.428966,10.850816],[92.41542,10.798863],[92.407265,10.789891],[92.376721,10.78402],[92.379486,10.672122],[92.408917,10.647055],[92.417003,10.629059],[92.402557,10.575206],[92.378057,10.541329],[92.384111,10.529328],[92.406466,10.529266],[92.421788,10.546203],[92.444139,10.545143],[92.479558,10.516073],[92.513027,10.507969],[92.535423,10.524861],[92.574213,10.580624],[92.54176,10.59172],[92.539835,10.620669],[92.595908,10.678364],[92.598059,10.709302],[92.586986,10.736294],[92.585092,10.771269]],[[97.890391,10.884955],[97.894542,10.864244],[97.883556,10.84455],[97.927745,10.871975],[97.951834,10.919094],[97.911957,10.924262],[97.896332,10.913275],[97.890391,10.884955]],[[98.267751,10.837144],[98.231781,10.870266],[98.222016,10.926663],[98.20574,10.960028],[98.171886,10.978664],[98.14088,10.977444],[98.131196,10.946357],[98.112966,10.934027],[98.077403,10.888088],[98.08961,10.878119],[98.100271,10.882025],[98.131033,10.902899],[98.146739,10.924506],[98.165294,10.919094],[98.17156,10.884955],[98.178966,10.898586],[98.198741,10.881659],[98.216319,10.859849],[98.219981,10.840888],[98.240489,10.830959],[98.233653,10.768256],[98.255544,10.746405],[98.240489,10.734687],[98.233653,10.740953],[98.232188,10.708319],[98.236827,10.697333],[98.250743,10.693101],[98.267833,10.696519],[98.295665,10.734687],[98.28297,10.756537],[98.295665,10.781928],[98.276378,10.784491],[98.267751,10.837144]],[[98.5,11.018673832915567],[98.478363,10.993354],[98.477061,10.9737],[98.48585,10.955878],[98.5,10.949791889139863]],[[98.275157,11.248033],[98.281423,11.275946],[98.219981,11.26911],[98.243175,11.242987],[98.247325,11.214504],[98.279552,11.223212],[98.302013,11.241197],[98.29835,11.248603],[98.275157,11.248033]],[[92.676524,11.412543],[92.6963,11.454413],[92.675059,11.490424],[92.654145,11.508124],[92.63559,11.508043],[92.627615,11.477362],[92.637218,11.430162],[92.631196,11.416246],[92.600841,11.406317],[92.593516,11.378363],[92.63502,11.357896],[92.673188,11.367336],[92.69988,11.384426],[92.676524,11.412543]],[[92.266775,11.589545],[92.217296,11.59809],[92.230235,11.577338],[92.234548,11.540351],[92.252126,11.529242],[92.273204,11.531073],[92.285004,11.544013],[92.286876,11.563178],[92.278087,11.583808],[92.266775,11.589545]],[[98.278331,11.799791],[98.267751,11.741441],[98.233653,11.666409],[98.240489,11.624823],[98.222911,11.61758],[98.216807,11.598944],[98.202647,11.589179],[98.201671,11.569078],[98.213145,11.553412],[98.187511,11.53498],[98.199474,11.488227],[98.184093,11.472642],[98.165294,11.473944],[98.165294,11.453518],[98.176524,11.449164],[98.219981,11.453518],[98.201996,11.466254],[98.226817,11.473944],[98.223481,11.488837],[98.233653,11.501899],[98.260916,11.46776],[98.267751,11.488227],[98.275157,11.48078],[98.283539,11.509426],[98.282563,11.566352],[98.295665,11.591254],[98.287852,11.610907],[98.302013,11.673245],[98.300304,11.704779],[98.323009,11.731269],[98.306651,11.777411],[98.29184,11.798896],[98.278331,11.799791]],[[98.5,11.798366675875403],[98.445323,11.803616],[98.45281,11.789252],[98.370779,11.789252],[98.382091,11.77619],[98.413097,11.773383],[98.379893,11.750922],[98.381358,11.73135],[98.405528,11.707953],[98.382091,11.704169],[98.379405,11.691107],[98.391287,11.662991],[98.41863,11.63227],[98.415701,11.604438],[98.423839,11.599066],[98.431651,11.604926],[98.432384,11.566718],[98.441905,11.564114],[98.458995,11.583808],[98.46518,11.574897],[98.5,11.563558683392293]],[[98.055431,11.701117],[98.074718,11.713365],[98.082286,11.734687],[98.057953,11.729071],[98.052257,11.776028],[98.013927,11.816596],[98.013927,11.864976],[97.999766,11.841783],[98.011892,11.787258],[98.007091,11.761949],[98.022472,11.755805],[98.028331,11.71719],[98.024425,11.707953],[98.011729,11.704739],[98.034353,11.686835],[98.057384,11.653144],[98.08961,11.63227],[98.061697,11.673245],[98.067719,11.691067],[98.055431,11.701117]],[[97.664399,11.905951],[97.643565,11.880357],[97.642833,11.867662],[97.65089,11.84455],[97.671886,11.837714],[97.666677,11.86343],[97.678477,11.887885],[97.664399,11.905951]],[[98.254161,11.85814],[98.273692,11.853339],[98.289073,11.882392],[98.284841,11.896064],[98.265391,11.908515],[98.256521,11.902533],[98.254161,11.85814]],[[98.267751,11.933905],[98.260916,11.971137],[98.23585,11.968329],[98.227061,11.953925],[98.246104,11.925442],[98.267751,11.933905]],[[93.042491,11.961168],[93.018565,12.015815],[93.025401,12.031562],[93.014659,12.037177],[92.980724,12.036322],[92.947032,11.989691],[92.990571,11.954413],[93.024913,11.940131],[93.049327,11.896145],[93.066417,11.899115],[93.042491,11.961168]],[[98.5,12.036319316340027],[98.439138,12.112006],[98.430919,12.100653],[98.440278,12.015367],[98.470958,11.988105],[98.473155,11.977973],[98.459727,11.933661],[98.478038,11.890937],[98.5,11.890050182627732]],[[93.103282,12.190497],[93.091075,12.20425],[93.073253,12.200832],[93.059337,12.153551],[93.064301,12.127143],[93.094249,12.090969],[93.103282,12.102037],[93.094981,12.15176],[93.103282,12.190497]],[[98.096446,12.187161],[98.116954,12.221259],[98.12379,12.259467],[98.108246,12.284654],[98.07252,12.289537],[98.046153,12.26203],[98.034353,12.221259],[98.039399,12.207343],[98.076671,12.161933],[98.11671,12.165473],[98.137462,12.138739],[98.131847,12.198554],[98.096446,12.187161]],[[98.065278,12.365302],[98.087738,12.360053],[98.104503,12.383043],[98.090587,12.422309],[98.075938,12.427395],[98.06365,12.397773],[98.045584,12.389065],[98.041759,12.358466],[98.013927,12.358466],[98.005382,12.367336],[98.023448,12.398749],[98.017833,12.402655],[97.939952,12.366278],[97.938162,12.337958],[97.966075,12.358466],[97.971039,12.344875],[97.948416,12.323798],[97.945567,12.310045],[97.982432,12.306383],[98.000255,12.269029],[98.010509,12.310045],[98.048025,12.330512],[98.065278,12.365302]],[[98.5,12.512902327166096],[98.488536,12.493313],[98.474294,12.424994],[98.482107,12.41059],[98.5,12.4073454438949]],[[98.254161,12.567613],[98.233653,12.553656],[98.230235,12.516995],[98.236827,12.50609],[98.260509,12.495266],[98.282888,12.503852],[98.289887,12.526313],[98.256847,12.574205],[98.254161,12.567613]],[[97.822765,12.58747],[97.833995,12.570746],[97.829438,12.557074],[97.840831,12.556871],[97.849946,12.537258],[97.861827,12.559801],[97.849946,12.594631],[97.822765,12.58747]],[[98.466319,12.583726],[98.450938,12.60399],[98.438162,12.587388],[98.425466,12.529731],[98.398123,12.58747],[98.405528,12.638983],[98.387462,12.65766],[98.333018,12.67121],[98.315603,12.687445],[98.302013,12.646308],[98.302745,12.598578],[98.314138,12.55329],[98.333018,12.519232],[98.315603,12.495592],[98.336111,12.450914],[98.315603,12.365302],[98.302013,12.337958],[98.349946,12.325914],[98.391287,12.361518],[98.455821,12.45775],[98.470225,12.517524],[98.466319,12.583726]],[[92.733084,12.97248],[92.722504,12.985785],[92.708344,12.988674],[92.682791,12.961737],[92.670258,12.867662],[92.682791,12.797309],[92.694672,12.803778],[92.697113,12.838202],[92.724376,12.872382],[92.737478,12.961737],[92.733084,12.97248]],[[98.295665,13.084662],[98.268809,13.19892],[98.261485,13.214342],[98.247325,13.215033],[98.240489,13.139309],[98.302013,12.913316],[98.314301,12.925523],[98.302013,13.029446],[98.336436,13.073879],[98.318533,13.091376],[98.295665,13.084662]],[[93.052745,13.283881],[93.025564,13.316148],[93.004568,13.311835],[92.990489,13.317816],[92.977061,13.345364],[92.984386,13.356431],[92.995128,13.357367],[93.003673,13.348619],[93.004242,13.331041],[93.046886,13.357408],[93.057872,13.38288],[93.07838,13.397121],[93.080089,13.413031],[93.059581,13.406806],[93.053722,13.471422],[93.066417,13.537095],[93.049978,13.566392],[93.016287,13.567369],[93.011729,13.578111],[93.004568,13.562201],[93.011729,13.550767],[92.997325,13.546698],[92.984386,13.557603],[92.949718,13.544623],[92.942882,13.509223],[92.89503,13.454576],[92.891368,13.400946],[92.847423,13.344916],[92.841156,13.324897],[92.854177,13.310614],[92.849864,13.289008],[92.864024,13.2355],[92.842784,13.226996],[92.844737,13.186998],[92.833669,13.174018],[92.854177,13.146064],[92.8296,13.103461],[92.807953,13.020087],[92.834727,13.002021],[92.813243,12.958075],[92.813243,12.90648],[92.800304,12.857815],[92.785655,12.840033],[92.765391,12.84512],[92.737478,12.807196],[92.747732,12.692694],[92.754731,12.677191],[92.783214,12.664984],[92.778982,12.652655],[92.754731,12.649563],[92.72169,12.599433],[92.717784,12.362494],[92.733653,12.318061],[92.778494,12.310126],[92.792654,12.296373],[92.7942,12.283189],[92.7588,12.276557],[92.758556,12.265937],[92.7824,12.248603],[92.792654,12.207668],[92.784028,12.189358],[92.727794,12.172838],[92.719493,12.176256],[92.720958,12.226549],[92.713064,12.232571],[92.697113,12.207668],[92.681814,12.219631],[92.640147,12.136135],[92.641856,12.036322],[92.621349,11.987942],[92.629405,11.943752],[92.617686,11.8664],[92.607677,11.882799],[92.614513,11.899115],[92.594737,11.898749],[92.570567,11.932603],[92.539724,11.894436],[92.524913,11.857489],[92.528087,11.845893],[92.566661,11.827135],[92.563243,11.725572],[92.579845,11.714179],[92.60377,11.718899],[92.61964,11.651313],[92.648692,11.638495],[92.645681,11.629828],[92.621349,11.618598],[92.625662,11.595404],[92.633556,11.582587],[92.654633,11.573798],[92.658946,11.546291],[92.689708,11.51557],[92.713145,11.50731],[92.71697,11.494452],[92.735118,11.523871],[92.747569,11.597846],[92.765391,11.618598],[92.761485,11.663642],[92.746104,11.683743],[92.736013,11.68244],[92.731212,11.652737],[92.710704,11.659573],[92.710704,11.621731],[92.696788,11.611233],[92.682791,11.61518],[92.68393,11.649888],[92.722911,11.693793],[92.754731,11.701117],[92.76002,11.708686],[92.79949,11.899115],[92.787934,11.934516],[92.761974,11.940131],[92.753754,11.931586],[92.744884,11.878648],[92.737478,11.878648],[92.740571,11.983629],[92.765391,12.02204],[92.758556,12.02204],[92.763682,12.030951],[92.792654,12.036322],[92.757498,12.07746],[92.799327,12.089545],[92.80893,12.095771],[92.806407,12.10456],[92.833669,12.118232],[92.827403,12.140123],[92.874522,12.183743],[92.872569,12.201483],[92.894216,12.205024],[92.879893,12.243598],[92.901866,12.269029],[92.900157,12.283189],[92.879242,12.312974],[92.91505,12.338365],[92.901866,12.344794],[92.894054,12.368109],[92.863617,12.385484],[92.84669,12.433539],[92.901866,12.433539],[92.89503,12.454657],[92.936046,12.419908],[92.93865,12.438137],[92.970225,12.468329],[92.955903,12.477444],[92.990571,12.519232],[92.989024,12.592108],[92.972911,12.628119],[92.990489,12.724311],[92.984386,12.745103],[92.956554,12.783026],[92.968028,12.803168],[92.964041,12.864936],[92.932628,12.89289],[92.92449,12.914374],[92.915538,12.919582],[92.896332,12.899726],[92.876313,12.916653],[92.905284,12.982245],[92.927419,12.981024],[92.936046,12.954291],[92.952647,12.970771],[92.956228,12.981676],[92.928396,13.027493],[92.937022,13.067084],[92.956554,13.064154],[92.956554,13.084662],[92.964041,13.084662],[92.964041,13.036851],[92.97934,13.029527],[92.990571,13.043687],[93.019542,13.033637],[93.036794,13.062161],[93.052745,13.133043],[93.056895,13.224799],[93.079438,13.259833],[93.052745,13.283881]],[[93.039073,13.667467],[93.033214,13.680243],[92.990571,13.667467],[93.052745,13.640204],[93.039073,13.667467]],[[97.931895,13.85928],[97.918712,13.853258],[97.917735,13.783596],[97.925059,13.783596],[97.938162,13.851793],[97.931895,13.85928]],[[93.396007,14.140448],[93.39031,14.153754],[93.374848,14.064683],[93.394786,14.076361],[93.400157,14.095649],[93.396007,14.140448]],[[93.675792,14.859198],[93.69044,14.8581],[93.704438,14.870998],[93.724376,14.913804],[93.703868,14.904446],[93.675792,14.859198]],[[97.664399,15.565579],[97.65089,15.592231],[97.664399,15.504096],[97.672374,15.533352],[97.664399,15.565579]],[[94.827973,15.932034],[94.823253,15.945787],[94.806814,15.931098],[94.759288,15.85224],[94.724864,15.811957],[94.777843,15.791571],[94.803722,15.796576],[94.841563,15.877427],[94.827973,15.932034]],[[94.66212,16.221869],[94.642833,16.24551],[94.611583,16.221747],[94.518809,16.120429],[94.485362,16.058987],[94.389659,16.000922],[94.382335,15.969631],[94.417247,15.871772],[94.40268,15.83926],[94.410167,15.83926],[94.433116,15.869615],[94.440929,15.885403],[94.436778,15.900702],[94.478363,15.942328],[94.478038,15.966132],[94.569591,16.005194],[94.629649,16.075181],[94.654633,16.121975],[94.667491,16.171942],[94.66212,16.221869]],[[97.589366,16.415269],[97.610606,16.446234],[97.606293,16.483547],[97.56186,16.492377],[97.520518,16.510891],[97.486013,16.500963],[97.459646,16.477362],[97.466156,16.467027],[97.452159,16.449408],[97.454763,16.436916],[97.472667,16.408433],[97.484874,16.363918],[97.482758,16.342027],[97.469249,16.332709],[97.459269,16.301362],[97.510509,16.254218],[97.516857,16.209823],[97.547461,16.199928],[97.571364,16.222693],[97.568858,16.29857],[97.589366,16.340155],[97.589366,16.415269]],[[93.745372,18.799994],[93.751638,18.840888],[93.742442,18.872301],[93.663341,18.873196],[93.621755,18.910346],[93.599864,18.890448],[93.577159,18.881903],[93.484141,18.874986],[93.497813,18.840888],[93.645274,18.679348],[93.693126,18.673774],[93.731944,18.689683],[93.746837,18.708808],[93.759044,18.755561],[93.745372,18.799994]],[[93.970714,19.416938],[93.880219,19.479193],[93.858084,19.482489],[93.819998,19.471503],[93.723643,19.556383],[93.688162,19.559475],[93.649181,19.513129],[93.656586,19.497382],[93.641775,19.492011],[93.669119,19.446479],[93.730479,19.419257],[93.738048,19.403266],[93.725352,19.386868],[93.749848,19.333319],[93.773774,19.298774],[93.802745,19.276679],[93.856944,19.278876],[93.864919,19.282864],[93.862804,19.307766],[93.875173,19.31391],[93.889415,19.299628],[93.917166,19.318305],[93.940196,19.348619],[93.965831,19.363023],[93.970714,19.416938]],[[93.505219,19.807318],[93.505219,19.872219],[93.49879,19.88703],[93.470551,19.905219],[93.442638,19.938137],[93.422048,19.951361],[93.402843,19.95307],[93.440684,19.81094],[93.456798,19.788764],[93.511974,19.745836],[93.516856,19.777167],[93.505219,19.807318]],[[92.964041,20.036689],[92.946462,20.070502],[92.922699,20.087633],[92.911957,20.084703],[92.909434,20.06509],[93.001231,19.906643],[93.018565,19.827826],[93.024913,19.827826],[93.014659,19.905585],[92.964041,20.036689]],[[88.872895,21.595526],[88.841319,21.614],[88.830821,21.577379],[88.838715,21.531928],[88.862478,21.523586],[88.90797,21.530707],[88.911306,21.566881],[88.902029,21.580268],[88.872895,21.595526]],[[91.935557,21.759996],[91.935557,21.781155],[91.901215,21.774319],[91.909516,21.726793],[91.903331,21.702867],[91.887706,21.684963],[91.902843,21.730292],[91.89796,21.743313],[91.872325,21.754828],[91.853526,21.725816],[91.847911,21.688788],[91.874034,21.581855],[91.871104,21.547675],[91.855235,21.519477],[91.862559,21.49494],[91.877126,21.481024],[91.899669,21.486029],[91.894542,21.506781],[91.961111,21.506171],[91.970225,21.523586],[91.983897,21.609198],[91.974864,21.648749],[91.938731,21.71483],[91.935557,21.759996]],[[88.050548,21.70539],[88.042247,21.668158],[88.051768,21.641588],[88.130056,21.625922],[88.139415,21.630316],[88.144379,21.657782],[88.132579,21.684963],[88.163422,21.705471],[88.167003,21.765448],[88.146739,21.869859],[88.119314,21.859524],[88.090017,21.808661],[88.050548,21.70539]],[[89.115733,21.781155],[89.092784,21.793402],[89.067638,21.904364],[89.057384,21.91767],[89.045665,21.91706],[89.063813,21.841457],[89.06422,21.822089],[89.051524,21.793199],[89.102306,21.736762],[89.132498,21.721625],[89.144705,21.739325],[89.139008,21.766832],[89.115733,21.781155]],[[88.636241,21.921373],[88.598643,21.869859],[88.584972,21.826606],[88.591807,21.804389],[88.646332,21.787909],[88.649181,21.842353],[88.670584,21.907416],[88.650157,21.927436],[88.636241,21.921373]],[[91.887706,21.866156],[91.867198,21.931952],[91.843435,21.906968],[91.83253,21.876695],[91.839854,21.825507],[91.823985,21.742621],[91.83253,21.725816],[91.887706,21.866156]],[[88.080903,21.849351],[88.104991,21.861151],[88.125011,21.888658],[88.132579,21.920478],[88.118907,21.945014],[88.105724,21.947577],[88.094249,21.937893],[88.077322,21.904608],[88.071056,21.873603],[88.072276,21.856757],[88.080903,21.849351]],[[90.593516,21.986558],[90.521983,21.938788],[90.510427,21.897854],[90.531505,21.876695],[90.503591,21.869859],[90.503591,21.862454],[90.521251,21.861477],[90.540782,21.875922],[90.565603,21.91767],[90.580821,21.912502],[90.590831,21.935126],[90.606619,21.938788],[90.593516,21.966132],[90.593516,21.986558]],[[90.332205,21.938788],[90.318614,21.892808],[90.322927,21.843899],[90.341563,21.860297],[90.365489,21.938707],[90.390636,21.978258],[90.394298,22.00023],[90.37143,21.994778],[90.332205,21.938788]],[[90.387462,22.048041],[90.373871,22.045559],[90.358653,22.022691],[90.33961,21.972317],[90.381114,22.023098],[90.387462,22.048041]],[[90.435232,22.041205],[90.428477,22.048041],[90.415538,22.038316],[90.411876,21.97602],[90.394298,21.938788],[90.402354,21.906887],[90.415538,21.900539],[90.476329,21.945014],[90.486176,21.976793],[90.473318,22.003648],[90.435232,22.041205]],[[90.544444,22.061672],[90.503591,22.024115],[90.509044,21.999416],[90.519542,21.994696],[90.538341,22.00023],[90.559744,22.023749],[90.586192,22.130561],[90.593516,22.102607],[90.613455,22.164049],[90.592784,22.15941],[90.57252,22.137397],[90.560069,22.137681],[90.533458,22.110053],[90.503103,22.09634],[90.49171,22.080146],[90.483653,22.03498],[90.538341,22.068508],[90.544444,22.061672]],[[90.941742,22.205024],[90.935557,22.21247],[90.920258,22.160061],[90.9192,22.132148],[90.929373,22.116889],[90.948985,22.121649],[90.956716,22.144843],[90.956716,22.198879],[90.951182,22.21247],[90.941742,22.205024]],[[90.97641,22.185777],[90.987804,22.19538],[90.997813,22.235093],[90.996918,22.253485],[90.982921,22.259182],[90.97641,22.185777]],[[90.952891,22.226752],[90.990082,22.281399],[90.994395,22.302069],[90.989513,22.340766],[90.97641,22.363349],[90.960216,22.322984],[90.956716,22.277655],[90.937185,22.232733],[90.952891,22.226752]],[[91.148847,22.357057],[91.092257,22.391338],[91.074801,22.38859],[91.068274,22.240733],[91.059093,22.192043],[91.005111,22.116822],[91.022472,22.094875],[91.063294,22.089848],[91.093689,22.118859],[91.141468,22.146201],[91.186785,22.227757],[91.171397,22.319648],[91.15645,22.332079],[91.148847,22.357057]],[[90.61964,22.42475],[90.640147,22.349677],[90.633311,22.349677],[90.640147,22.308743],[90.646739,22.326077],[90.640391,22.366034],[90.647472,22.383775],[90.661143,22.355902],[90.658702,22.379543],[90.633149,22.431627],[90.614431,22.449042],[90.601573,22.44831],[90.60141,22.429185],[90.61964,22.42475]],[[90.647472,22.42475],[90.667328,22.439032],[90.665294,22.469143],[90.653494,22.483466],[90.647472,22.42475]],[[91.158619,22.503423],[91.123562,22.489146],[91.11371,22.461415],[91.134163,22.44948],[91.159533,22.450674],[91.201017,22.472196],[91.21083,22.495521],[91.199988,22.514694],[91.158619,22.503423]],[[91.467557,22.58631],[91.446765,22.576304],[91.423786,22.525302],[91.446517,22.453242],[91.476052,22.413317],[91.507519,22.396797],[91.555179,22.402031],[91.563633,22.435621],[91.556361,22.47821],[91.467557,22.58631]],[[90.790553,22.495333],[90.76694,22.517531],[90.746979,22.596907],[90.684095,22.694373],[90.650564,22.787421],[90.613455,22.781684],[90.58546,22.768052],[90.556326,22.674709],[90.558767,22.602932],[90.574962,22.598863],[90.647472,22.548285],[90.681814,22.445258],[90.677745,22.426703],[90.687999,22.377631],[90.678477,22.282782],[90.631847,22.182115],[90.622244,22.145087],[90.633311,22.123114],[90.607758,22.072333],[90.603526,22.044013],[90.610037,22.024115],[90.625987,22.027167],[90.681814,22.102607],[90.639415,22.016099],[90.647472,21.994045],[90.691661,22.007025],[90.717784,22.048407],[90.750011,22.075995],[90.757335,22.061672],[90.77475,22.075914],[90.827891,22.152411],[90.836192,22.178168],[90.835022,22.339616],[90.855024,22.434665],[90.790553,22.495333]],[[90.645254,22.849289],[90.592296,22.881903],[90.544444,22.880683],[90.537608,22.866767],[90.473399,22.865139],[90.463145,22.834052],[90.464203,22.778876],[90.45574,22.767401],[90.492849,22.753241],[90.49822,22.733832],[90.520993,22.711765],[90.534612,22.728775],[90.531559,22.769237],[90.590956,22.813919],[90.678233,22.808336],[90.645254,22.849289]],[[90.667328,22.95303],[90.586192,23.034898],[90.56129,23.03262],[90.528005,23.007636],[90.508067,22.975775],[90.524099,22.95303],[90.599132,22.959174],[90.636241,22.921332],[90.667328,22.918199],[90.633311,22.95303],[90.667328,22.95303]],[[90.510427,23.069037],[90.45574,23.062812],[90.469493,23.007636],[90.515636,23.051947],[90.510427,23.069037]],[[90.524099,23.322252],[90.529552,23.333564],[90.586192,23.301744],[90.577647,23.323635],[90.539399,23.350002],[90.45574,23.384955],[90.429698,23.385159],[90.426606,23.375963],[90.437266,23.361802],[90.487071,23.319037],[90.506114,23.314195],[90.524099,23.322252]],[[72.912852,5.034084],[72.910167,5.032701],[72.90919,5.030585],[72.909434,5.030788],[72.912852,5.034084]],[[72.927745,5.036526],[72.927094,5.033922],[72.924327,5.033026],[72.927745,5.036526]],[[73.04477,5.121812],[73.043468,5.118842],[73.04127,5.118394],[73.04477,5.121812]],[[73.049083,5.133287],[73.051443,5.126654],[73.047618,5.12637],[73.045258,5.128892],[73.049083,5.133287]],[[73.091319,5.161363],[73.090994,5.158515],[73.087738,5.157945],[73.091319,5.161363]],[[73.103852,5.173041],[73.107107,5.170966],[73.110525,5.170315],[73.104177,5.172919],[73.103852,5.173041]],[[72.860118,5.237942],[72.859223,5.2355],[72.856619,5.234442],[72.860118,5.237942]],[[73.131847,5.244574],[73.131847,5.242499],[73.128429,5.241156],[73.131847,5.244574]],[[73.499766,5.246894],[73.497244,5.245022],[73.493826,5.245998],[73.499766,5.246894]],[[73.593598,5.282701],[73.582856,5.27558],[73.569998,5.27676],[73.582042,5.281806],[73.593598,5.282701]],[[73.112804,5.29857],[73.109223,5.296698],[73.109223,5.295152],[73.112641,5.298448],[73.112804,5.29857]],[[73.470225,5.307766],[73.467052,5.308336],[73.464203,5.30683],[73.470144,5.307725],[73.470225,5.307766]],[[73.629568,5.332831],[73.627208,5.331122],[73.623302,5.331855],[73.629568,5.332831]],[[73.646658,5.343248],[73.643403,5.34394],[73.639903,5.34219],[73.646495,5.343248],[73.646658,5.343248]],[[72.953136,5.352769],[72.952403,5.350084],[72.949555,5.349311],[72.953136,5.352769]],[[73.397472,5.362209],[73.398692,5.359605],[73.401215,5.356147],[73.396169,5.357123],[73.397472,5.362209]],[[73.323253,5.368232],[73.32488,5.366767],[73.330089,5.366848],[73.319184,5.362942],[73.323253,5.368232]],[[73.350759,5.42768],[73.347504,5.428778],[73.344574,5.426744],[73.3449,5.426825],[73.350759,5.42768]],[[73.537446,5.451402],[73.534923,5.449856],[73.531261,5.450426],[73.537446,5.451402]],[[73.362966,5.46308],[73.363129,5.459377],[73.360688,5.457831],[73.362966,5.46308]],[[72.943126,5.467597],[72.940278,5.462144],[72.938243,5.461493],[72.937022,5.465562],[72.943126,5.467597]],[[73.01588,5.492865],[73.013031,5.487454],[73.010997,5.486802],[73.009776,5.490912],[73.01588,5.492865]],[[73.462413,5.543606],[73.459321,5.541734],[73.456309,5.54267],[73.462413,5.543606]],[[73.005626,5.713324],[73.002289,5.707099],[72.999766,5.706977],[72.99879,5.711982],[73.005626,5.713324]],[[72.949392,6.349799],[72.953949,6.345608],[72.953136,6.343492],[72.948497,6.344428],[72.949392,6.349799]],[[72.892589,6.452094],[72.897227,6.447903],[72.896332,6.445787],[72.89088,6.448228],[72.892589,6.452094]],[[72.172699,10.809231],[72.200043,10.864447],[72.200043,10.878119],[72.179047,10.8487],[72.172699,10.809231]],[[72.789073,11.261664],[72.770356,11.203681],[72.775401,11.186591],[72.795584,11.257229],[72.789073,11.261664]],[[67.375499,24.06273],[67.393403,24.028062],[67.426931,24.007514],[67.453949,24.013414],[67.46518,24.040595],[67.485362,24.048529],[67.458018,24.06273],[67.390391,24.049262],[67.375499,24.06273]],[[73.629568,5.418524],[73.636729,5.402899],[73.632498,5.386054],[73.627778,5.413275],[73.629568,5.418524]],[[73.005626,5.463202],[73.002615,5.457587],[73.000987,5.456244],[72.999034,5.461086],[73.005626,5.463202]],[[72.883962,5.494086],[72.881114,5.488471],[72.879161,5.48786],[72.877696,5.492133],[72.883962,5.494086]],[[73.019054,5.617825],[73.016124,5.61225],[73.014008,5.611558],[73.012869,5.615709],[73.019054,5.617825]],[[73.014659,5.676988],[73.011892,5.671536],[73.009776,5.670844],[73.008556,5.675035],[73.014659,5.676988]],[[73.392833,5.737698],[73.380707,5.714586],[73.379568,5.715155],[73.382579,5.722113],[73.392833,5.737698]],[[72.986827,5.770738],[72.98585,5.76557],[72.982758,5.762519],[72.986827,5.770738]],[[73.382335,5.794989],[73.384532,5.786933],[73.380707,5.784125],[73.376801,5.78734],[73.382335,5.794989]],[[72.976573,5.813625],[72.975108,5.804551],[72.975108,5.804429],[72.971039,5.810452],[72.976573,5.813625]],[[73.44988,5.840766],[73.433767,5.830878],[73.433442,5.830715],[73.443126,5.841254],[73.44988,5.840766]],[[72.963634,5.864325],[72.963715,5.86404],[72.966482,5.850246],[72.961925,5.856676],[72.963634,5.864325]],[[73.429047,5.911363],[73.428477,5.904446],[73.42628,5.903266],[73.423188,5.906887],[73.429047,5.911363]],[[72.931651,5.969062],[72.930186,5.956936],[72.925792,5.963284],[72.931651,5.969062]],[[73.389822,5.970282],[73.395333,5.957802],[73.384532,5.964748],[73.389822,5.970282]],[[72.915701,5.98135],[72.912852,5.976304],[72.909841,5.977932],[72.909679,5.982123],[72.915701,5.98135]],[[73.250743,6.083401],[73.249034,6.079535],[73.245453,6.079779],[73.250743,6.083401]],[[73.252126,6.111233],[73.248871,6.110175],[73.246837,6.107733],[73.251964,6.111151],[73.252126,6.111233]],[[73.22047,6.132066],[73.219005,6.129299],[73.21518,6.128567],[73.22047,6.132066]],[[73.270274,6.156928],[73.267263,6.150946],[73.265147,6.150621],[73.265391,6.153551],[73.270274,6.156928]],[[73.219086,6.172349],[73.215831,6.17121],[73.214041,6.168769],[73.218923,6.172268],[73.219086,6.172349]],[[73.270844,6.189439],[73.270844,6.189358],[73.268077,6.178697],[73.265961,6.185004],[73.270844,6.189439]],[[73.03419,6.222357],[73.030447,6.221015],[73.028982,6.218817],[73.029145,6.21898],[73.03419,6.222357]],[[73.24171,6.239691],[73.243907,6.231635],[73.240245,6.228949],[73.236339,6.232123],[73.24171,6.239691]],[[73.128429,6.286851],[73.12615,6.284003],[73.122895,6.283352],[73.128429,6.286851]],[[73.21518,6.294827],[73.209321,6.286851],[73.208751,6.286444],[73.213064,6.289211],[73.21518,6.294827]],[[73.083344,6.30858],[73.081391,6.305609],[73.078136,6.30508],[73.083344,6.30858]],[[73.197032,6.32746],[73.201915,6.32217],[73.20102,6.318264],[73.194184,6.321601],[73.197032,6.32746]],[[73.124522,6.332506],[73.120942,6.331041],[73.119314,6.328925],[73.124197,6.332261],[73.124522,6.332506]],[[73.187266,6.350775],[73.18214,6.34634],[73.180186,6.347113],[73.181,6.34984],[73.187266,6.350775]],[[73.020518,6.368964],[73.024913,6.364814],[73.024181,6.362698],[73.019298,6.363593],[73.020518,6.368964]],[[72.690929,6.411607],[72.687185,6.407416],[72.685883,6.40648],[72.685883,6.411607],[72.690929,6.411607]],[[72.902843,6.440172],[72.907481,6.43594],[72.906586,6.433824],[72.902029,6.43476],[72.902843,6.440172]],[[73.048813,6.441342],[73.043142,6.433702],[73.046235,6.436265],[73.048813,6.441342]],[[72.962087,6.559027],[72.958018,6.554348],[72.955821,6.555325],[72.956798,6.560004],[72.962087,6.559027]],[[72.924001,6.565253],[72.928722,6.561103],[72.927745,6.558905],[72.923106,6.559882],[72.924001,6.565253]],[[73.029959,6.582343],[73.030447,6.576077],[73.028168,6.575181],[73.025564,6.57925],[73.029959,6.582343]],[[73.04477,6.621894],[73.040701,6.617174],[73.038422,6.61815],[73.039399,6.62287],[73.04477,6.621894]],[[73.069509,6.667955],[73.061778,6.660956],[73.062266,6.666897],[73.069509,6.667955]],[[73.105968,6.709947],[73.100434,6.699774],[73.095876,6.698432],[73.09669,6.706122],[73.105968,6.709947]],[[73.036632,6.759711],[73.036876,6.753485],[73.034679,6.75259],[73.031993,6.756578],[73.036632,6.759711]],[[72.918468,6.763983],[72.914317,6.759223],[72.912283,6.760159],[72.913259,6.764879],[72.918468,6.763983]],[[73.159516,6.786526],[73.135997,6.741197],[73.131684,6.725043],[73.152843,6.749213],[73.166515,6.780341],[73.159516,6.786526]],[[73.181651,6.830512],[73.197276,6.828111],[73.183767,6.821112],[73.181651,6.830512]],[[72.995779,6.841498],[72.991547,6.836737],[72.989431,6.837633],[72.990245,6.842434],[72.995779,6.841498]],[[73.144379,6.843411],[73.14031,6.83869],[73.138031,6.839667],[73.139008,6.844428],[73.144379,6.843411]],[[72.976085,6.852851],[72.976329,6.846666],[72.974132,6.845852],[72.971528,6.849758],[72.976085,6.852851]],[[73.098155,6.8522],[73.094005,6.847561],[73.091807,6.848334],[73.092947,6.853095],[73.098155,6.8522]],[[72.964692,6.860663],[72.960623,6.856024],[72.958344,6.857001],[72.959239,6.86164],[72.964692,6.860663]],[[73.106212,6.896715],[73.106619,6.890448],[73.10434,6.889553],[73.101736,6.893541],[73.106212,6.896715]],[[73.214041,6.918606],[73.213064,6.904608],[73.203949,6.884955],[73.201915,6.902248],[73.214041,6.918606]],[[72.925955,6.957424],[72.92628,6.953803],[72.924585,6.951704],[72.925955,6.957424]],[[73.198497,6.97134],[73.194672,6.951239],[73.193207,6.950995],[73.191905,6.967597],[73.198497,6.97134]],[[72.891938,6.991034],[72.891938,6.987698],[72.890473,6.985419],[72.891938,6.991034]],[[72.979747,7.027737],[72.979747,7.027533],[72.981456,7.013983],[72.977306,7.019029],[72.979747,7.027737]],[[72.949962,7.056545],[72.947765,7.0539],[72.948497,7.050849],[72.949962,7.056423],[72.949962,7.056545]],[[72.912852,7.092719],[72.912852,7.092597],[72.911876,7.083197],[72.906586,7.09101],[72.912852,7.092719]],[[72.8838,7.107245],[72.884532,7.103705],[72.882498,7.10163],[72.8838,7.107245]],[[97.869965,9.425238],[97.84962,9.442125],[97.853282,9.461371],[97.871837,9.473049],[97.895274,9.467353],[97.900157,9.45307],[97.894786,9.438707],[97.869884,9.440741],[97.869965,9.425238]],[[98.288422,9.004462],[98.260916,9.012926],[98.252208,8.997016],[98.250987,8.918443],[98.261567,8.878567],[98.270518,8.877183],[98.306977,8.957913],[98.310883,8.978176],[98.288422,9.004462]]]}}]}