date,location_id,latitude,longitude,region_type,temperature_max,temperature_min,relative_humidity,wind_speed,precipitation,pressure
2015-01-01,PUNE_01,18.5204,73.8567,plains,23.6,16.7,75,9.3,0.6,946.8
2015-01-02,PUNE_01,18.5204,73.8567,plains,25.1,14.2,73,13.5,0.0,949.1
2015-01-03,PUNE_01,18.5204,73.8567,plains,25.3,16.4,68,7.1,0.0,951.1
2015-01-04,PUNE_01,18.5204,73.8567,plains,26.1,15.5,71,15.8,0.0,951.7
2015-01-05,PUNE_01,18.5204,73.8567,plains,27.3,15.2,69,14.3,0.0,951.7
2015-01-06,PUNE_01,18.5204,73.8567,plains,28.3,15.9,64,8.1,0.0,951.6
2015-01-07,PUNE_01,18.5204,73.8567,plains,28.9,16.7,60,11.9,0.0,951.1
2015-01-08,PUNE_01,18.5204,73.8567,plains,27.9,14.9,53,13.7,0.0,951.4
2015-01-09,PUNE_01,18.5204,73.8567,plains,27.3,12.6,42,12.0,0.0,952.7
2015-01-10,PUNE_01,18.5204,73.8567,plains,27.5,13.0,38,10.8,0.0,953.0
2015-01-11,PUNE_01,18.5204,73.8567,plains,28.2,13.2,38,11.6,0.0,952.8
2015-01-12,PUNE_01,18.5204,73.8567,plains,27.7,12.5,41,12.2,0.0,952.2
2015-01-13,PUNE_01,18.5204,73.8567,plains,28.1,14.7,40,9.2,0.0,951.2
2015-01-14,PUNE_01,18.5204,73.8567,plains,28.9,14.8,43,9.6,0.0,950.3
2015-01-15,PUNE_01,18.5204,73.8567,plains,28.2,14.0,48,10.2,0.0,950.4
2015-01-16,PUNE_01,18.5204,73.8567,plains,28.1,13.6,45,10.7,0.0,951.3
2015-01-17,PUNE_01,18.5204,73.8567,plains,28.0,14.3,45,10.5,0.0,951.8
2015-01-18,PUNE_01,18.5204,73.8567,plains,28.6,14.6,50,9.4,0.0,951.6
2015-01-19,PUNE_01,18.5204,73.8567,plains,29.1,16.0,57,11.0,0.0,950.7
2015-01-20,PUNE_01,18.5204,73.8567,plains,28.1,14.3,58,12.4,0.0,951.9
2015-01-21,PUNE_01,18.5204,73.8567,plains,28.9,15.1,60,12.1,0.0,953.4
2015-01-22,PUNE_01,18.5204,73.8567,plains,28.4,16.4,67,14.0,0.0,953.7
2015-01-23,PUNE_01,18.5204,73.8567,plains,27.5,16.3,70,9.4,0.0,952.0
2015-01-24,PUNE_01,18.5204,73.8567,plains,29.2,17.4,62,10.5,0.0,951.9
2015-01-25,PUNE_01,18.5204,73.8567,plains,28.6,18.5,63,10.6,0.0,952.9
2015-01-26,PUNE_01,18.5204,73.8567,plains,28.1,17.4,61,9.9,0.0,952.4
2015-01-27,PUNE_01,18.5204,73.8567,plains,29.5,17.1,60,10.9,0.0,951.0
2015-01-28,PUNE_01,18.5204,73.8567,plains,29.4,15.4,63,10.8,0.0,949.6
2015-01-29,PUNE_01,18.5204,73.8567,plains,29.2,16.1,63,8.8,0.0,950.7
2015-01-30,PUNE_01,18.5204,73.8567,plains,29.2,15.8,60,15.3,0.0,953.1
2015-01-31,PUNE_01,18.5204,73.8567,plains,29.7,15.6,54,13.4,0.0,952.9
2015-02-01,PUNE_01,18.5204,73.8567,plains,30.7,18.4,50,8.7,0.0,952.1
2015-02-02,PUNE_01,18.5204,73.8567,plains,31.5,17.2,49,13.6,0.0,952.2
2015-02-03,PUNE_01,18.5204,73.8567,plains,30.4,16.8,50,13.6,0.0,954.5
2015-02-04,PUNE_01,18.5204,73.8567,plains,30.7,16.6,40,16.5,0.0,954.4
2015-02-05,PUNE_01,18.5204,73.8567,plains,30.1,17.2,36,13.0,0.0,952.5
2015-02-06,PUNE_01,18.5204,73.8567,plains,30.2,15.6,37,13.9,0.0,951.8
2015-02-07,PUNE_01,18.5204,73.8567,plains,30.8,17.3,53,16.5,0.0,950.9
2015-02-08,PUNE_01,18.5204,73.8567,plains,28.7,14.5,54,9.3,0.0,950.9
2015-02-09,PUNE_01,18.5204,73.8567,plains,30.2,15.1,43,15.5,0.0,951.0
2015-02-10,PUNE_01,18.5204,73.8567,plains,31.4,16.6,52,15.0,1.1,951.5
2015-02-11,PUNE_01,18.5204,73.8567,plains,30.1,16.8,53,10.7,0.0,951.5
2015-02-12,PUNE_01,18.5204,73.8567,plains,30.2,18.2,52,9.1,0.0,951.1
2015-02-13,PUNE_01,18.5204,73.8567,plains,31.2,18.0,50,9.4,0.0,951.0
2015-02-14,PUNE_01,18.5204,73.8567,plains,31.9,18.4,46,8.9,0.0,950.3
2015-02-15,PUNE_01,18.5204,73.8567,plains,32.9,19.2,41,10.7,0.0,950.3
2015-02-16,PUNE_01,18.5204,73.8567,plains,33.8,19.8,37,8.7,0.0,951.3
2015-02-17,PUNE_01,18.5204,73.8567,plains,33.9,19.5,43,13.6,0.0,951.0
2015-02-18,PUNE_01,18.5204,73.8567,plains,32.8,15.5,41,15.8,0.0,949.5
2015-02-19,PUNE_01,18.5204,73.8567,plains,31.9,17.3,50,10.4,0.0,949.4
2015-02-20,PUNE_01,18.5204,73.8567,plains,32.6,17.6,47,11.4,0.0,950.1
2015-02-21,PUNE_01,18.5204,73.8567,plains,32.6,17.6,38,16.0,0.0,950.7
2015-02-22,PUNE_01,18.5204,73.8567,plains,33.1,18.2,39,14.2,0.0,951.6
2015-02-23,PUNE_01,18.5204,73.8567,plains,33.2,19.5,35,12.4,0.0,951.5
2015-02-24,PUNE_01,18.5204,73.8567,plains,33.6,19.5,45,10.1,0.0,950.0
2015-02-25,PUNE_01,18.5204,73.8567,plains,32.8,17.7,55,14.9,0.0,948.9
2015-02-26,PUNE_01,18.5204,73.8567,plains,31.8,17.9,53,16.3,0.0,948.3
2015-02-27,PUNE_01,18.5204,73.8567,plains,30.9,16.3,42,15.5,0.0,948.2
2015-02-28,PUNE_01,18.5204,73.8567,plains,28.7,16.1,68,16.9,30.7,948.1
2015-03-01,PUNE_01,18.5204,73.8567,plains,23.4,16.1,83,18.2,19.3,947.1
2015-03-02,PUNE_01,18.5204,73.8567,plains,24.6,15.6,76,19.2,1.2,950.1
2015-03-03,PUNE_01,18.5204,73.8567,plains,24.3,14.1,72,8.5,0.0,950.6
2015-03-04,PUNE_01,18.5204,73.8567,plains,25.8,13.1,64,10.5,0.0,949.9
2015-03-05,PUNE_01,18.5204,73.8567,plains,29.1,14.1,57,11.2,0.0,950.5
2015-03-06,PUNE_01,18.5204,73.8567,plains,30.6,16.5,57,9.7,0.0,951.9
2015-03-07,PUNE_01,18.5204,73.8567,plains,30.6,15.7,49,9.7,0.0,951.4
2015-03-08,PUNE_01,18.5204,73.8567,plains,31.5,17.2,48,9.5,0.0,951.2
2015-03-09,PUNE_01,18.5204,73.8567,plains,31.6,18.0,53,10.8,0.0,952.4
2015-03-10,PUNE_01,18.5204,73.8567,plains,31.2,18.2,68,16.1,1.6,952.8
2015-03-11,PUNE_01,18.5204,73.8567,plains,30.7,18.9,75,11.5,2.4,952.6
2015-03-12,PUNE_01,18.5204,73.8567,plains,31.9,18.8,58,16.1,0.4,952.8
2015-03-13,PUNE_01,18.5204,73.8567,plains,32.8,17.9,61,12.0,2.0,951.1
2015-03-14,PUNE_01,18.5204,73.8567,plains,32.1,19.2,63,12.8,1.7,951.7
2015-03-15,PUNE_01,18.5204,73.8567,plains,30.4,20.1,72,17.2,0.0,951.9
2015-03-16,PUNE_01,18.5204,73.8567,plains,30.8,17.1,67,14.1,0.0,952.8
2015-03-17,PUNE_01,18.5204,73.8567,plains,32.8,17.4,55,12.8,0.0,951.9
2015-03-18,PUNE_01,18.5204,73.8567,plains,33.5,18.4,43,10.5,0.0,949.9
2015-03-19,PUNE_01,18.5204,73.8567,plains,34.9,18.7,48,16.4,0.0,950.2
2015-03-20,PUNE_01,18.5204,73.8567,plains,35.1,20.9,52,11.9,0.0,951.0
2015-03-21,PUNE_01,18.5204,73.8567,plains,35.7,22.0,50,8.8,0.2,951.9
2015-03-22,PUNE_01,18.5204,73.8567,plains,36.4,21.5,53,11.0,0.1,951.6
2015-03-23,PUNE_01,18.5204,73.8567,plains,36.2,22.1,49,7.7,0.0,950.2
2015-03-24,PUNE_01,18.5204,73.8567,plains,37.3,21.2,46,9.4,0.0,949.2
2015-03-25,PUNE_01,18.5204,73.8567,plains,37.5,22.7,42,14.7,0.0,949.4
2015-03-26,PUNE_01,18.5204,73.8567,plains,37.1,23.1,57,9.0,0.0,951.1
2015-03-27,PUNE_01,18.5204,73.8567,plains,36.5,22.9,61,9.8,0.0,951.8
2015-03-28,PUNE_01,18.5204,73.8567,plains,36.4,21.7,62,10.2,1.1,950.6
2015-03-29,PUNE_01,18.5204,73.8567,plains,34.2,23.5,64,9.7,1.9,949.4
2015-03-30,PUNE_01,18.5204,73.8567,plains,34.2,21.6,55,11.9,2.0,949.2
2015-03-31,PUNE_01,18.5204,73.8567,plains,35.2,20.7,38,17.4,0.0,949.5
2015-04-01,PUNE_01,18.5204,73.8567,plains,35.4,19.7,29,15.5,0.0,949.1
2015-04-02,PUNE_01,18.5204,73.8567,plains,36.0,18.7,44,16.8,0.0,948.5
2015-04-03,PUNE_01,18.5204,73.8567,plains,33.8,20.3,45,16.6,0.0,948.0
2015-04-04,PUNE_01,18.5204,73.8567,plains,34.2,18.0,40,18.2,0.0,946.7
2015-04-05,PUNE_01,18.5204,73.8567,plains,35.3,17.6,52,17.0,0.0,946.7
2015-04-06,PUNE_01,18.5204,73.8567,plains,36.6,18.8,52,17.4,0.0,946.4
2015-04-07,PUNE_01,18.5204,73.8567,plains,36.0,17.8,52,15.5,0.0,947.2
2015-04-08,PUNE_01,18.5204,73.8567,plains,36.9,20.2,58,15.3,0.0,948.5
2015-04-09,PUNE_01,18.5204,73.8567,plains,37.3,21.1,59,13.7,0.0,948.9
2015-04-10,PUNE_01,18.5204,73.8567,plains,34.9,22.8,65,13.4,1.3,949.7
2015-04-11,PUNE_01,18.5204,73.8567,plains,33.2,22.3,71,13.4,4.4,950.1
2015-04-12,PUNE_01,18.5204,73.8567,plains,33.2,20.3,62,20.1,0.0,950.8
2015-04-13,PUNE_01,18.5204,73.8567,plains,31.7,18.6,64,16.2,0.5,950.5
2015-04-14,PUNE_01,18.5204,73.8567,plains,30.4,18.9,67,13.5,0.0,949.1
2015-04-15,PUNE_01,18.5204,73.8567,plains,32.4,19.2,64,16.7,0.0,949.3
2015-04-16,PUNE_01,18.5204,73.8567,plains,32.4,20.9,59,13.8,0.0,951.2
2015-04-17,PUNE_01,18.5204,73.8567,plains,36.0,21.7,59,12.6,0.0,950.3
2015-04-18,PUNE_01,18.5204,73.8567,plains,37.9,20.6,56,15.9,0.0,947.8
2015-04-19,PUNE_01,18.5204,73.8567,plains,39.6,22.6,48,12.6,0.0,947.5
2015-04-20,PUNE_01,18.5204,73.8567,plains,38.5,24.0,49,14.1,0.0,948.9
2015-04-21,PUNE_01,18.5204,73.8567,plains,38.5,24.3,62,14.4,1.4,949.3
2015-04-22,PUNE_01,18.5204,73.8567,plains,37.0,24.8,64,14.8,2.9,948.9
2015-04-23,PUNE_01,18.5204,73.8567,plains,36.1,24.2,64,15.9,0.2,949.2
2015-04-24,PUNE_01,18.5204,73.8567,plains,36.2,22.4,55,19.6,0.0,949.3
2015-04-25,PUNE_01,18.5204,73.8567,plains,36.6,19.4,54,17.9,0.0,948.1
2015-04-26,PUNE_01,18.5204,73.8567,plains,38.2,20.0,55,19.6,0.0,948.5
2015-04-27,PUNE_01,18.5204,73.8567,plains,38.6,20.9,56,15.8,0.0,949.5
2015-04-28,PUNE_01,18.5204,73.8567,plains,38.2,22.4,55,17.4,0.3,949.7
2015-04-29,PUNE_01,18.5204,73.8567,plains,38.6,22.1,52,18.7,0.0,948.6
2015-04-30,PUNE_01,18.5204,73.8567,plains,37.9,21.6,56,18.1,0.0,949.5
2015-05-01,PUNE_01,18.5204,73.8567,plains,37.8,21.3,51,17.4,0.0,948.9
2015-05-02,PUNE_01,18.5204,73.8567,plains,39.8,21.1,55,19.8,0.0,948.3
2015-05-03,PUNE_01,18.5204,73.8567,plains,38.9,22.6,53,18.9,0.0,948.3
2015-05-04,PUNE_01,18.5204,73.8567,plains,39.8,21.7,49,20.3,0.1,948.0
2015-05-05,PUNE_01,18.5204,73.8567,plains,38.6,23.2,55,12.9,1.2,948.3
2015-05-06,PUNE_01,18.5204,73.8567,plains,38.2,24.3,54,16.1,1.4,947.8
2015-05-07,PUNE_01,18.5204,73.8567,plains,38.7,22.9,53,13.6,0.8,948.2
2015-05-08,PUNE_01,18.5204,73.8567,plains,39.2,23.8,53,13.2,0.5,948.0
2015-05-09,PUNE_01,18.5204,73.8567,plains,39.0,24.7,50,16.6,2.0,946.8
2015-05-10,PUNE_01,18.5204,73.8567,plains,38.6,24.1,43,13.2,0.5,947.1
2015-05-11,PUNE_01,18.5204,73.8567,plains,38.5,23.9,43,14.0,0.1,947.4
2015-05-12,PUNE_01,18.5204,73.8567,plains,38.6,24.2,57,13.6,2.6,948.1
2015-05-13,PUNE_01,18.5204,73.8567,plains,36.1,24.4,63,12.1,1.7,947.8
2015-05-14,PUNE_01,18.5204,73.8567,plains,31.7,24.6,62,9.4,1.1,948.3
2015-05-15,PUNE_01,18.5204,73.8567,plains,35.3,25.1,66,10.8,3.2,948.2
2015-05-16,PUNE_01,18.5204,73.8567,plains,36.3,24.5,62,15.3,0.0,946.4
2015-05-17,PUNE_01,18.5204,73.8567,plains,38.9,24.3,57,20.3,0.2,945.2
2015-05-18,PUNE_01,18.5204,73.8567,plains,38.8,23.6,58,19.5,0.0,945.9
2015-05-19,PUNE_01,18.5204,73.8567,plains,36.8,24.0,60,18.2,0.0,946.9
2015-05-20,PUNE_01,18.5204,73.8567,plains,38.2,22.9,61,18.0,0.0,947.8
2015-05-21,PUNE_01,18.5204,73.8567,plains,35.9,23.0,66,18.6,0.0,948.0
2015-05-22,PUNE_01,18.5204,73.8567,plains,37.2,23.0,66,17.3,0.0,947.8
2015-05-23,PUNE_01,18.5204,73.8567,plains,36.3,23.3,65,19.7,0.1,948.0
2015-05-24,PUNE_01,18.5204,73.8567,plains,35.3,23.1,65,19.5,0.1,948.3
2015-05-25,PUNE_01,18.5204,73.8567,plains,34.8,22.9,66,20.0,0.0,948.4
2015-05-26,PUNE_01,18.5204,73.8567,plains,35.5,22.7,66,18.2,0.1,948.6
2015-05-27,PUNE_01,18.5204,73.8567,plains,37.1,22.1,64,19.2,0.0,948.0
2015-05-28,PUNE_01,18.5204,73.8567,plains,37.6,22.2,65,17.1,0.0,946.9
2015-05-29,PUNE_01,18.5204,73.8567,plains,37.1,22.8,66,18.3,1.8,946.8
2015-05-30,PUNE_01,18.5204,73.8567,plains,35.9,24.6,67,11.9,1.9,947.8
2015-05-31,PUNE_01,18.5204,73.8567,plains,37.4,25.1,65,15.8,0.7,946.1
2015-06-01,PUNE_01,18.5204,73.8567,plains,35.1,23.7,65,18.0,0.0,945.5
2015-06-02,PUNE_01,18.5204,73.8567,plains,34.5,21.5,64,17.0,0.0,946.7
2015-06-03,PUNE_01,18.5204,73.8567,plains,36.3,21.5,63,15.7,0.2,946.1
2015-06-04,PUNE_01,18.5204,73.8567,plains,37.2,22.1,62,16.7,0.0,946.0
2015-06-05,PUNE_01,18.5204,73.8567,plains,36.9,24.1,73,12.2,10.0,947.0
2015-06-06,PUNE_01,18.5204,73.8567,plains,34.1,23.9,73,10.7,5.1,946.0
2015-06-07,PUNE_01,18.5204,73.8567,plains,34.0,24.6,74,13.4,9.0,945.2
2015-06-08,PUNE_01,18.5204,73.8567,plains,32.4,24.1,76,15.8,5.6,945.3
2015-06-09,PUNE_01,18.5204,73.8567,plains,33.1,23.5,73,13.8,1.5,946.7
2015-06-10,PUNE_01,18.5204,73.8567,plains,32.1,24.0,74,14.0,2.0,946.1
2015-06-11,PUNE_01,18.5204,73.8567,plains,31.6,23.7,79,13.7,10.7,945.9
2015-06-12,PUNE_01,18.5204,73.8567,plains,28.4,23.6,86,14.8,11.4,945.8
2015-06-13,PUNE_01,18.5204,73.8567,plains,26.4,22.9,90,10.9,11.8,944.7
2015-06-14,PUNE_01,18.5204,73.8567,plains,23.7,22.3,96,12.4,22.5,944.2
2015-06-15,PUNE_01,18.5204,73.8567,plains,25.9,22.2,91,16.3,9.5,944.6
2015-06-16,PUNE_01,18.5204,73.8567,plains,27.8,22.2,88,17.6,4.4,944.1
2015-06-17,PUNE_01,18.5204,73.8567,plains,28.4,22.1,84,15.9,3.4,942.4
2015-06-18,PUNE_01,18.5204,73.8567,plains,28.1,22.7,85,19.3,7.9,942.1
2015-06-19,PUNE_01,18.5204,73.8567,plains,25.0,22.8,93,19.1,11.0,941.2
2015-06-20,PUNE_01,18.5204,73.8567,plains,25.7,23.0,91,23.2,15.1,940.1
2015-06-21,PUNE_01,18.5204,73.8567,plains,26.5,22.8,91,26.4,26.6,938.9
2015-06-22,PUNE_01,18.5204,73.8567,plains,25.1,22.8,91,27.6,23.1,939.6
2015-06-23,PUNE_01,18.5204,73.8567,plains,25.7,22.8,91,29.1,24.1,939.3
2015-06-24,PUNE_01,18.5204,73.8567,plains,26.6,23.4,90,31.1,21.7,941.9
2015-06-25,PUNE_01,18.5204,73.8567,plains,27.4,22.7,86,29.3,5.4,943.0
2015-06-26,PUNE_01,18.5204,73.8567,plains,28.4,22.8,84,27.9,3.3,943.2
2015-06-27,PUNE_01,18.5204,73.8567,plains,28.0,22.9,83,23.1,2.6,944.3
2015-06-28,PUNE_01,18.5204,73.8567,plains,28.3,22.5,82,19.1,1.3,946.5
2015-06-29,PUNE_01,18.5204,73.8567,plains,28.9,22.1,80,18.0,0.7,947.6
2015-06-30,PUNE_01,18.5204,73.8567,plains,27.6,22.4,84,16.9,2.1,947.4
2015-07-01,PUNE_01,18.5204,73.8567,plains,28.1,22.5,81,18.9,0.3,948.1
2015-07-02,PUNE_01,18.5204,73.8567,plains,29.3,22.0,79,19.6,0.0,949.0
2015-07-03,PUNE_01,18.5204,73.8567,plains,29.3,22.1,77,21.2,0.0,949.1
2015-07-04,PUNE_01,18.5204,73.8567,plains,28.3,22.4,79,23.5,0.1,948.7
2015-07-05,PUNE_01,18.5204,73.8567,plains,28.7,22.4,80,24.2,1.0,947.3
2015-07-06,PUNE_01,18.5204,73.8567,plains,28.4,22.3,81,27.6,3.3,945.9
2015-07-07,PUNE_01,18.5204,73.8567,plains,27.5,22.5,84,25.5,4.5,944.7
2015-07-08,PUNE_01,18.5204,73.8567,plains,27.8,22.8,84,23.5,3.8,945.7
2015-07-09,PUNE_01,18.5204,73.8567,plains,28.3,22.8,84,26.4,4.1,946.2
2015-07-10,PUNE_01,18.5204,73.8567,plains,27.3,23.0,84,26.0,5.5,943.8
2015-07-11,PUNE_01,18.5204,73.8567,plains,27.2,22.5,84,24.9,4.3,943.8
2015-07-12,PUNE_01,18.5204,73.8567,plains,28.2,22.7,81,19.8,2.2,945.4
2015-07-13,PUNE_01,18.5204,73.8567,plains,29.0,22.7,80,16.9,0.4,946.0
2015-07-14,PUNE_01,18.5204,73.8567,plains,29.8,22.5,79,18.2,0.8,945.3
2015-07-15,PUNE_01,18.5204,73.8567,plains,29.0,22.7,77,20.2,0.1,943.7
2015-07-16,PUNE_01,18.5204,73.8567,plains,28.6,22.9,81,21.1,3.6,941.9
2015-07-17,PUNE_01,18.5204,73.8567,plains,27.5,22.7,83,23.2,4.3,941.8
2015-07-18,PUNE_01,18.5204,73.8567,plains,27.8,23.0,83,23.7,4.5,943.5
2015-07-19,PUNE_01,18.5204,73.8567,plains,27.1,22.7,85,26.6,5.3,943.9
2015-07-20,PUNE_01,18.5204,73.8567,plains,25.4,22.6,89,20.3,5.5,942.8
2015-07-21,PUNE_01,18.5204,73.8567,plains,25.7,22.8,87,18.4,4.5,943.0
2015-07-22,PUNE_01,18.5204,73.8567,plains,26.0,22.4,89,16.3,5.3,943.3
2015-07-23,PUNE_01,18.5204,73.8567,plains,27.3,22.4,88,17.1,9.0,943.7
2015-07-24,PUNE_01,18.5204,73.8567,plains,27.6,22.6,87,18.7,5.4,945.2
2015-07-25,PUNE_01,18.5204,73.8567,plains,26.7,22.6,86,22.6,5.6,945.3
2015-07-26,PUNE_01,18.5204,73.8567,plains,26.3,22.0,87,22.4,8.3,945.2
2015-07-27,PUNE_01,18.5204,73.8567,plains,25.6,21.8,87,26.0,12.0,946.1
2015-07-28,PUNE_01,18.5204,73.8567,plains,25.7,21.6,87,26.5,9.3,946.6
2015-07-29,PUNE_01,18.5204,73.8567,plains,25.1,21.7,89,25.6,8.5,946.9
2015-07-30,PUNE_01,18.5204,73.8567,plains,26.4,21.5,85,24.0,4.7,947.2
2015-07-31,PUNE_01,18.5204,73.8567,plains,26.1,21.9,85,23.1,4.0,947.2
2015-08-01,PUNE_01,18.5204,73.8567,plains,26.8,22.0,84,23.3,3.6,948.4
2015-08-02,PUNE_01,18.5204,73.8567,plains,26.9,21.6,84,20.6,2.3,948.8
2015-08-03,PUNE_01,18.5204,73.8567,plains,26.1,22.4,84,20.5,2.4,947.5
2015-08-04,PUNE_01,18.5204,73.8567,plains,25.6,22.0,86,22.0,4.0,946.0
2015-08-05,PUNE_01,18.5204,73.8567,plains,23.0,21.8,94,23.0,12.0,945.0
2015-08-06,PUNE_01,18.5204,73.8567,plains,24.6,21.8,93,18.8,8.2,944.2
2015-08-07,PUNE_01,18.5204,73.8567,plains,27.2,22.3,87,19.5,4.8,944.6
2015-08-08,PUNE_01,18.5204,73.8567,plains,27.2,22.2,85,18.4,5.6,945.1
2015-08-09,PUNE_01,18.5204,73.8567,plains,26.3,22.3,91,10.9,7.1,943.6
2015-08-10,PUNE_01,18.5204,73.8567,plains,26.4,22.4,87,14.7,2.0,943.4
2015-08-11,PUNE_01,18.5204,73.8567,plains,27.5,22.1,85,16.6,2.8,945.2
2015-08-12,PUNE_01,18.5204,73.8567,plains,25.0,21.9,94,13.7,11.3,945.7
2015-08-13,PUNE_01,18.5204,73.8567,plains,26.3,22.3,87,16.3,2.2,945.5
2015-08-14,PUNE_01,18.5204,73.8567,plains,27.3,22.3,87,17.9,2.1,945.5
2015-08-15,PUNE_01,18.5204,73.8567,plains,27.2,21.9,86,18.1,2.7,946.7
2015-08-16,PUNE_01,18.5204,73.8567,plains,27.4,21.9,85,16.9,1.6,948.0
2015-08-17,PUNE_01,18.5204,73.8567,plains,27.1,21.9,87,14.8,0.9,946.9
2015-08-18,PUNE_01,18.5204,73.8567,plains,29.1,21.7,81,13.1,0.3,947.7
2015-08-19,PUNE_01,18.5204,73.8567,plains,30.4,21.8,81,14.4,0.0,948.6
2015-08-20,PUNE_01,18.5204,73.8567,plains,29.4,22.1,81,16.5,0.5,948.8
2015-08-21,PUNE_01,18.5204,73.8567,plains,27.7,21.7,83,19.5,1.7,948.4
2015-08-22,PUNE_01,18.5204,73.8567,plains,27.1,22.2,85,21.3,3.8,947.4
2015-08-23,PUNE_01,18.5204,73.8567,plains,26.8,22.4,85,18.1,2.9,947.5
2015-08-24,PUNE_01,18.5204,73.8567,plains,28.0,22.4,82,19.8,3.9,948.4
2015-08-25,PUNE_01,18.5204,73.8567,plains,26.7,21.7,85,15.9,2.0,947.8
2015-08-26,PUNE_01,18.5204,73.8567,plains,27.3,22.0,85,15.1,2.5,946.4
2015-08-27,PUNE_01,18.5204,73.8567,plains,28.0,21.9,85,16.9,1.7,945.8
2015-08-28,PUNE_01,18.5204,73.8567,plains,26.2,22.1,87,13.0,2.3,946.5
2015-08-29,PUNE_01,18.5204,73.8567,plains,26.3,22.1,87,13.6,1.4,946.4
2015-08-30,PUNE_01,18.5204,73.8567,plains,27.5,22.0,85,18.0,2.1,946.8
2015-08-31,PUNE_01,18.5204,73.8567,plains,27.5,21.8,83,16.8,1.7,947.9
2015-09-01,PUNE_01,18.5204,73.8567,plains,28.7,21.5,80,17.7,0.0,947.2
2015-09-02,PUNE_01,18.5204,73.8567,plains,28.7,21.1,79,15.9,0.8,946.6
2015-09-03,PUNE_01,18.5204,73.8567,plains,30.9,19.9,76,13.7,0.0,947.6
2015-09-04,PUNE_01,18.5204,73.8567,plains,31.6,21.5,74,14.2,0.0,950.0
2015-09-05,PUNE_01,18.5204,73.8567,plains,31.8,21.6,77,13.8,0.1,950.6
2015-09-06,PUNE_01,18.5204,73.8567,plains,31.1,22.4,73,15.5,0.0,950.1
2015-09-07,PUNE_01,18.5204,73.8567,plains,30.7,22.0,76,14.6,1.3,949.5
2015-09-08,PUNE_01,18.5204,73.8567,plains,28.0,21.4,78,7.3,0.2,948.9
2015-09-09,PUNE_01,18.5204,73.8567,plains,27.8,21.9,89,11.2,8.6,948.7
2015-09-10,PUNE_01,18.5204,73.8567,plains,28.2,21.8,89,10.9,12.3,948.6
2015-09-11,PUNE_01,18.5204,73.8567,plains,30.2,22.0,86,8.0,14.0,948.1
2015-09-12,PUNE_01,18.5204,73.8567,plains,29.0,22.0,88,12.3,8.1,948.1
2015-09-13,PUNE_01,18.5204,73.8567,plains,29.1,22.0,89,13.1,7.0,948.6
2015-09-14,PUNE_01,18.5204,73.8567,plains,28.5,22.6,89,14.0,8.1,947.7
2015-09-15,PUNE_01,18.5204,73.8567,plains,28.4,22.2,90,13.2,7.0,946.1
2015-09-16,PUNE_01,18.5204,73.8567,plains,27.1,22.5,89,13.6,8.8,945.2
2015-09-17,PUNE_01,18.5204,73.8567,plains,27.0,22.1,88,15.9,1.8,944.3
2015-09-18,PUNE_01,18.5204,73.8567,plains,23.3,22.4,95,18.7,14.0,943.2
2015-09-19,PUNE_01,18.5204,73.8567,plains,27.3,21.9,87,20.4,7.1,944.0
2015-09-20,PUNE_01,18.5204,73.8567,plains,26.6,22.0,86,19.2,2.6,944.4
2015-09-21,PUNE_01,18.5204,73.8567,plains,27.6,21.9,84,22.3,1.1,945.1
2015-09-22,PUNE_01,18.5204,73.8567,plains,28.0,21.8,83,15.5,0.8,946.8
2015-09-23,PUNE_01,18.5204,73.8567,plains,29.1,21.7,82,10.7,1.2,949.2
2015-09-24,PUNE_01,18.5204,73.8567,plains,29.7,21.1,81,13.0,0.1,948.8
2015-09-25,PUNE_01,18.5204,73.8567,plains,29.7,21.5,80,14.3,0.0,947.9
2015-09-26,PUNE_01,18.5204,73.8567,plains,30.3,19.9,74,11.4,0.0,948.1
2015-09-27,PUNE_01,18.5204,73.8567,plains,31.0,18.6,75,9.4,0.0,948.2
2015-09-28,PUNE_01,18.5204,73.8567,plains,31.9,20.6,70,9.3,0.0,947.6
2015-09-29,PUNE_01,18.5204,73.8567,plains,32.2,20.7,65,17.3,0.0,947.4
2015-09-30,PUNE_01,18.5204,73.8567,plains,33.0,22.4,61,19.5,0.0,948.9
2015-10-01,PUNE_01,18.5204,73.8567,plains,32.9,22.2,74,14.2,16.4,949.7
2015-10-02,PUNE_01,18.5204,73.8567,plains,30.6,22.1,86,9.8,13.7,950.9
2015-10-03,PUNE_01,18.5204,73.8567,plains,28.7,22.6,88,11.4,13.1,951.2
2015-10-04,PUNE_01,18.5204,73.8567,plains,28.6,22.7,90,7.1,22.6,950.8
2015-10-05,PUNE_01,18.5204,73.8567,plains,30.2,21.5,86,10.9,8.9,949.3
2015-10-06,PUNE_01,18.5204,73.8567,plains,31.1,22.1,70,16.7,0.0,948.1
2015-10-07,PUNE_01,18.5204,73.8567,plains,31.2,20.8,62,15.4,0.0,948.1
2015-10-08,PUNE_01,18.5204,73.8567,plains,31.8,22.7,60,12.4,0.0,948.0
2015-10-09,PUNE_01,18.5204,73.8567,plains,31.7,22.5,75,9.0,0.1,948.0
2015-10-10,PUNE_01,18.5204,73.8567,plains,30.8,22.4,78,10.5,0.5,948.8
2015-10-11,PUNE_01,18.5204,73.8567,plains,29.7,22.5,85,7.2,18.3,950.2
2015-10-12,PUNE_01,18.5204,73.8567,plains,30.0,21.0,83,7.6,4.8,951.3
2015-10-13,PUNE_01,18.5204,73.8567,plains,31.3,22.0,79,9.5,1.0,951.1
2015-10-14,PUNE_01,18.5204,73.8567,plains,31.6,21.1,68,12.6,0.0,951.3
2015-10-15,PUNE_01,18.5204,73.8567,plains,32.7,22.6,56,12.7,0.0,951.0
2015-10-16,PUNE_01,18.5204,73.8567,plains,32.2,23.0,51,13.4,0.0,951.0
2015-10-17,PUNE_01,18.5204,73.8567,plains,31.9,20.7,62,16.8,0.0,951.3
2015-10-18,PUNE_01,18.5204,73.8567,plains,31.9,22.0,67,12.8,0.0,952.2
2015-10-19,PUNE_01,18.5204,73.8567,plains,32.7,22.2,57,10.9,0.0,951.9
2015-10-20,PUNE_01,18.5204,73.8567,plains,32.9,22.3,59,10.7,0.0,950.4
2015-10-21,PUNE_01,18.5204,73.8567,plains,32.6,23.0,56,12.7,0.0,949.7
2015-10-22,PUNE_01,18.5204,73.8567,plains,33.2,23.1,55,9.7,0.0,950.4
2015-10-23,PUNE_01,18.5204,73.8567,plains,33.6,22.4,55,10.2,0.0,950.5
2015-10-24,PUNE_01,18.5204,73.8567,plains,33.4,23.3,54,12.7,0.0,949.9
2015-10-25,PUNE_01,18.5204,73.8567,plains,32.7,23.2,57,10.0,0.0,950.8
2015-10-26,PUNE_01,18.5204,73.8567,plains,31.3,22.3,58,12.4,0.0,951.9
2015-10-27,PUNE_01,18.5204,73.8567,plains,31.6,22.6,60,8.0,0.0,951.6
2015-10-28,PUNE_01,18.5204,73.8567,plains,32.9,21.5,55,13.8,0.0,950.7
2015-10-29,PUNE_01,18.5204,73.8567,plains,32.8,21.7,60,12.4,0.0,950.2
2015-10-30,PUNE_01,18.5204,73.8567,plains,32.8,21.2,55,10.4,0.0,949.9
2015-10-31,PUNE_01,18.5204,73.8567,plains,32.3,21.5,56,13.7,0.0,949.5
2015-11-01,PUNE_01,18.5204,73.8567,plains,32.0,21.2,54,16.9,0.0,950.1
2015-11-02,PUNE_01,18.5204,73.8567,plains,32.2,19.5,52,14.9,0.0,950.9
2015-11-03,PUNE_01,18.5204,73.8567,plains,32.3,19.3,53,13.7,0.0,951.2
2015-11-04,PUNE_01,18.5204,73.8567,plains,32.1,20.2,56,14.1,0.0,950.8
2015-11-05,PUNE_01,18.5204,73.8567,plains,33.0,20.5,64,11.4,0.2,950.7
2015-11-06,PUNE_01,18.5204,73.8567,plains,32.6,21.4,61,12.1,0.0,950.2
2015-11-07,PUNE_01,18.5204,73.8567,plains,32.4,23.0,48,11.5,0.0,950.6
2015-11-08,PUNE_01,18.5204,73.8567,plains,33.0,21.7,46,12.3,0.0,951.2
2015-11-09,PUNE_01,18.5204,73.8567,plains,32.6,19.7,45,14.8,0.0,950.6
2015-11-10,PUNE_01,18.5204,73.8567,plains,31.6,19.1,45,17.5,0.0,949.8
2015-11-11,PUNE_01,18.5204,73.8567,plains,32.6,19.7,46,23.1,0.0,950.3
2015-11-12,PUNE_01,18.5204,73.8567,plains,33.2,20.3,43,20.5,0.0,951.8
2015-11-13,PUNE_01,18.5204,73.8567,plains,32.7,18.9,43,16.0,0.0,952.5
2015-11-14,PUNE_01,18.5204,73.8567,plains,32.4,18.3,44,18.5,0.0,950.2
2015-11-15,PUNE_01,18.5204,73.8567,plains,32.0,18.8,45,14.0,0.0,949.4
2015-11-16,PUNE_01,18.5204,73.8567,plains,32.3,19.4,45,16.3,0.0,949.0
2015-11-17,PUNE_01,18.5204,73.8567,plains,32.2,20.0,44,15.5,0.0,949.0
2015-11-18,PUNE_01,18.5204,73.8567,plains,31.7,18.0,40,22.0,0.0,950.3
2015-11-19,PUNE_01,18.5204,73.8567,plains,31.0,18.4,39,22.0,0.0,951.1
2015-11-20,PUNE_01,18.5204,73.8567,plains,31.3,19.3,48,21.3,0.0,950.1
2015-11-21,PUNE_01,18.5204,73.8567,plains,29.2,22.2,72,17.9,7.6,950.1
2015-11-22,PUNE_01,18.5204,73.8567,plains,29.3,22.0,83,13.0,7.3,950.1
2015-11-23,PUNE_01,18.5204,73.8567,plains,28.4,21.4,86,12.1,21.1,951.1
2015-11-24,PUNE_01,18.5204,73.8567,plains,28.3,21.4,84,9.5,3.1,951.2
2015-11-25,PUNE_01,18.5204,73.8567,plains,29.5,20.5,80,12.4,2.5,951.1
2015-11-26,PUNE_01,18.5204,73.8567,plains,30.0,20.2,66,9.4,0.0,950.9
2015-11-27,PUNE_01,18.5204,73.8567,plains,30.3,21.5,63,8.4,0.0,949.4
2015-11-28,PUNE_01,18.5204,73.8567,plains,30.5,20.8,69,7.0,0.0,950.5
2015-11-29,PUNE_01,18.5204,73.8567,plains,31.0,19.7,59,11.8,0.0,951.8
2015-11-30,PUNE_01,18.5204,73.8567,plains,30.9,18.7,57,9.7,0.0,952.4
2015-12-01,PUNE_01,18.5204,73.8567,plains,30.4,19.3,65,12.2,0.0,951.3
2015-12-02,PUNE_01,18.5204,73.8567,plains,30.5,19.9,62,9.4,0.0,951.0
2015-12-03,PUNE_01,18.5204,73.8567,plains,30.3,19.7,65,12.3,0.0,951.9
2015-12-04,PUNE_01,18.5204,73.8567,plains,31.2,19.1,55,11.9,0.0,951.3
2015-12-05,PUNE_01,18.5204,73.8567,plains,30.6,17.3,56,13.4,0.0,951.3
2015-12-06,PUNE_01,18.5204,73.8567,plains,31.0,17.3,53,18.0,0.0,951.2
2015-12-07,PUNE_01,18.5204,73.8567,plains,30.5,16.7,50,15.1,0.0,951.9
2015-12-08,PUNE_01,18.5204,73.8567,plains,30.3,16.2,50,12.0,0.0,951.8
2015-12-09,PUNE_01,18.5204,73.8567,plains,30.9,15.9,47,11.0,0.0,951.7
2015-12-10,PUNE_01,18.5204,73.8567,plains,31.8,17.7,56,11.5,0.0,951.0
2015-12-11,PUNE_01,18.5204,73.8567,plains,31.3,18.8,64,13.1,0.0,949.9
2015-12-12,PUNE_01,18.5204,73.8567,plains,31.9,18.4,64,11.4,0.0,949.1
2015-12-13,PUNE_01,18.5204,73.8567,plains,32.5,19.8,55,12.7,0.0,949.6
2015-12-14,PUNE_01,18.5204,73.8567,plains,32.4,20.0,51,10.6,0.0,950.4
2015-12-15,PUNE_01,18.5204,73.8567,plains,31.5,19.4,61,10.1,0.0,950.3
2015-12-16,PUNE_01,18.5204,73.8567,plains,31.3,21.0,64,10.1,0.0,950.4
2015-12-17,PUNE_01,18.5204,73.8567,plains,31.9,20.4,55,11.8,0.0,950.0
2015-12-18,PUNE_01,18.5204,73.8567,plains,31.0,18.5,43,13.7,0.0,951.0
2015-12-19,PUNE_01,18.5204,73.8567,plains,31.7,18.5,58,10.9,0.0,952.7
2015-12-20,PUNE_01,18.5204,73.8567,plains,31.0,19.5,67,13.2,0.0,952.6
2015-12-21,PUNE_01,18.5204,73.8567,plains,30.7,18.8,62,16.6,0.0,952.2
2015-12-22,PUNE_01,18.5204,73.8567,plains,28.7,16.2,53,12.3,0.0,953.3
2015-12-23,PUNE_01,18.5204,73.8567,plains,29.7,16.8,43,10.1,0.0,953.4
2015-12-24,PUNE_01,18.5204,73.8567,plains,28.2,13.8,48,13.0,0.0,953.1
2015-12-25,PUNE_01,18.5204,73.8567,plains,27.4,13.2,38,14.0,0.0,954.0
2015-12-26,PUNE_01,18.5204,73.8567,plains,27.0,11.7,35,13.5,0.0,954.3
2015-12-27,PUNE_01,18.5204,73.8567,plains,28.6,12.2,35,14.4,0.0,954.8
2015-12-28,PUNE_01,18.5204,73.8567,plains,31.1,15.2,34,20.3,0.0,955.7
2015-12-29,PUNE_01,18.5204,73.8567,plains,31.9,15.0,34,16.6,0.0,954.7
2015-12-30,PUNE_01,18.5204,73.8567,plains,32.1,17.1,34,10.4,0.0,953.2
2015-12-31,PUNE_01,18.5204,73.8567,plains,32.0,15.8,37,11.6,0.0,953.8
2016-01-01,PUNE_01,18.5204,73.8567,plains,31.8,16.6,36,10.7,0.0,955.2
2016-01-02,PUNE_01,18.5204,73.8567,plains,31.3,19.4,37,10.5,0.0,955.8
2016-01-03,PUNE_01,18.5204,73.8567,plains,30.7,18.8,37,9.0,0.0,954.0
2016-01-04,PUNE_01,18.5204,73.8567,plains,30.4,16.2,37,11.4,0.0,953.9
2016-01-05,PUNE_01,18.5204,73.8567,plains,30.0,17.9,42,10.4,0.0,953.2
2016-01-06,PUNE_01,18.5204,73.8567,plains,30.2,18.9,42,9.5,0.0,952.9
2016-01-07,PUNE_01,18.5204,73.8567,plains,29.6,18.1,41,10.1,0.0,953.7
2016-01-08,PUNE_01,18.5204,73.8567,plains,29.6,18.6,47,8.5,0.0,953.8
2016-01-09,PUNE_01,18.5204,73.8567,plains,29.7,18.1,42,9.2,0.0,952.1
2016-01-10,PUNE_01,18.5204,73.8567,plains,29.9,17.0,42,11.6,0.0,952.5
2016-01-11,PUNE_01,18.5204,73.8567,plains,30.0,18.3,41,14.7,0.0,952.8
2016-01-12,PUNE_01,18.5204,73.8567,plains,29.8,18.1,52,11.2,0.0,951.2
2016-01-13,PUNE_01,18.5204,73.8567,plains,29.5,16.9,58,8.7,0.0,950.3
2016-01-14,PUNE_01,18.5204,73.8567,plains,29.5,16.6,59,14.4,0.0,950.3
2016-01-15,PUNE_01,18.5204,73.8567,plains,28.4,14.5,69,11.2,0.0,949.6
2016-01-16,PUNE_01,18.5204,73.8567,plains,28.0,16.6,69,15.0,0.1,949.3
2016-01-17,PUNE_01,18.5204,73.8567,plains,27.3,14.3,63,12.9,0.0,949.0
2016-01-18,PUNE_01,18.5204,73.8567,plains,27.2,14.6,57,15.1,0.0,948.4
2016-01-19,PUNE_01,18.5204,73.8567,plains,26.9,13.6,55,13.4,0.0,949.1
2016-01-20,PUNE_01,18.5204,73.8567,plains,27.2,14.2,42,10.1,0.0,950.9
2016-01-21,PUNE_01,18.5204,73.8567,plains,27.3,12.5,44,15.5,0.0,952.2
2016-01-22,PUNE_01,18.5204,73.8567,plains,28.4,13.9,42,15.4,0.0,952.5
2016-01-23,PUNE_01,18.5204,73.8567,plains,29.1,14.2,44,15.6,0.0,953.0
2016-01-24,PUNE_01,18.5204,73.8567,plains,30.6,16.5,45,12.7,0.0,953.0
2016-01-25,PUNE_01,18.5204,73.8567,plains,30.6,17.6,46,11.9,0.0,951.6
2016-01-26,PUNE_01,18.5204,73.8567,plains,31.7,17.2,45,14.0,0.0,950.9
2016-01-27,PUNE_01,18.5204,73.8567,plains,32.0,16.4,46,13.4,0.0,951.2
2016-01-28,PUNE_01,18.5204,73.8567,plains,32.8,17.9,35,10.5,0.0,951.7
2016-01-29,PUNE_01,18.5204,73.8567,plains,33.0,17.8,36,10.8,0.0,953.0
2016-01-30,PUNE_01,18.5204,73.8567,plains,33.3,19.5,37,10.9,0.0,952.9
2016-01-31,PUNE_01,18.5204,73.8567,plains,33.7,19.5,45,8.6,0.0,952.2
2016-02-01,PUNE_01,18.5204,73.8567,plains,33.4,20.1,44,12.3,0.0,952.7
2016-02-02,PUNE_01,18.5204,73.8567,plains,33.7,18.9,39,12.4,0.0,952.6
2016-02-03,PUNE_01,18.5204,73.8567,plains,33.2,19.4,31,10.7,0.0,952.1
2016-02-04,PUNE_01,18.5204,73.8567,plains,32.4,17.8,36,10.8,0.0,951.3
2016-02-05,PUNE_01,18.5204,73.8567,plains,33.0,16.5,43,13.4,0.0,950.3
2016-02-06,PUNE_01,18.5204,73.8567,plains,30.4,14.7,57,15.7,0.0,949.2
2016-02-07,PUNE_01,18.5204,73.8567,plains,29.8,14.7,59,12.6,0.0,951.5
2016-02-08,PUNE_01,18.5204,73.8567,plains,31.8,16.2,54,10.8,0.0,951.0
2016-02-09,PUNE_01,18.5204,73.8567,plains,33.0,18.6,55,14.4,0.0,950.5
2016-02-10,PUNE_01,18.5204,73.8567,plains,31.1,18.4,58,15.1,0.0,950.2
2016-02-11,PUNE_01,18.5204,73.8567,plains,30.1,17.1,62,17.0,0.0,950.1
2016-02-12,PUNE_01,18.5204,73.8567,plains,29.1,14.7,68,14.5,0.0,950.0
2016-02-13,PUNE_01,18.5204,73.8567,plains,30.6,13.9,60,12.7,0.0,950.7
2016-02-14,PUNE_01,18.5204,73.8567,plains,32.0,17.0,52,11.9,0.0,950.6
2016-02-15,PUNE_01,18.5204,73.8567,plains,32.5,19.3,47,12.6,0.0,951.1
2016-02-16,PUNE_01,18.5204,73.8567,plains,34.2,19.7,48,11.9,0.0,951.2
2016-02-17,PUNE_01,18.5204,73.8567,plains,34.2,20.5,50,11.4,0.0,951.7
2016-02-18,PUNE_01,18.5204,73.8567,plains,34.6,17.7,51,17.1,0.0,951.3
2016-02-19,PUNE_01,18.5204,73.8567,plains,34.2,21.0,60,16.5,0.0,952.8
2016-02-20,PUNE_01,18.5204,73.8567,plains,34.6,21.3,59,11.6,0.0,953.2
2016-02-21,PUNE_01,18.5204,73.8567,plains,35.2,22.3,55,15.1,0.2,952.4
2016-02-22,PUNE_01,18.5204,73.8567,plains,35.5,21.8,40,13.1,0.0,952.2
2016-02-23,PUNE_01,18.5204,73.8567,plains,36.3,21.4,34,14.8,0.0,950.5
2016-02-24,PUNE_01,18.5204,73.8567,plains,32.8,18.7,43,17.3,0.0,949.9
2016-02-25,PUNE_01,18.5204,73.8567,plains,33.0,16.6,49,12.3,0.0,950.6
2016-02-26,PUNE_01,18.5204,73.8567,plains,34.2,18.0,46,10.9,0.0,951.5
2016-02-27,PUNE_01,18.5204,73.8567,plains,35.2,21.1,47,11.2,0.0,952.3
2016-02-28,PUNE_01,18.5204,73.8567,plains,35.4,22.4,54,11.2,0.5,953.3
2016-02-29,PUNE_01,18.5204,73.8567,plains,34.5,23.1,54,10.3,3.2,953.5
2016-03-01,PUNE_01,18.5204,73.8567,plains,32.8,22.4,62,17.1,3.0,952.1
2016-03-02,PUNE_01,18.5204,73.8567,plains,32.7,20.5,68,10.7,3.4,952.4
2016-03-03,PUNE_01,18.5204,73.8567,plains,32.6,20.3,63,8.4,0.9,953.6
2016-03-04,PUNE_01,18.5204,73.8567,plains,32.0,22.0,57,12.8,1.6,952.6
2016-03-05,PUNE_01,18.5204,73.8567,plains,32.8,20.6,54,10.7,0.0,950.7
2016-03-06,PUNE_01,18.5204,73.8567,plains,33.4,20.9,48,14.5,0.0,950.1
2016-03-07,PUNE_01,18.5204,73.8567,plains,34.2,20.1,41,12.3,0.0,949.6
2016-03-08,PUNE_01,18.5204,73.8567,plains,35.0,18.4,45,13.9,0.0,949.1
2016-03-09,PUNE_01,18.5204,73.8567,plains,34.8,20.3,40,11.6,0.0,949.9
2016-03-10,PUNE_01,18.5204,73.8567,plains,36.0,21.2,40,10.5,0.0,950.7
2016-03-11,PUNE_01,18.5204,73.8567,plains,36.6,22.5,41,11.5,0.0,951.1
2016-03-12,PUNE_01,18.5204,73.8567,plains,35.1,20.5,50,15.8,0.0,950.2
2016-03-13,PUNE_01,18.5204,73.8567,plains,32.3,20.0,47,18.4,0.0,950.9
2016-03-14,PUNE_01,18.5204,73.8567,plains,32.4,16.2,56,12.2,0.0,950.9
2016-03-15,PUNE_01,18.5204,73.8567,plains,34.3,18.7,58,16.2,0.0,950.2
2016-03-16,PUNE_01,18.5204,73.8567,plains,34.0,18.3,58,14.3,0.0,949.9
2016-03-17,PUNE_01,18.5204,73.8567,plains,35.4,19.2,52,13.6,0.0,950.5
2016-03-18,PUNE_01,18.5204,73.8567,plains,37.1,20.6,51,16.2,0.0,950.4
2016-03-19,PUNE_01,18.5204,73.8567,plains,37.9,21.7,43,15.1,0.0,950.6
2016-03-20,PUNE_01,18.5204,73.8567,plains,37.5,21.9,35,18.5,0.0,951.4
2016-03-21,PUNE_01,18.5204,73.8567,plains,36.5,22.0,35,18.6,0.0,950.8
2016-03-22,PUNE_01,18.5204,73.8567,plains,36.7,19.8,32,10.6,0.0,948.7
2016-03-23,PUNE_01,18.5204,73.8567,plains,38.1,22.0,32,15.6,0.0,948.8
2016-03-24,PUNE_01,18.5204,73.8567,plains,39.0,20.9,43,12.2,0.0,950.4
2016-03-25,PUNE_01,18.5204,73.8567,plains,38.0,23.2,52,13.8,0.0,951.7
2016-03-26,PUNE_01,18.5204,73.8567,plains,37.8,22.7,53,13.9,0.0,951.4
2016-03-27,PUNE_01,18.5204,73.8567,plains,37.7,22.9,47,14.7,2.0,950.9
2016-03-28,PUNE_01,18.5204,73.8567,plains,37.4,22.8,40,15.2,0.0,951.0
2016-03-29,PUNE_01,18.5204,73.8567,plains,37.3,22.7,32,17.2,0.0,951.2
2016-03-30,PUNE_01,18.5204,73.8567,plains,37.7,21.3,41,16.6,0.0,951.4
2016-03-31,PUNE_01,18.5204,73.8567,plains,37.7,20.8,41,16.9,0.0,950.8
2016-04-01,PUNE_01,18.5204,73.8567,plains,38.3,21.0,38,15.5,0.0,948.8
2016-04-02,PUNE_01,18.5204,73.8567,plains,39.2,21.8,51,17.6,0.0,949.3
2016-04-03,PUNE_01,18.5204,73.8567,plains,38.9,21.8,55,18.2,0.0,950.8
2016-04-04,PUNE_01,18.5204,73.8567,plains,38.7,22.9,52,10.6,0.9,949.4
2016-04-05,PUNE_01,18.5204,73.8567,plains,35.9,24.4,59,8.6,4.0,949.4
2016-04-06,PUNE_01,18.5204,73.8567,plains,37.0,22.8,59,13.3,3.5,950.1
2016-04-07,PUNE_01,18.5204,73.8567,plains,36.7,21.2,49,13.2,0.0,949.5
2016-04-08,PUNE_01,18.5204,73.8567,plains,37.5,21.7,40,14.8,0.0,949.0
2016-04-09,PUNE_01,18.5204,73.8567,plains,37.8,23.7,34,14.2,0.0,949.3
2016-04-10,PUNE_01,18.5204,73.8567,plains,38.8,22.2,38,17.3,0.0,950.6
2016-04-11,PUNE_01,18.5204,73.8567,plains,38.2,23.5,39,18.1,0.0,950.4
2016-04-12,PUNE_01,18.5204,73.8567,plains,38.9,23.2,40,19.0,0.0,948.8
2016-04-13,PUNE_01,18.5204,73.8567,plains,38.7,22.2,42,17.0,0.0,947.7
2016-04-14,PUNE_01,18.5204,73.8567,plains,39.8,21.3,51,18.1,0.0,947.6
2016-04-15,PUNE_01,18.5204,73.8567,plains,40.5,22.2,46,18.8,0.0,948.4
2016-04-16,PUNE_01,18.5204,73.8567,plains,39.8,23.0,45,19.4,0.0,948.3
2016-04-17,PUNE_01,18.5204,73.8567,plains,37.6,21.7,42,15.3,0.0,948.0
2016-04-18,PUNE_01,18.5204,73.8567,plains,40.1,21.4,52,16.7,0.0,947.9
2016-04-19,PUNE_01,18.5204,73.8567,plains,39.4,24.4,51,14.2,0.1,948.5
2016-04-20,PUNE_01,18.5204,73.8567,plains,39.0,25.5,50,15.4,2.0,950.2
2016-04-21,PUNE_01,18.5204,73.8567,plains,39.4,25.3,47,18.2,0.0,949.6
2016-04-22,PUNE_01,18.5204,73.8567,plains,34.8,22.7,48,21.3,0.0,949.0
2016-04-23,PUNE_01,18.5204,73.8567,plains,35.5,20.2,56,19.1,0.0,947.7
2016-04-24,PUNE_01,18.5204,73.8567,plains,36.1,20.2,56,19.1,0.0,946.5
2016-04-25,PUNE_01,18.5204,73.8567,plains,38.0,19.5,55,16.0,0.0,947.0
2016-04-26,PUNE_01,18.5204,73.8567,plains,39.4,19.6,50,15.8,0.0,948.5
2016-04-27,PUNE_01,18.5204,73.8567,plains,40.7,23.6,40,15.3,0.0,948.0
2016-04-28,PUNE_01,18.5204,73.8567,plains,39.7,23.8,37,17.2,0.2,947.5
2016-04-29,PUNE_01,18.5204,73.8567,plains,39.4,22.8,48,17.3,0.0,948.4
2016-04-30,PUNE_01,18.5204,73.8567,plains,39.5,22.1,50,17.0,0.5,948.9
2016-05-01,PUNE_01,18.5204,73.8567,plains,39.2,22.0,47,18.5,0.0,948.2
2016-05-02,PUNE_01,18.5204,73.8567,plains,38.7,22.0,52,18.6,0.0,948.4
2016-05-03,PUNE_01,18.5204,73.8567,plains,40.1,22.0,44,18.5,0.0,947.8
2016-05-04,PUNE_01,18.5204,73.8567,plains,38.6,21.2,48,18.5,0.0,947.6
2016-05-05,PUNE_01,18.5204,73.8567,plains,37.6,22.4,54,14.7,0.5,948.6
2016-05-06,PUNE_01,18.5204,73.8567,plains,37.2,22.5,60,17.8,0.2,948.3
2016-05-07,PUNE_01,18.5204,73.8567,plains,37.0,21.3,60,18.0,0.0,948.0
2016-05-08,PUNE_01,18.5204,73.8567,plains,37.2,22.9,63,17.4,0.9,949.3
2016-05-09,PUNE_01,18.5204,73.8567,plains,37.6,23.5,64,12.6,4.8,949.0
2016-05-10,PUNE_01,18.5204,73.8567,plains,37.2,24.4,60,14.3,1.7,949.0
2016-05-11,PUNE_01,18.5204,73.8567,plains,36.6,23.7,63,11.9,2.5,948.9
2016-05-12,PUNE_01,18.5204,73.8567,plains,36.7,24.2,62,16.4,0.2,947.2
2016-05-13,PUNE_01,18.5204,73.8567,plains,37.3,25.1,63,14.2,0.3,947.1
2016-05-14,PUNE_01,18.5204,73.8567,plains,38.0,25.1,61,14.5,1.8,948.1
2016-05-15,PUNE_01,18.5204,73.8567,plains,38.4,24.8,61,15.3,2.5,947.9
2016-05-16,PUNE_01,18.5204,73.8567,plains,40.0,23.6,56,17.2,0.0,945.7
2016-05-17,PUNE_01,18.5204,73.8567,plains,40.4,23.6,56,19.3,0.0,943.9
2016-05-18,PUNE_01,18.5204,73.8567,plains,37.3,24.3,63,17.0,1.1,943.0
2016-05-19,PUNE_01,18.5204,73.8567,plains,35.8,23.9,68,19.0,0.0,942.8
2016-05-20,PUNE_01,18.5204,73.8567,plains,33.5,24.2,69,23.1,0.0,944.1
2016-05-21,PUNE_01,18.5204,73.8567,plains,34.8,23.5,67,23.4,0.0,946.0
2016-05-22,PUNE_01,18.5204,73.8567,plains,35.1,23.2,67,21.6,0.0,947.4
2016-05-23,PUNE_01,18.5204,73.8567,plains,34.4,23.7,68,22.0,0.0,948.2
2016-05-24,PUNE_01,18.5204,73.8567,plains,35.0,24.1,67,19.1,0.1,947.8
2016-05-25,PUNE_01,18.5204,73.8567,plains,34.2,24.0,70,21.3,1.0,947.1
2016-05-26,PUNE_01,18.5204,73.8567,plains,33.7,24.3,70,19.4,1.0,947.4
2016-05-27,PUNE_01,18.5204,73.8567,plains,33.3,24.0,70,19.2,0.5,948.4
2016-05-28,PUNE_01,18.5204,73.8567,plains,34.0,23.8,71,17.4,1.3,948.1
2016-05-29,PUNE_01,18.5204,73.8567,plains,34.0,23.5,69,19.5,0.3,947.4
2016-05-30,PUNE_01,18.5204,73.8567,plains,35.0,23.9,66,16.0,0.4,946.7
2016-05-31,PUNE_01,18.5204,73.8567,plains,34.5,23.7,67,16.2,0.6,947.5
2016-06-01,PUNE_01,18.5204,73.8567,plains,35.4,24.2,67,15.0,2.0,948.0
2016-06-02,PUNE_01,18.5204,73.8567,plains,36.4,24.3,66,16.3,0.8,947.3
2016-06-03,PUNE_01,18.5204,73.8567,plains,36.9,24.4,67,14.4,1.1,946.6
2016-06-04,PUNE_01,18.5204,73.8567,plains,34.6,24.6,72,17.3,4.0,946.6
2016-06-05,PUNE_01,18.5204,73.8567,plains,33.6,25.0,70,19.2,0.3,946.7
2016-06-06,PUNE_01,18.5204,73.8567,plains,30.1,24.6,78,15.1,0.0,946.5
2016-06-07,PUNE_01,18.5204,73.8567,plains,34.5,24.2,73,16.6,2.0,946.2
2016-06-08,PUNE_01,18.5204,73.8567,plains,33.8,24.2,73,15.9,2.2,945.4
2016-06-09,PUNE_01,18.5204,73.8567,plains,34.2,24.5,69,17.0,0.1,945.5
2016-06-10,PUNE_01,18.5204,73.8567,plains,31.1,24.1,77,19.5,0.4,946.1
2016-06-11,PUNE_01,18.5204,73.8567,plains,27.6,23.7,84,18.7,1.2,946.7
2016-06-12,PUNE_01,18.5204,73.8567,plains,30.4,23.7,81,21.7,3.6,946.6
2016-06-13,PUNE_01,18.5204,73.8567,plains,31.0,23.6,77,24.1,1.6,947.2
2016-06-14,PUNE_01,18.5204,73.8567,plains,31.3,23.2,78,24.3,2.0,946.7
2016-06-15,PUNE_01,18.5204,73.8567,plains,30.3,23.2,78,24.8,3.3,945.2
2016-06-16,PUNE_01,18.5204,73.8567,plains,31.7,23.4,75,23.4,1.8,944.5
2016-06-17,PUNE_01,18.5204,73.8567,plains,31.4,23.2,73,21.6,0.4,944.7
2016-06-18,PUNE_01,18.5204,73.8567,plains,29.7,23.5,78,20.8,1.3,944.9
2016-06-19,PUNE_01,18.5204,73.8567,plains,26.4,22.8,89,14.8,10.2,943.9
2016-06-20,PUNE_01,18.5204,73.8567,plains,25.3,21.0,91,12.2,25.9,942.3
2016-06-21,PUNE_01,18.5204,73.8567,plains,28.8,22.2,87,12.4,10.2,942.7
2016-06-22,PUNE_01,18.5204,73.8567,plains,28.7,22.5,83,14.2,3.0,944.8
2016-06-23,PUNE_01,18.5204,73.8567,plains,28.6,23.2,85,15.0,4.6,944.8
2016-06-24,PUNE_01,18.5204,73.8567,plains,28.1,23.0,85,16.3,8.8,944.2
2016-06-25,PUNE_01,18.5204,73.8567,plains,23.9,22.3,95,17.1,61.7,945.0
2016-06-26,PUNE_01,18.5204,73.8567,plains,25.7,22.1,90,17.2,9.2,944.5
2016-06-27,PUNE_01,18.5204,73.8567,plains,27.3,22.8,90,16.9,7.8,943.0
2016-06-28,PUNE_01,18.5204,73.8567,plains,26.3,22.8,92,16.4,10.2,942.6
2016-06-29,PUNE_01,18.5204,73.8567,plains,26.1,22.6,93,16.9,15.5,943.3
2016-06-30,PUNE_01,18.5204,73.8567,plains,24.3,22.5,94,16.5,8.8,943.4
2016-07-01,PUNE_01,18.5204,73.8567,plains,26.3,22.7,90,20.9,11.9,942.5
2016-07-02,PUNE_01,18.5204,73.8567,plains,25.3,22.9,92,22.1,26.0,942.1
2016-07-03,PUNE_01,18.5204,73.8567,plains,26.1,22.9,92,18.7,15.8,942.9
2016-07-04,PUNE_01,18.5204,73.8567,plains,25.4,22.9,92,19.8,13.1,943.9
2016-07-05,PUNE_01,18.5204,73.8567,plains,25.2,22.5,92,17.3,8.7,943.7
2016-07-06,PUNE_01,18.5204,73.8567,plains,25.7,22.6,88,22.9,2.2,943.8
2016-07-07,PUNE_01,18.5204,73.8567,plains,26.8,22.7,85,24.0,2.3,944.5
2016-07-08,PUNE_01,18.5204,73.8567,plains,25.8,22.3,87,24.3,4.5,943.9
2016-07-09,PUNE_01,18.5204,73.8567,plains,23.5,22.2,94,25.2,26.0,942.5
2016-07-10,PUNE_01,18.5204,73.8567,plains,24.1,22.5,93,25.6,24.7,941.9
2016-07-11,PUNE_01,18.5204,73.8567,plains,24.4,22.4,94,24.4,19.4,942.0
2016-07-12,PUNE_01,18.5204,73.8567,plains,24.8,22.1,92,20.3,8.6,942.9
2016-07-13,PUNE_01,18.5204,73.8567,plains,26.4,22.3,87,21.1,6.4,943.5
2016-07-14,PUNE_01,18.5204,73.8567,plains,27.2,22.2,86,20.8,3.5,944.0
2016-07-15,PUNE_01,18.5204,73.8567,plains,27.4,22.3,85,20.5,1.1,944.7
2016-07-16,PUNE_01,18.5204,73.8567,plains,27.3,22.3,84,22.3,2.3,945.3
2016-07-17,PUNE_01,18.5204,73.8567,plains,27.4,22.4,86,18.5,3.2,947.1
2016-07-18,PUNE_01,18.5204,73.8567,plains,26.2,22.1,88,17.6,4.2,947.7
2016-07-19,PUNE_01,18.5204,73.8567,plains,23.9,22.1,91,15.3,6.2,947.4
2016-07-20,PUNE_01,18.5204,73.8567,plains,26.3,22.0,91,17.1,12.0,946.4
2016-07-21,PUNE_01,18.5204,73.8567,plains,24.4,21.7,92,14.4,9.4,945.4
2016-07-22,PUNE_01,18.5204,73.8567,plains,23.8,21.8,95,14.1,8.3,944.3
2016-07-23,PUNE_01,18.5204,73.8567,plains,25.6,21.9,92,14.9,7.4,943.8
2016-07-24,PUNE_01,18.5204,73.8567,plains,26.1,22.0,90,14.1,1.8,944.2
2016-07-25,PUNE_01,18.5204,73.8567,plains,27.0,21.8,89,12.4,5.4,944.6
2016-07-26,PUNE_01,18.5204,73.8567,plains,25.9,22.0,87,11.0,1.2,945.2
2016-07-27,PUNE_01,18.5204,73.8567,plains,25.0,21.9,92,11.2,6.3,945.7
2016-07-28,PUNE_01,18.5204,73.8567,plains,25.1,21.9,93,11.3,11.2,946.0
2016-07-29,PUNE_01,18.5204,73.8567,plains,24.3,21.9,92,12.7,8.2,945.5
2016-07-30,PUNE_01,18.5204,73.8567,plains,24.8,21.9,93,12.7,11.4,944.8
2016-07-31,PUNE_01,18.5204,73.8567,plains,25.1,21.9,93,16.2,23.0,945.5
2016-08-01,PUNE_01,18.5204,73.8567,plains,23.8,22.0,95,25.6,36.3,944.4
2016-08-02,PUNE_01,18.5204,73.8567,plains,22.9,21.6,94,25.4,54.9,942.0
2016-08-03,PUNE_01,18.5204,73.8567,plains,23.8,22.0,94,25.4,41.4,941.6
2016-08-04,PUNE_01,18.5204,73.8567,plains,25.6,21.8,90,24.9,13.2,942.5
2016-08-05,PUNE_01,18.5204,73.8567,plains,25.0,21.8,92,25.8,23.1,942.5
2016-08-06,PUNE_01,18.5204,73.8567,plains,25.1,22.0,91,26.6,16.6,943.4
2016-08-07,PUNE_01,18.5204,73.8567,plains,25.4,22.0,90,26.6,12.0,944.4
2016-08-08,PUNE_01,18.5204,73.8567,plains,25.2,21.6,89,24.0,10.6,945.6
2016-08-09,PUNE_01,18.5204,73.8567,plains,25.6,21.9,89,23.5,9.6,945.3
2016-08-10,PUNE_01,18.5204,73.8567,plains,24.4,21.8,90,23.5,9.1,945.8
2016-08-11,PUNE_01,18.5204,73.8567,plains,25.5,21.9,89,20.5,4.6,947.0
2016-08-12,PUNE_01,18.5204,73.8567,plains,25.9,21.9,87,21.7,2.6,947.2
2016-08-13,PUNE_01,18.5204,73.8567,plains,26.2,22.2,86,21.7,1.9,946.3
2016-08-14,PUNE_01,18.5204,73.8567,plains,26.3,21.5,85,23.6,2.6,946.0
2016-08-15,PUNE_01,18.5204,73.8567,plains,26.1,21.3,86,26.0,4.3,945.7
2016-08-16,PUNE_01,18.5204,73.8567,plains,26.3,21.8,85,27.8,2.2,944.8
2016-08-17,PUNE_01,18.5204,73.8567,plains,26.4,21.9,85,25.1,1.9,944.0
2016-08-18,PUNE_01,18.5204,73.8567,plains,25.6,21.7,87,19.8,1.4,944.3
2016-08-19,PUNE_01,18.5204,73.8567,plains,26.9,21.7,85,22.0,1.8,944.8
2016-08-20,PUNE_01,18.5204,73.8567,plains,25.7,21.3,87,20.9,2.1,944.4
2016-08-21,PUNE_01,18.5204,73.8567,plains,25.8,21.9,88,20.0,3.8,944.9
2016-08-22,PUNE_01,18.5204,73.8567,plains,26.4,21.9,87,20.1,2.1,945.8
2016-08-23,PUNE_01,18.5204,73.8567,plains,26.0,22.2,89,16.2,3.4,945.4
2016-08-24,PUNE_01,18.5204,73.8567,plains,26.4,22.2,87,17.5,1.6,945.1
2016-08-25,PUNE_01,18.5204,73.8567,plains,27.5,21.5,83,18.8,0.8,946.2
2016-08-26,PUNE_01,18.5204,73.8567,plains,27.4,21.7,87,14.6,2.1,946.0
2016-08-27,PUNE_01,18.5204,73.8567,plains,24.1,21.9,94,12.9,16.9,945.8
2016-08-28,PUNE_01,18.5204,73.8567,plains,25.6,21.9,91,13.3,3.3,946.1
2016-08-29,PUNE_01,18.5204,73.8567,plains,26.3,21.9,88,14.4,0.7,945.9
2016-08-30,PUNE_01,18.5204,73.8567,plains,27.0,21.9,86,14.8,1.6,945.1
2016-08-31,PUNE_01,18.5204,73.8567,plains,27.0,22.0,86,12.4,0.5,945.3
2016-09-01,PUNE_01,18.5204,73.8567,plains,24.4,21.6,93,12.2,4.9,946.1
2016-09-02,PUNE_01,18.5204,73.8567,plains,26.7,21.7,86,18.0,2.0,946.5
2016-09-03,PUNE_01,18.5204,73.8567,plains,26.4,21.0,84,18.1,1.0,946.6
2016-09-04,PUNE_01,18.5204,73.8567,plains,26.9,20.6,81,19.6,0.1,948.4
2016-09-05,PUNE_01,18.5204,73.8567,plains,26.8,20.4,82,18.8,0.0,949.2
2016-09-06,PUNE_01,18.5204,73.8567,plains,25.9,20.3,84,18.4,1.2,949.4
2016-09-07,PUNE_01,18.5204,73.8567,plains,26.3,20.5,83,16.9,1.9,948.6
2016-09-08,PUNE_01,18.5204,73.8567,plains,26.1,20.5,85,15.3,1.1,948.8
2016-09-09,PUNE_01,18.5204,73.8567,plains,27.9,20.3,84,14.3,1.3,949.5
2016-09-10,PUNE_01,18.5204,73.8567,plains,27.5,20.6,84,15.1,1.3,948.9
2016-09-11,PUNE_01,18.5204,73.8567,plains,26.5,21.0,85,13.2,1.0,947.7
2016-09-12,PUNE_01,18.5204,73.8567,plains,27.4,21.0,82,11.7,0.8,947.1
2016-09-13,PUNE_01,18.5204,73.8567,plains,26.2,21.4,86,8.7,0.0,947.4
2016-09-14,PUNE_01,18.5204,73.8567,plains,25.6,22.0,90,9.7,5.2,947.3
2016-09-15,PUNE_01,18.5204,73.8567,plains,23.9,22.0,96,11.5,16.5,946.0
2016-09-16,PUNE_01,18.5204,73.8567,plains,26.1,22.0,95,8.8,84.6,944.6
2016-09-17,PUNE_01,18.5204,73.8567,plains,23.7,21.9,98,12.9,179.1,943.4
2016-09-18,PUNE_01,18.5204,73.8567,plains,25.3,21.4,92,31.2,33.8,945.1
2016-09-19,PUNE_01,18.5204,73.8567,plains,26.2,21.5,89,20.9,4.6,947.1
2016-09-20,PUNE_01,18.5204,73.8567,plains,25.1,21.7,90,20.9,14.9,947.0
2016-09-21,PUNE_01,18.5204,73.8567,plains,24.5,21.2,95,12.7,28.5,947.0
2016-09-22,PUNE_01,18.5204,73.8567,plains,25.5,21.4,92,12.7,21.6,947.1
2016-09-23,PUNE_01,18.5204,73.8567,plains,27.1,22.0,93,12.0,6.0,945.1
2016-09-24,PUNE_01,18.5204,73.8567,plains,25.5,22.4,94,14.3,3.8,944.1
2016-09-25,PUNE_01,18.5204,73.8567,plains,26.2,22.3,90,15.8,2.5,945.2
2016-09-26,PUNE_01,18.5204,73.8567,plains,27.1,21.8,89,15.5,2.5,947.1
2016-09-27,PUNE_01,18.5204,73.8567,plains,27.7,21.5,89,13.2,2.7,948.1
2016-09-28,PUNE_01,18.5204,73.8567,plains,28.5,21.0,87,13.0,0.8,947.5
2016-09-29,PUNE_01,18.5204,73.8567,plains,27.4,21.4,86,11.9,0.8,946.8
2016-09-30,PUNE_01,18.5204,73.8567,plains,27.7,20.4,84,15.1,0.0,946.2
2016-10-01,PUNE_01,18.5204,73.8567,plains,22.7,20.9,96,13.9,29.9,946.0
2016-10-02,PUNE_01,18.5204,73.8567,plains,23.6,20.6,95,12.0,12.0,947.2
2016-10-03,PUNE_01,18.5204,73.8567,plains,25.3,20.2,91,15.8,5.5,946.8
2016-10-04,PUNE_01,18.5204,73.8567,plains,25.8,20.4,85,21.0,5.9,947.0
2016-10-05,PUNE_01,18.5204,73.8567,plains,25.3,20.1,87,18.2,1.7,947.5
2016-10-06,PUNE_01,18.5204,73.8567,plains,25.8,20.3,86,15.6,0.4,948.0
2016-10-07,PUNE_01,18.5204,73.8567,plains,28.0,20.9,86,11.6,1.3,947.8
2016-10-08,PUNE_01,18.5204,73.8567,plains,28.3,21.2,85,13.6,2.1,948.3
2016-10-09,PUNE_01,18.5204,73.8567,plains,27.5,21.9,87,11.8,1.6,948.2
2016-10-10,PUNE_01,18.5204,73.8567,plains,28.4,21.6,87,9.1,1.6,948.0
2016-10-11,PUNE_01,18.5204,73.8567,plains,28.9,21.9,85,7.7,1.3,948.5
2016-10-12,PUNE_01,18.5204,73.8567,plains,28.5,21.3,83,7.2,0.5,948.5
2016-10-13,PUNE_01,18.5204,73.8567,plains,28.4,21.0,82,8.1,0.9,948.9
2016-10-14,PUNE_01,18.5204,73.8567,plains,28.1,20.3,83,8.6,2.9,949.3
2016-10-15,PUNE_01,18.5204,73.8567,plains,27.1,21.8,78,8.4,0.4,949.7
2016-10-16,PUNE_01,18.5204,73.8567,plains,29.1,22.2,70,6.9,0.0,950.4
2016-10-17,PUNE_01,18.5204,73.8567,plains,29.0,21.4,64,8.7,0.0,949.8
2016-10-18,PUNE_01,18.5204,73.8567,plains,29.4,21.7,60,10.2,0.0,949.0
2016-10-19,PUNE_01,18.5204,73.8567,plains,29.1,21.1,60,9.7,0.0,948.5
2016-10-20,PUNE_01,18.5204,73.8567,plains,29.2,20.9,61,9.6,0.0,947.5
2016-10-21,PUNE_01,18.5204,73.8567,plains,29.2,19.7,62,9.4,0.0,948.0
2016-10-22,PUNE_01,18.5204,73.8567,plains,29.3,20.2,60,10.1,0.0,949.5
2016-10-23,PUNE_01,18.5204,73.8567,plains,29.5,20.4,65,7.4,0.0,949.9
2016-10-24,PUNE_01,18.5204,73.8567,plains,28.8,20.1,71,9.6,0.0,949.7
2016-10-25,PUNE_01,18.5204,73.8567,plains,28.9,19.1,70,7.5,0.0,949.1
2016-10-26,PUNE_01,18.5204,73.8567,plains,29.2,19.4,64,12.0,0.0,949.6
2016-10-27,PUNE_01,18.5204,73.8567,plains,29.0,19.6,56,17.1,0.0,951.0
2016-10-28,PUNE_01,18.5204,73.8567,plains,29.5,19.4,51,15.5,0.0,950.4
2016-10-29,PUNE_01,18.5204,73.8567,plains,29.1,18.7,47,10.1,0.0,949.7
2016-10-30,PUNE_01,18.5204,73.8567,plains,29.9,17.7,50,14.2,0.0,950.1
2016-10-31,PUNE_01,18.5204,73.8567,plains,29.7,19.2,67,18.6,0.0,952.1
2016-11-01,PUNE_01,18.5204,73.8567,plains,29.7,18.3,57,14.4,0.0,951.9
2016-11-02,PUNE_01,18.5204,73.8567,plains,29.3,16.1,53,13.3,0.0,951.0
2016-11-03,PUNE_01,18.5204,73.8567,plains,29.0,16.4,53,13.0,0.0,951.0
2016-11-04,PUNE_01,18.5204,73.8567,plains,28.8,18.2,52,8.8,0.0,949.8
2016-11-05,PUNE_01,18.5204,73.8567,plains,29.2,18.2,57,8.9,0.0,948.4
2016-11-06,PUNE_01,18.5204,73.8567,plains,29.0,18.4,50,10.9,0.0,949.6
2016-11-07,PUNE_01,18.5204,73.8567,plains,29.5,18.5,45,10.9,0.0,951.4
2016-11-08,PUNE_01,18.5204,73.8567,plains,29.4,18.1,46,14.2,0.0,951.8
2016-11-09,PUNE_01,18.5204,73.8567,plains,29.1,18.5,48,13.4,0.0,952.2
2016-11-10,PUNE_01,18.5204,73.8567,plains,29.0,18.4,44,11.3,0.0,951.6
2016-11-11,PUNE_01,18.5204,73.8567,plains,29.2,17.7,44,13.0,0.0,950.8
2016-11-12,PUNE_01,18.5204,73.8567,plains,28.7,17.3,46,12.2,0.0,951.3
2016-11-13,PUNE_01,18.5204,73.8567,plains,29.1,16.2,52,13.3,0.0,952.1
2016-11-14,PUNE_01,18.5204,73.8567,plains,30.2,17.0,61,11.2,0.0,951.8
2016-11-15,PUNE_01,18.5204,73.8567,plains,30.3,18.9,69,12.5,0.2,951.2
2016-11-16,PUNE_01,18.5204,73.8567,plains,30.0,19.6,66,15.1,0.0,951.7
2016-11-17,PUNE_01,18.5204,73.8567,plains,30.2,18.7,56,15.1,0.0,952.4
2016-11-18,PUNE_01,18.5204,73.8567,plains,28.0,16.0,51,13.3,0.0,951.3
2016-11-19,PUNE_01,18.5204,73.8567,plains,28.8,16.5,47,10.5,0.0,949.8
2016-11-20,PUNE_01,18.5204,73.8567,plains,29.0,16.4,48,11.5,0.0,949.9
2016-11-21,PUNE_01,18.5204,73.8567,plains,29.2,15.8,48,10.2,0.0,950.2
2016-11-22,PUNE_01,18.5204,73.8567,plains,29.3,15.5,50,11.2,0.0,950.1
2016-11-23,PUNE_01,18.5204,73.8567,plains,29.3,16.1,50,12.6,0.0,949.8
2016-11-24,PUNE_01,18.5204,73.8567,plains,29.2,15.3,52,15.4,0.0,950.2
2016-11-25,PUNE_01,18.5204,73.8567,plains,29.4,14.9,51,15.5,0.0,950.2
2016-11-26,PUNE_01,18.5204,73.8567,plains,30.0,15.5,45,12.6,0.0,950.9
2016-11-27,PUNE_01,18.5204,73.8567,plains,30.1,18.4,41,10.8,0.0,951.2
2016-11-28,PUNE_01,18.5204,73.8567,plains,31.6,18.7,43,7.9,0.0,951.2
2016-11-29,PUNE_01,18.5204,73.8567,plains,31.3,18.9,44,7.2,0.0,951.6
2016-11-30,PUNE_01,18.5204,73.8567,plains,30.2,18.3,46,8.2,0.0,951.9
2016-12-01,PUNE_01,18.5204,73.8567,plains,29.5,18.2,48,9.0,0.0,951.3
2016-12-02,PUNE_01,18.5204,73.8567,plains,29.6,16.2,51,14.6,0.0,951.2
2016-12-03,PUNE_01,18.5204,73.8567,plains,30.1,15.9,57,16.8,0.0,952.1
2016-12-04,PUNE_01,18.5204,73.8567,plains,29.6,20.6,64,21.2,0.0,953.4
2016-12-05,PUNE_01,18.5204,73.8567,plains,30.1,20.3,64,13.0,0.0,952.6
2016-12-06,PUNE_01,18.5204,73.8567,plains,28.7,16.9,58,12.7,0.0,951.9
2016-12-07,PUNE_01,18.5204,73.8567,plains,28.2,15.3,52,16.9,0.0,951.6
2016-12-08,PUNE_01,18.5204,73.8567,plains,28.7,16.3,50,12.0,0.0,951.5
2016-12-09,PUNE_01,18.5204,73.8567,plains,28.3,17.1,43,7.6,0.0,950.4
2016-12-10,PUNE_01,18.5204,73.8567,plains,28.4,16.4,42,10.9,0.0,949.6
2016-12-11,PUNE_01,18.5204,73.8567,plains,28.6,15.5,46,13.2,0.0,949.0
2016-12-12,PUNE_01,18.5204,73.8567,plains,29.6,17.0,45,15.3,0.0,949.1
2016-12-13,PUNE_01,18.5204,73.8567,plains,30.0,14.0,47,19.4,0.0,948.7
2016-12-14,PUNE_01,18.5204,73.8567,plains,26.3,19.4,60,18.5,0.0,950.1
2016-12-15,PUNE_01,18.5204,73.8567,plains,28.5,19.3,68,18.5,0.0,951.3
2016-12-16,PUNE_01,18.5204,73.8567,plains,29.8,19.6,66,14.8,0.0,952.5
2016-12-17,PUNE_01,18.5204,73.8567,plains,29.7,18.9,61,11.3,0.0,952.9
2016-12-18,PUNE_01,18.5204,73.8567,plains,29.3,19.1,55,8.8,0.0,952.9
2016-12-19,PUNE_01,18.5204,73.8567,plains,28.9,16.3,54,9.8,0.0,952.5
2016-12-20,PUNE_01,18.5204,73.8567,plains,28.5,14.0,55,13.0,0.0,951.8
2016-12-21,PUNE_01,18.5204,73.8567,plains,29.3,14.4,50,9.0,0.0,952.6
2016-12-22,PUNE_01,18.5204,73.8567,plains,30.2,16.7,41,8.0,0.0,952.4
2016-12-23,PUNE_01,18.5204,73.8567,plains,30.8,17.8,40,7.7,0.0,950.9
2016-12-24,PUNE_01,18.5204,73.8567,plains,31.0,17.6,37,7.9,0.0,948.8
2016-12-25,PUNE_01,18.5204,73.8567,plains,30.9,18.0,44,7.6,0.0,949.6
2016-12-26,PUNE_01,18.5204,73.8567,plains,29.5,17.0,48,10.8,0.0,951.0
2016-12-27,PUNE_01,18.5204,73.8567,plains,28.3,13.6,49,10.8,0.0,951.1
2016-12-28,PUNE_01,18.5204,73.8567,plains,28.2,12.4,50,12.6,0.0,950.9
2016-12-29,PUNE_01,18.5204,73.8567,plains,29.0,13.7,48,13.0,0.0,951.4
2016-12-30,PUNE_01,18.5204,73.8567,plains,29.4,15.9,46,10.4,0.0,952.1
2016-12-31,PUNE_01,18.5204,73.8567,plains,29.8,17.6,45,7.9,0.0,951.2
2017-01-01,PUNE_01,18.5204,73.8567,plains,29.2,13.6,52,10.5,0.0,950.7
2017-01-02,PUNE_01,18.5204,73.8567,plains,28.5,14.8,47,7.3,0.0,951.8
2017-01-03,PUNE_01,18.5204,73.8567,plains,27.6,15.5,43,13.3,0.0,952.3
2017-01-04,PUNE_01,18.5204,73.8567,plains,27.9,13.4,44,9.2,0.0,951.5
2017-01-05,PUNE_01,18.5204,73.8567,plains,28.3,14.5,41,10.1,0.0,950.5
2017-01-06,PUNE_01,18.5204,73.8567,plains,29.0,12.1,46,13.7,0.0,949.4
2017-01-07,PUNE_01,18.5204,73.8567,plains,27.5,10.8,55,12.3,0.0,947.8
2017-01-08,PUNE_01,18.5204,73.8567,plains,28.0,12.0,66,10.5,0.0,947.5
2017-01-09,PUNE_01,18.5204,73.8567,plains,28.9,12.8,67,18.2,0.0,948.1
2017-01-10,PUNE_01,18.5204,73.8567,plains,27.0,12.1,54,10.3,0.0,949.2
2017-01-11,PUNE_01,18.5204,73.8567,plains,27.1,10.5,45,11.4,0.0,949.9
2017-01-12,PUNE_01,18.5204,73.8567,plains,26.1,11.0,51,12.1,0.0,948.9
2017-01-13,PUNE_01,18.5204,73.8567,plains,27.0,12.3,55,13.9,0.0,948.5
2017-01-14,PUNE_01,18.5204,73.8567,plains,29.1,13.7,60,15.7,0.0,949.6
2017-01-15,PUNE_01,18.5204,73.8567,plains,28.6,15.5,62,12.2,0.0,951.7
2017-01-16,PUNE_01,18.5204,73.8567,plains,29.0,16.4,57,13.6,0.0,952.0
2017-01-17,PUNE_01,18.5204,73.8567,plains,28.5,16.2,54,13.4,0.0,951.6
2017-01-18,PUNE_01,18.5204,73.8567,plains,29.1,15.7,48,8.7,0.0,952.1
2017-01-19,PUNE_01,18.5204,73.8567,plains,28.1,15.5,46,15.6,0.0,952.8
2017-01-20,PUNE_01,18.5204,73.8567,plains,27.6,14.8,48,16.1,0.0,952.9
2017-01-21,PUNE_01,18.5204,73.8567,plains,30.0,14.5,53,16.8,0.0,953.0
2017-01-22,PUNE_01,18.5204,73.8567,plains,31.0,15.4,47,11.4,0.0,954.1
2017-01-23,PUNE_01,18.5204,73.8567,plains,31.1,17.9,46,10.6,0.0,953.7
2017-01-24,PUNE_01,18.5204,73.8567,plains,30.5,16.9,48,16.4,0.0,952.9
2017-01-25,PUNE_01,18.5204,73.8567,plains,30.0,16.5,45,12.7,0.0,953.1
2017-01-26,PUNE_01,18.5204,73.8567,plains,30.2,14.8,52,12.4,0.0,952.1
2017-01-27,PUNE_01,18.5204,73.8567,plains,29.4,16.1,48,11.2,0.0,951.6
2017-01-28,PUNE_01,18.5204,73.8567,plains,29.9,15.0,49,13.7,0.0,952.0
2017-01-29,PUNE_01,18.5204,73.8567,plains,30.3,15.0,47,11.0,0.0,952.1
2017-01-30,PUNE_01,18.5204,73.8567,plains,31.0,16.8,45,11.0,0.0,951.4
2017-01-31,PUNE_01,18.5204,73.8567,plains,31.0,16.6,46,10.4,0.0,950.7
2017-02-01,PUNE_01,18.5204,73.8567,plains,31.2,15.5,47,10.9,0.0,950.6
2017-02-02,PUNE_01,18.5204,73.8567,plains,31.9,15.9,48,11.5,0.0,951.9
2017-02-03,PUNE_01,18.5204,73.8567,plains,31.4,16.6,49,13.0,0.0,952.3
2017-02-04,PUNE_01,18.5204,73.8567,plains,31.7,16.8,52,14.9,0.0,950.9
2017-02-05,PUNE_01,18.5204,73.8567,plains,30.7,15.9,65,20.9,0.0,950.5
2017-02-06,PUNE_01,18.5204,73.8567,plains,30.0,15.1,61,14.5,0.0,950.8
2017-02-07,PUNE_01,18.5204,73.8567,plains,31.1,14.3,52,14.9,0.0,950.6
2017-02-08,PUNE_01,18.5204,73.8567,plains,31.7,17.0,49,14.2,0.0,950.9
2017-02-09,PUNE_01,18.5204,73.8567,plains,30.7,17.6,48,10.8,0.0,950.3
2017-02-10,PUNE_01,18.5204,73.8567,plains,31.3,18.5,40,14.4,0.0,949.1
2017-02-11,PUNE_01,18.5204,73.8567,plains,31.1,17.1,40,17.2,0.0,949.3
2017-02-12,PUNE_01,18.5204,73.8567,plains,30.6,14.9,41,9.8,0.0,951.1
2017-02-13,PUNE_01,18.5204,73.8567,plains,31.6,15.5,40,15.8,0.0,952.9
2017-02-14,PUNE_01,18.5204,73.8567,plains,30.8,17.1,44,19.1,0.0,954.8
2017-02-15,PUNE_01,18.5204,73.8567,plains,31.1,18.2,47,16.9,0.0,955.2
2017-02-16,PUNE_01,18.5204,73.8567,plains,31.5,17.4,45,21.2,0.0,953.5
2017-02-17,PUNE_01,18.5204,73.8567,plains,32.8,16.8,41,24.5,0.0,952.4
2017-02-18,PUNE_01,18.5204,73.8567,plains,33.2,17.9,35,19.7,0.0,953.2
2017-02-19,PUNE_01,18.5204,73.8567,plains,32.9,16.1,38,14.7,0.0,952.5
2017-02-20,PUNE_01,18.5204,73.8567,plains,34.1,18.3,34,18.1,0.0,949.6
2017-02-21,PUNE_01,18.5204,73.8567,plains,32.9,18.4,35,19.4,0.0,948.6
2017-02-22,PUNE_01,18.5204,73.8567,plains,33.9,16.1,45,17.7,0.0,949.3
2017-02-23,PUNE_01,18.5204,73.8567,plains,34.3,17.7,41,10.9,0.0,950.8
2017-02-24,PUNE_01,18.5204,73.8567,plains,34.1,19.6,27,12.8,0.0,951.9
2017-02-25,PUNE_01,18.5204,73.8567,plains,33.7,18.7,27,11.7,0.0,951.8
2017-02-26,PUNE_01,18.5204,73.8567,plains,33.4,17.0,28,11.6,0.0,949.6
2017-02-27,PUNE_01,18.5204,73.8567,plains,33.7,19.3,24,13.0,0.0,950.0
2017-02-28,PUNE_01,18.5204,73.8567,plains,33.7,17.7,30,12.5,0.0,950.8
2017-03-01,PUNE_01,18.5204,73.8567,plains,34.3,19.4,30,13.7,0.0,950.1
2017-03-02,PUNE_01,18.5204,73.8567,plains,33.8,17.7,32,16.6,0.0,948.6
2017-03-03,PUNE_01,18.5204,73.8567,plains,34.2,18.8,30,17.0,0.0,946.6
2017-03-04,PUNE_01,18.5204,73.8567,plains,33.5,18.6,25,17.9,0.0,946.2
2017-03-05,PUNE_01,18.5204,73.8567,plains,32.3,15.7,38,17.1,0.0,946.7
2017-03-06,PUNE_01,18.5204,73.8567,plains,33.6,16.7,45,18.9,0.0,946.4
2017-03-07,PUNE_01,18.5204,73.8567,plains,32.2,16.6,39,18.6,0.0,946.1
2017-03-08,PUNE_01,18.5204,73.8567,plains,32.0,17.8,38,17.2,0.0,947.0
2017-03-09,PUNE_01,18.5204,73.8567,plains,31.6,18.3,32,18.5,0.0,946.5
2017-03-10,PUNE_01,18.5204,73.8567,plains,28.2,16.6,49,23.4,0.0,946.8
2017-03-11,PUNE_01,18.5204,73.8567,plains,28.0,15.6,61,20.5,0.0,948.9
2017-03-12,PUNE_01,18.5204,73.8567,plains,30.3,12.8,48,12.0,0.0,949.3
2017-03-13,PUNE_01,18.5204,73.8567,plains,33.3,13.6,40,19.3,0.0,949.1
2017-03-14,PUNE_01,18.5204,73.8567,plains,33.4,17.7,33,15.5,0.0,949.5
2017-03-15,PUNE_01,18.5204,73.8567,plains,34.1,18.4,31,18.7,0.0,949.6
2017-03-16,PUNE_01,18.5204,73.8567,plains,33.4,19.6,31,20.4,0.0,949.9
2017-03-17,PUNE_01,18.5204,73.8567,plains,34.1,18.7,31,17.1,0.0,949.7
2017-03-18,PUNE_01,18.5204,73.8567,plains,34.1,19.6,34,18.4,0.0,950.3
2017-03-19,PUNE_01,18.5204,73.8567,plains,34.6,20.5,32,20.2,0.0,950.5
2017-03-20,PUNE_01,18.5204,73.8567,plains,34.3,18.5,34,17.0,0.0,950.2
2017-03-21,PUNE_01,18.5204,73.8567,plains,35.6,18.0,39,16.6,0.0,950.7
2017-03-22,PUNE_01,18.5204,73.8567,plains,36.0,18.7,36,11.2,0.0,950.3
2017-03-23,PUNE_01,18.5204,73.8567,plains,36.9,20.5,36,15.9,0.0,949.2
2017-03-24,PUNE_01,18.5204,73.8567,plains,37.4,20.8,33,17.8,0.0,949.1
2017-03-25,PUNE_01,18.5204,73.8567,plains,38.1,22.3,35,16.6,0.0,949.4
2017-03-26,PUNE_01,18.5204,73.8567,plains,37.9,22.8,34,13.9,0.0,950.1
2017-03-27,PUNE_01,18.5204,73.8567,plains,39.2,22.8,28,11.6,0.0,949.7
2017-03-28,PUNE_01,18.5204,73.8567,plains,39.5,21.7,37,21.3,0.0,949.7
2017-03-29,PUNE_01,18.5204,73.8567,plains,39.2,22.8,52,23.0,0.0,949.4
2017-03-30,PUNE_01,18.5204,73.8567,plains,38.6,23.5,56,25.7,0.0,949.9
2017-03-31,PUNE_01,18.5204,73.8567,plains,38.1,22.9,46,14.4,0.0,950.2
2017-04-01,PUNE_01,18.5204,73.8567,plains,37.4,24.9,39,17.9,0.0,949.6
2017-04-02,PUNE_01,18.5204,73.8567,plains,36.1,22.9,34,21.3,0.0,948.6
2017-04-03,PUNE_01,18.5204,73.8567,plains,35.3,21.6,35,20.0,0.0,948.9
2017-04-04,PUNE_01,18.5204,73.8567,plains,36.0,22.1,39,20.5,0.0,949.1
2017-04-05,PUNE_01,18.5204,73.8567,plains,36.3,21.0,44,21.9,0.0,948.7
2017-04-06,PUNE_01,18.5204,73.8567,plains,36.5,20.2,46,19.7,0.0,948.0
2017-04-07,PUNE_01,18.5204,73.8567,plains,35.6,20.8,37,21.4,0.0,948.4
2017-04-08,PUNE_01,18.5204,73.8567,plains,37.8,20.1,24,17.9,0.0,948.1
2017-04-09,PUNE_01,18.5204,73.8567,plains,38.7,21.0,32,14.4,0.0,947.9
2017-04-10,PUNE_01,18.5204,73.8567,plains,39.4,22.7,22,15.6,0.0,947.3
2017-04-11,PUNE_01,18.5204,73.8567,plains,39.1,24.0,31,14.4,0.0,947.8
2017-04-12,PUNE_01,18.5204,73.8567,plains,38.6,21.1,32,15.9,0.0,948.3
2017-04-13,PUNE_01,18.5204,73.8567,plains,39.4,22.6,22,13.8,0.0,948.0
2017-04-14,PUNE_01,18.5204,73.8567,plains,39.7,23.0,31,25.7,0.0,947.1
2017-04-15,PUNE_01,18.5204,73.8567,plains,38.6,21.9,45,22.7,0.1,946.2
2017-04-16,PUNE_01,18.5204,73.8567,plains,38.5,23.3,33,20.8,0.0,946.3
2017-04-17,PUNE_01,18.5204,73.8567,plains,37.9,23.1,36,24.3,0.0,947.7
2017-04-18,PUNE_01,18.5204,73.8567,plains,39.9,23.5,27,23.7,0.0,947.4
2017-04-19,PUNE_01,18.5204,73.8567,plains,37.2,23.1,31,20.2,0.1,947.1
2017-04-20,PUNE_01,18.5204,73.8567,plains,37.6,21.8,42,24.6,0.0,947.0
2017-04-21,PUNE_01,18.5204,73.8567,plains,34.9,21.3,48,18.8,0.0,947.6
2017-04-22,PUNE_01,18.5204,73.8567,plains,34.7,21.4,50,23.4,0.0,948.1
2017-04-23,PUNE_01,18.5204,73.8567,plains,35.0,20.3,53,22.3,0.0,948.3
2017-04-24,PUNE_01,18.5204,73.8567,plains,34.5,20.0,53,20.7,0.0,948.7
2017-04-25,PUNE_01,18.5204,73.8567,plains,35.4,20.1,44,22.5,0.0,948.8
2017-04-26,PUNE_01,18.5204,73.8567,plains,36.5,19.8,46,19.1,0.0,948.7
2017-04-27,PUNE_01,18.5204,73.8567,plains,37.2,20.6,51,20.4,0.0,949.1
2017-04-28,PUNE_01,18.5204,73.8567,plains,37.6,22.1,41,23.6,0.0,948.9
2017-04-29,PUNE_01,18.5204,73.8567,plains,36.7,21.9,37,21.0,0.0,949.4
2017-04-30,PUNE_01,18.5204,73.8567,plains,36.3,19.7,41,22.0,0.0,948.6
2017-05-01,PUNE_01,18.5204,73.8567,plains,37.8,19.6,48,24.5,0.0,948.3
2017-05-02,PUNE_01,18.5204,73.8567,plains,39.6,21.2,45,28.6,0.0,949.0
2017-05-03,PUNE_01,18.5204,73.8567,plains,38.2,22.4,47,19.8,0.3,949.1
2017-05-04,PUNE_01,18.5204,73.8567,plains,39.7,22.8,51,24.1,0.0,949.1
2017-05-05,PUNE_01,18.5204,73.8567,plains,38.7,23.6,54,19.2,0.0,948.8
2017-05-06,PUNE_01,18.5204,73.8567,plains,37.5,24.4,50,17.5,0.3,949.4
2017-05-07,PUNE_01,18.5204,73.8567,plains,36.4,23.9,53,17.1,3.1,950.1
2017-05-08,PUNE_01,18.5204,73.8567,plains,37.9,23.8,44,22.2,0.1,949.0
2017-05-09,PUNE_01,18.5204,73.8567,plains,37.7,22.1,48,22.9,0.1,947.7
2017-05-10,PUNE_01,18.5204,73.8567,plains,38.0,22.0,45,24.9,0.0,947.5
2017-05-11,PUNE_01,18.5204,73.8567,plains,38.5,22.6,45,25.8,0.0,947.9
2017-05-12,PUNE_01,18.5204,73.8567,plains,37.8,23.2,48,15.5,0.3,947.7
2017-05-13,PUNE_01,18.5204,73.8567,plains,37.6,25.8,53,14.5,0.3,947.2
2017-05-14,PUNE_01,18.5204,73.8567,plains,37.1,25.7,63,22.4,0.9,947.0
2017-05-15,PUNE_01,18.5204,73.8567,plains,34.7,23.8,60,20.5,0.6,946.6
2017-05-16,PUNE_01,18.5204,73.8567,plains,35.7,22.1,58,19.7,0.5,945.8
2017-05-17,PUNE_01,18.5204,73.8567,plains,35.5,22.9,61,23.0,1.2,946.0
2017-05-18,PUNE_01,18.5204,73.8567,plains,37.0,22.1,58,21.7,0.0,946.9
2017-05-19,PUNE_01,18.5204,73.8567,plains,35.2,22.6,60,21.8,0.5,948.3
2017-05-20,PUNE_01,18.5204,73.8567,plains,36.2,21.4,56,20.4,0.0,947.2
2017-05-21,PUNE_01,18.5204,73.8567,plains,35.3,21.8,59,20.3,0.0,946.2
2017-05-22,PUNE_01,18.5204,73.8567,plains,37.1,21.4,60,18.2,0.1,946.7
2017-05-23,PUNE_01,18.5204,73.8567,plains,38.4,23.0,57,21.4,0.3,946.9
2017-05-24,PUNE_01,18.5204,73.8567,plains,37.0,23.7,51,20.5,0.0,946.0
2017-05-25,PUNE_01,18.5204,73.8567,plains,35.8,22.7,61,19.9,1.7,945.4
2017-05-26,PUNE_01,18.5204,73.8567,plains,34.7,23.2,64,21.1,1.7,945.3
2017-05-27,PUNE_01,18.5204,73.8567,plains,34.4,23.0,65,23.1,0.0,945.1
2017-05-28,PUNE_01,18.5204,73.8567,plains,34.6,23.6,65,26.0,0.0,945.1
2017-05-29,PUNE_01,18.5204,73.8567,plains,33.7,23.9,65,28.6,0.0,944.3
2017-05-30,PUNE_01,18.5204,73.8567,plains,30.4,24.3,74,31.4,1.7,942.8
2017-05-31,PUNE_01,18.5204,73.8567,plains,32.0,23.9,72,21.3,1.7,942.4
2017-06-01,PUNE_01,18.5204,73.8567,plains,35.4,24.4,72,19.1,6.9,943.0
2017-06-02,PUNE_01,18.5204,73.8567,plains,33.3,23.6,77,13.6,20.2,944.0
2017-06-03,PUNE_01,18.5204,73.8567,plains,34.2,23.8,78,16.9,11.7,945.1
2017-06-04,PUNE_01,18.5204,73.8567,plains,31.1,23.4,74,18.6,1.4,945.8
2017-06-05,PUNE_01,18.5204,73.8567,plains,31.1,23.9,73,20.0,2.1,946.2
2017-06-06,PUNE_01,18.5204,73.8567,plains,30.9,23.4,73,21.1,1.7,946.8
2017-06-07,PUNE_01,18.5204,73.8567,plains,29.9,23.1,76,23.5,1.9,947.5
2017-06-08,PUNE_01,18.5204,73.8567,plains,29.6,22.8,78,20.4,5.5,946.5
2017-06-09,PUNE_01,18.5204,73.8567,plains,28.9,22.6,80,21.9,0.6,945.0
2017-06-10,PUNE_01,18.5204,73.8567,plains,28.6,23.0,83,21.2,35.9,943.5
2017-06-11,PUNE_01,18.5204,73.8567,plains,29.0,22.9,81,17.3,3.9,942.3
2017-06-12,PUNE_01,18.5204,73.8567,plains,27.7,22.5,89,13.6,29.0,942.1
2017-06-13,PUNE_01,18.5204,73.8567,plains,28.2,22.7,85,19.1,4.7,943.4
2017-06-14,PUNE_01,18.5204,73.8567,plains,29.8,23.2,82,15.6,4.2,945.2
2017-06-15,PUNE_01,18.5204,73.8567,plains,29.4,23.2,83,15.0,6.6,945.7
2017-06-16,PUNE_01,18.5204,73.8567,plains,30.0,22.6,81,17.0,2.1,944.8
2017-06-17,PUNE_01,18.5204,73.8567,plains,29.6,23.0,80,19.6,1.9,945.2
2017-06-18,PUNE_01,18.5204,73.8567,plains,29.1,23.2,80,22.3,0.7,944.9
2017-06-19,PUNE_01,18.5204,73.8567,plains,28.9,22.9,79,23.5,1.7,944.2
2017-06-20,PUNE_01,18.5204,73.8567,plains,28.4,23.2,78,24.8,1.0,944.2
2017-06-21,PUNE_01,18.5204,73.8567,plains,29.1,23.3,77,24.5,0.9,944.4
2017-06-22,PUNE_01,18.5204,73.8567,plains,29.4,23.4,77,26.0,0.3,944.8
2017-06-23,PUNE_01,18.5204,73.8567,plains,28.9,23.7,79,27.1,1.4,944.5
2017-06-24,PUNE_01,18.5204,73.8567,plains,28.2,22.7,80,28.9,3.1,942.3
2017-06-25,PUNE_01,18.5204,73.8567,plains,28.6,23.3,81,28.2,2.5,940.3
2017-06-26,PUNE_01,18.5204,73.8567,plains,27.4,23.0,86,25.1,3.5,941.3
2017-06-27,PUNE_01,18.5204,73.8567,plains,25.6,22.8,87,26.8,6.5,941.8
2017-06-28,PUNE_01,18.5204,73.8567,plains,26.0,22.6,84,29.6,10.5,941.8
2017-06-29,PUNE_01,18.5204,73.8567,plains,25.7,22.8,89,27.2,14.0,942.2
2017-06-30,PUNE_01,18.5204,73.8567,plains,26.9,22.8,84,31.4,5.2,942.0
2017-07-01,PUNE_01,18.5204,73.8567,plains,26.5,22.6,84,32.2,6.8,942.1
2017-07-02,PUNE_01,18.5204,73.8567,plains,26.4,22.4,86,32.2,5.7,942.8
2017-07-03,PUNE_01,18.5204,73.8567,plains,27.0,22.4,83,29.7,3.7,944.5
2017-07-04,PUNE_01,18.5204,73.8567,plains,26.7,22.7,82,30.8,2.2,944.8
2017-07-05,PUNE_01,18.5204,73.8567,plains,27.4,22.3,81,30.3,1.9,945.0
2017-07-06,PUNE_01,18.5204,73.8567,plains,27.5,22.5,83,27.6,1.6,945.2
2017-07-07,PUNE_01,18.5204,73.8567,plains,27.4,22.4,80,23.8,1.1,945.9
2017-07-08,PUNE_01,18.5204,73.8567,plains,28.5,22.2,78,21.6,0.6,946.0
2017-07-09,PUNE_01,18.5204,73.8567,plains,28.3,22.0,79,21.0,0.8,945.7
2017-07-10,PUNE_01,18.5204,73.8567,plains,28.8,22.3,79,22.5,0.3,946.5
2017-07-11,PUNE_01,18.5204,73.8567,plains,28.0,22.5,81,28.8,1.7,946.6
2017-07-12,PUNE_01,18.5204,73.8567,plains,27.9,22.6,79,29.9,1.0,945.6
2017-07-13,PUNE_01,18.5204,73.8567,plains,26.1,22.2,84,29.9,3.4,944.5
2017-07-14,PUNE_01,18.5204,73.8567,plains,26.9,22.3,83,34.2,4.8,943.6
2017-07-15,PUNE_01,18.5204,73.8567,plains,25.7,21.9,84,30.5,5.4,944.0
2017-07-16,PUNE_01,18.5204,73.8567,plains,26.1,21.6,84,31.4,8.0,943.4
2017-07-17,PUNE_01,18.5204,73.8567,plains,25.0,22.3,87,28.2,16.4,942.6
2017-07-18,PUNE_01,18.5204,73.8567,plains,24.1,22.3,92,22.9,12.7,941.1
2017-07-19,PUNE_01,18.5204,73.8567,plains,25.3,22.0,90,23.2,9.8,939.6
2017-07-20,PUNE_01,18.5204,73.8567,plains,24.2,22.6,90,27.7,23.6,939.0
2017-07-21,PUNE_01,18.5204,73.8567,plains,26.7,22.7,86,34.0,6.9,940.5
2017-07-22,PUNE_01,18.5204,73.8567,plains,25.7,22.4,86,34.4,4.6,942.4
2017-07-23,PUNE_01,18.5204,73.8567,plains,24.2,22.3,88,27.1,10.9,942.9
2017-07-24,PUNE_01,18.5204,73.8567,plains,25.1,22.4,86,30.7,4.0,943.1
2017-07-25,PUNE_01,18.5204,73.8567,plains,25.9,22.3,85,31.5,3.1,943.2
2017-07-26,PUNE_01,18.5204,73.8567,plains,25.4,22.5,85,28.3,1.5,943.4
2017-07-27,PUNE_01,18.5204,73.8567,plains,25.1,22.3,86,27.7,3.5,944.0
2017-07-28,PUNE_01,18.5204,73.8567,plains,25.1,21.8,88,27.0,4.6,945.5
2017-07-29,PUNE_01,18.5204,73.8567,plains,27.1,22.2,83,27.1,1.1,946.3
2017-07-30,PUNE_01,18.5204,73.8567,plains,26.9,21.9,82,24.6,0.8,946.4
2017-07-31,PUNE_01,18.5204,73.8567,plains,26.5,22.2,84,24.4,1.4,946.3
2017-08-01,PUNE_01,18.5204,73.8567,plains,26.9,22.5,83,22.7,0.6,946.6
2017-08-02,PUNE_01,18.5204,73.8567,plains,27.1,22.4,82,25.4,1.0,946.6
2017-08-03,PUNE_01,18.5204,73.8567,plains,26.8,22.4,83,28.1,1.1,945.2
2017-08-04,PUNE_01,18.5204,73.8567,plains,27.6,22.5,81,31.0,0.2,943.1
2017-08-05,PUNE_01,18.5204,73.8567,plains,27.3,22.2,80,25.3,1.3,942.9
2017-08-06,PUNE_01,18.5204,73.8567,plains,27.3,22.2,81,20.7,0.6,943.5
2017-08-07,PUNE_01,18.5204,73.8567,plains,27.0,22.0,81,19.8,0.8,944.1
2017-08-08,PUNE_01,18.5204,73.8567,plains,27.1,22.5,80,21.7,1.3,945.0
2017-08-09,PUNE_01,18.5204,73.8567,plains,26.8,22.4,84,20.0,1.9,945.2
2017-08-10,PUNE_01,18.5204,73.8567,plains,26.8,21.9,84,21.1,1.7,945.5
2017-08-11,PUNE_01,18.5204,73.8567,plains,27.1,22.3,82,22.7,0.6,946.2
2017-08-12,PUNE_01,18.5204,73.8567,plains,26.4,22.2,82,25.2,0.6,946.8
2017-08-13,PUNE_01,18.5204,73.8567,plains,27.2,22.0,80,22.7,0.8,947.3
2017-08-14,PUNE_01,18.5204,73.8567,plains,27.2,21.8,82,20.7,0.8,948.2
2017-08-15,PUNE_01,18.5204,73.8567,plains,26.8,22.2,83,19.7,0.8,947.7
2017-08-16,PUNE_01,18.5204,73.8567,plains,27.4,21.6,83,21.6,0.8,946.3
2017-08-17,PUNE_01,18.5204,73.8567,plains,27.4,21.6,81,21.9,2.5,944.4
2017-08-18,PUNE_01,18.5204,73.8567,plains,25.8,21.8,84,20.4,2.0,943.3
2017-08-19,PUNE_01,18.5204,73.8567,plains,23.4,21.5,93,19.5,19.6,942.7
2017-08-20,PUNE_01,18.5204,73.8567,plains,22.5,21.1,93,28.8,85.4,941.0
2017-08-21,PUNE_01,18.5204,73.8567,plains,26.7,21.4,85,26.2,5.0,940.7
2017-08-22,PUNE_01,18.5204,73.8567,plains,27.0,21.8,85,22.4,0.6,942.6
2017-08-23,PUNE_01,18.5204,73.8567,plains,27.4,22.2,84,20.9,1.6,945.1
2017-08-24,PUNE_01,18.5204,73.8567,plains,27.0,22.2,84,22.3,0.9,945.4
2017-08-25,PUNE_01,18.5204,73.8567,plains,25.6,22.7,89,22.7,13.2,943.6
2017-08-26,PUNE_01,18.5204,73.8567,plains,26.4,22.0,88,24.4,3.3,941.9
2017-08-27,PUNE_01,18.5204,73.8567,plains,27.0,22.1,87,24.6,3.7,941.1
2017-08-28,PUNE_01,18.5204,73.8567,plains,23.6,22.1,95,18.5,23.2,939.0
2017-08-29,PUNE_01,18.5204,73.8567,plains,24.5,21.6,88,26.7,6.3,938.1
2017-08-30,PUNE_01,18.5204,73.8567,plains,26.9,21.7,85,29.0,8.6,941.8
2017-08-31,PUNE_01,18.5204,73.8567,plains,27.1,22.0,82,23.6,0.4,945.8
2017-09-01,PUNE_01,18.5204,73.8567,plains,27.4,21.5,82,18.4,0.6,946.9
2017-09-02,PUNE_01,18.5204,73.8567,plains,27.2,21.8,84,19.9,1.1,946.4
2017-09-03,PUNE_01,18.5204,73.8567,plains,25.7,22.0,89,18.8,1.7,946.6
2017-09-04,PUNE_01,18.5204,73.8567,plains,28.9,21.4,82,16.5,0.0,947.7
2017-09-05,PUNE_01,18.5204,73.8567,plains,28.9,20.7,83,19.3,0.0,947.6
2017-09-06,PUNE_01,18.5204,73.8567,plains,29.3,20.9,81,17.1,0.0,946.7
2017-09-07,PUNE_01,18.5204,73.8567,plains,29.5,21.7,83,12.5,5.1,946.0
2017-09-08,PUNE_01,18.5204,73.8567,plains,29.5,22.2,89,13.6,15.5,945.9
2017-09-09,PUNE_01,18.5204,73.8567,plains,29.6,21.7,86,13.3,6.3,945.1
2017-09-10,PUNE_01,18.5204,73.8567,plains,30.2,22.3,87,12.1,4.1,945.2
2017-09-11,PUNE_01,18.5204,73.8567,plains,30.7,21.8,85,14.0,2.3,946.3
2017-09-12,PUNE_01,18.5204,73.8567,plains,30.8,22.4,81,11.3,1.9,947.0
2017-09-13,PUNE_01,18.5204,73.8567,plains,29.4,21.7,84,11.6,9.4,947.2
2017-09-14,PUNE_01,18.5204,73.8567,plains,28.2,22.4,88,15.9,8.5,946.6
2017-09-15,PUNE_01,18.5204,73.8567,plains,27.6,22.6,87,12.6,4.0,945.7
2017-09-16,PUNE_01,18.5204,73.8567,plains,28.0,21.9,86,15.7,3.4,944.6
2017-09-17,PUNE_01,18.5204,73.8567,plains,28.1,21.3,83,20.8,1.1,944.6
2017-09-18,PUNE_01,18.5204,73.8567,plains,26.8,22.2,88,24.9,5.8,944.2
2017-09-19,PUNE_01,18.5204,73.8567,plains,25.7,21.7,91,32.7,114.3,942.4
2017-09-20,PUNE_01,18.5204,73.8567,plains,23.3,20.5,92,21.7,59.3,943.5
2017-09-21,PUNE_01,18.5204,73.8567,plains,25.1,20.3,88,16.8,6.6,944.4
2017-09-22,PUNE_01,18.5204,73.8567,plains,25.7,21.3,86,16.3,0.0,946.3
2017-09-23,PUNE_01,18.5204,73.8567,plains,27.4,20.7,83,13.6,0.8,948.2
2017-09-24,PUNE_01,18.5204,73.8567,plains,28.8,20.9,87,13.9,4.0,948.5
2017-09-25,PUNE_01,18.5204,73.8567,plains,28.2,21.3,87,15.9,2.8,947.0
2017-09-26,PUNE_01,18.5204,73.8567,plains,29.3,22.0,83,12.6,0.4,946.7
2017-09-27,PUNE_01,18.5204,73.8567,plains,29.6,22.1,86,13.0,4.8,946.9
2017-09-28,PUNE_01,18.5204,73.8567,plains,29.5,21.9,82,12.2,1.1,946.0
2017-09-29,PUNE_01,18.5204,73.8567,plains,28.9,22.0,88,11.5,4.4,946.1
2017-09-30,PUNE_01,18.5204,73.8567,plains,30.1,21.5,85,12.6,2.8,947.2
2017-10-01,PUNE_01,18.5204,73.8567,plains,30.5,21.4,78,10.2,0.7,947.1
2017-10-02,PUNE_01,18.5204,73.8567,plains,30.5,22.0,77,15.3,0.2,945.8
2017-10-03,PUNE_01,18.5204,73.8567,plains,29.4,21.8,81,14.6,0.1,946.2
2017-10-04,PUNE_01,18.5204,73.8567,plains,31.0,21.3,72,11.6,0.0,946.9
2017-10-05,PUNE_01,18.5204,73.8567,plains,30.6,20.7,62,12.5,0.0,945.8
2017-10-06,PUNE_01,18.5204,73.8567,plains,29.5,22.3,76,15.0,5.2,945.4
2017-10-07,PUNE_01,18.5204,73.8567,plains,29.5,21.7,85,14.6,18.3,945.4
2017-10-08,PUNE_01,18.5204,73.8567,plains,27.6,21.8,88,10.4,6.1,945.0
2017-10-09,PUNE_01,18.5204,73.8567,plains,26.9,22.2,92,10.6,13.8,944.4
2017-10-10,PUNE_01,18.5204,73.8567,plains,27.4,21.7,90,11.9,10.2,943.9
2017-10-11,PUNE_01,18.5204,73.8567,plains,27.8,21.5,87,11.6,8.8,944.2
2017-10-12,PUNE_01,18.5204,73.8567,plains,28.9,20.6,85,11.7,2.8,945.2
2017-10-13,PUNE_01,18.5204,73.8567,plains,29.3,21.8,89,8.9,12.6,945.0
2017-10-14,PUNE_01,18.5204,73.8567,plains,28.3,21.7,91,10.8,11.9,945.0
2017-10-15,PUNE_01,18.5204,73.8567,plains,27.9,21.4,90,13.6,8.0,945.9
2017-10-16,PUNE_01,18.5204,73.8567,plains,29.5,21.8,86,10.6,1.3,946.7
2017-10-17,PUNE_01,18.5204,73.8567,plains,29.6,21.2,78,12.6,0.4,946.9
2017-10-18,PUNE_01,18.5204,73.8567,plains,31.0,19.7,70,10.8,0.0,946.4
2017-10-19,PUNE_01,18.5204,73.8567,plains,30.3,19.2,65,7.3,0.0,945.9
2017-10-20,PUNE_01,18.5204,73.8567,plains,29.6,17.5,70,10.7,0.0,946.5
2017-10-21,PUNE_01,18.5204,73.8567,plains,28.2,20.4,80,11.4,0.5,947.5
2017-10-22,PUNE_01,18.5204,73.8567,plains,28.3,21.0,84,11.9,1.3,948.1
2017-10-23,PUNE_01,18.5204,73.8567,plains,29.8,21.2,77,10.3,0.0,949.0
2017-10-24,PUNE_01,18.5204,73.8567,plains,29.6,19.2,64,7.8,0.0,950.5
2017-10-25,PUNE_01,18.5204,73.8567,plains,29.2,17.1,57,9.5,0.0,951.5
2017-10-26,PUNE_01,18.5204,73.8567,plains,29.8,18.9,65,11.2,0.0,951.5
2017-10-27,PUNE_01,18.5204,73.8567,plains,28.1,19.6,76,8.1,0.2,951.0
2017-10-28,PUNE_01,18.5204,73.8567,plains,27.9,18.8,77,8.8,0.0,950.8
2017-10-29,PUNE_01,18.5204,73.8567,plains,29.6,17.5,66,9.2,0.0,951.3
2017-10-30,PUNE_01,18.5204,73.8567,plains,29.3,17.7,59,14.4,0.0,951.6
2017-10-31,PUNE_01,18.5204,73.8567,plains,29.0,18.1,56,13.6,0.0,950.1
2017-11-01,PUNE_01,18.5204,73.8567,plains,29.3,16.7,55,13.4,0.0,950.6
2017-11-02,PUNE_01,18.5204,73.8567,plains,28.9,16.8,52,13.7,0.0,950.2
2017-11-03,PUNE_01,18.5204,73.8567,plains,28.7,16.3,53,20.0,0.0,948.9
2017-11-04,PUNE_01,18.5204,73.8567,plains,28.3,14.9,52,23.4,0.0,949.0
2017-11-05,PUNE_01,18.5204,73.8567,plains,29.5,15.7,59,14.0,0.0,949.6
2017-11-06,PUNE_01,18.5204,73.8567,plains,29.9,17.5,64,16.6,0.0,950.2
2017-11-07,PUNE_01,18.5204,73.8567,plains,29.6,18.8,58,10.1,0.0,950.3
2017-11-08,PUNE_01,18.5204,73.8567,plains,29.3,15.7,60,9.8,0.0,950.4
2017-11-09,PUNE_01,18.5204,73.8567,plains,29.1,15.3,61,9.7,0.0,949.6
2017-11-10,PUNE_01,18.5204,73.8567,plains,29.0,16.5,57,11.2,0.0,949.5
2017-11-11,PUNE_01,18.5204,73.8567,plains,29.0,17.0,55,16.2,0.0,949.8
2017-11-12,PUNE_01,18.5204,73.8567,plains,28.0,14.5,54,10.8,0.0,948.3
2017-11-13,PUNE_01,18.5204,73.8567,plains,28.1,13.9,60,13.2,0.0,946.8
2017-11-14,PUNE_01,18.5204,73.8567,plains,28.2,13.4,56,8.5,0.0,946.5
2017-11-15,PUNE_01,18.5204,73.8567,plains,28.5,15.4,61,9.2,0.0,947.2
2017-11-16,PUNE_01,18.5204,73.8567,plains,28.3,16.0,55,10.5,0.0,947.8
2017-11-17,PUNE_01,18.5204,73.8567,plains,29.1,15.5,52,10.8,0.0,948.2
2017-11-18,PUNE_01,18.5204,73.8567,plains,28.7,15.4,59,10.7,0.0,948.8
2017-11-19,PUNE_01,18.5204,73.8567,plains,29.2,18.3,53,7.9,0.0,950.1
2017-11-20,PUNE_01,18.5204,73.8567,plains,27.8,20.8,70,12.8,0.0,950.8
2017-11-21,PUNE_01,18.5204,73.8567,plains,28.8,20.3,78,10.5,1.1,950.0
2017-11-22,PUNE_01,18.5204,73.8567,plains,29.4,19.7,79,10.6,0.6,949.3
2017-11-23,PUNE_01,18.5204,73.8567,plains,30.4,17.9,67,11.9,0.0,948.9
2017-11-24,PUNE_01,18.5204,73.8567,plains,30.4,16.0,55,11.6,0.0,950.3
2017-11-25,PUNE_01,18.5204,73.8567,plains,29.9,15.3,62,9.4,0.0,951.0
2017-11-26,PUNE_01,18.5204,73.8567,plains,29.6,17.9,58,11.2,0.0,951.8
2017-11-27,PUNE_01,18.5204,73.8567,plains,29.2,16.8,52,10.5,0.0,950.7
2017-11-28,PUNE_01,18.5204,73.8567,plains,29.2,15.2,57,9.3,0.0,949.8
2017-11-29,PUNE_01,18.5204,73.8567,plains,28.8,14.7,54,8.3,0.0,950.4
2017-11-30,PUNE_01,18.5204,73.8567,plains,28.5,15.8,50,14.0,0.0,949.7
2017-12-01,PUNE_01,18.5204,73.8567,plains,28.5,14.7,57,18.1,0.0,948.5
2017-12-02,PUNE_01,18.5204,73.8567,plains,29.2,16.0,60,18.8,0.0,949.1
2017-12-03,PUNE_01,18.5204,73.8567,plains,28.9,18.1,63,16.3,0.0,949.4
2017-12-04,PUNE_01,18.5204,73.8567,plains,27.1,19.9,66,14.5,0.9,948.2
2017-12-05,PUNE_01,18.5204,73.8567,plains,28.3,20.9,69,30.1,5.3,945.5
2017-12-06,PUNE_01,18.5204,73.8567,plains,26.7,19.3,82,16.9,0.4,947.0
2017-12-07,PUNE_01,18.5204,73.8567,plains,27.6,18.5,75,15.5,0.0,948.6
2017-12-08,PUNE_01,18.5204,73.8567,plains,29.5,18.1,75,12.4,0.3,949.2
2017-12-09,PUNE_01,18.5204,73.8567,plains,29.6,18.6,70,12.5,0.0,949.6
2017-12-10,PUNE_01,18.5204,73.8567,plains,29.4,17.6,69,11.9,0.0,950.2
2017-12-11,PUNE_01,18.5204,73.8567,plains,29.3,16.9,74,15.5,0.0,951.0
2017-12-12,PUNE_01,18.5204,73.8567,plains,28.1,15.2,71,14.8,0.0,951.2
2017-12-13,PUNE_01,18.5204,73.8567,plains,28.2,14.4,73,15.8,0.0,951.2
2017-12-14,PUNE_01,18.5204,73.8567,plains,28.4,14.1,69,10.8,0.0,951.4
2017-12-15,PUNE_01,18.5204,73.8567,plains,29.0,15.1,68,12.0,0.0,951.9
2017-12-16,PUNE_01,18.5204,73.8567,plains,29.3,17.1,58,13.4,0.0,953.0
2017-12-17,PUNE_01,18.5204,73.8567,plains,28.5,16.6,51,21.5,0.0,954.0
2017-12-18,PUNE_01,18.5204,73.8567,plains,27.8,17.0,52,14.5,0.0,954.6
2017-12-19,PUNE_01,18.5204,73.8567,plains,28.2,14.2,49,20.5,0.0,953.6
2017-12-20,PUNE_01,18.5204,73.8567,plains,27.7,14.5,39,13.8,0.0,953.6
2017-12-21,PUNE_01,18.5204,73.8567,plains,28.2,14.1,44,18.0,0.0,953.6
2017-12-22,PUNE_01,18.5204,73.8567,plains,29.0,15.8,42,19.5,0.0,952.4
2017-12-23,PUNE_01,18.5204,73.8567,plains,29.1,14.0,48,14.9,0.0,950.6
2017-12-24,PUNE_01,18.5204,73.8567,plains,29.4,13.4,48,10.3,0.0,950.3
2017-12-25,PUNE_01,18.5204,73.8567,plains,29.0,14.3,53,11.2,0.0,950.8
2017-12-26,PUNE_01,18.5204,73.8567,plains,28.4,15.5,47,10.1,0.0,951.9
2017-12-27,PUNE_01,18.5204,73.8567,plains,28.3,15.3,50,10.5,0.0,951.3
2017-12-28,PUNE_01,18.5204,73.8567,plains,28.2,13.0,41,12.9,0.0,950.5
2017-12-29,PUNE_01,18.5204,73.8567,plains,28.6,13.1,46,10.8,0.0,950.5
2017-12-30,PUNE_01,18.5204,73.8567,plains,28.1,13.3,49,10.5,0.0,950.4
2017-12-31,PUNE_01,18.5204,73.8567,plains,27.8,12.3,51,10.9,0.0,949.2
2018-01-01,PUNE_01,18.5204,73.8567,plains,27.9,14.4,50,10.8,0.0,947.8
2018-01-02,PUNE_01,18.5204,73.8567,plains,28.1,12.5,52,10.6,0.0,947.5
2018-01-03,PUNE_01,18.5204,73.8567,plains,28.5,15.3,54,14.3,0.0,949.1
2018-01-04,PUNE_01,18.5204,73.8567,plains,28.0,14.9,60,11.7,0.0,949.9
2018-01-05,PUNE_01,18.5204,73.8567,plains,28.1,13.6,58,10.8,0.0,948.9
2018-01-06,PUNE_01,18.5204,73.8567,plains,27.0,14.3,54,12.8,0.0,948.5
2018-01-07,PUNE_01,18.5204,73.8567,plains,26.7,13.4,53,13.3,0.0,949.1
2018-01-08,PUNE_01,18.5204,73.8567,plains,27.8,14.1,53,11.0,0.0,949.6
2018-01-09,PUNE_01,18.5204,73.8567,plains,27.4,13.9,53,17.5,0.0,951.4
2018-01-10,PUNE_01,18.5204,73.8567,plains,28.6,14.2,57,15.2,0.0,952.2
2018-01-11,PUNE_01,18.5204,73.8567,plains,30.5,16.0,60,9.7,0.0,952.0
2018-01-12,PUNE_01,18.5204,73.8567,plains,30.4,18.2,59,13.6,0.0,951.3
2018-01-13,PUNE_01,18.5204,73.8567,plains,29.6,18.2,63,11.3,0.1,950.8
2018-01-14,PUNE_01,18.5204,73.8567,plains,31.2,18.5,57,8.2,0.0,951.3
2018-01-15,PUNE_01,18.5204,73.8567,plains,30.2,18.3,56,8.8,0.0,951.5
2018-01-16,PUNE_01,18.5204,73.8567,plains,29.8,19.5,53,6.8,0.0,950.4
2018-01-17,PUNE_01,18.5204,73.8567,plains,30.2,16.0,43,11.1,0.0,950.0
2018-01-18,PUNE_01,18.5204,73.8567,plains,29.5,16.7,48,8.8,0.0,950.6
2018-01-19,PUNE_01,18.5204,73.8567,plains,29.3,16.4,47,9.7,0.0,950.8
2018-01-20,PUNE_01,18.5204,73.8567,plains,29.1,16.5,45,8.9,0.0,950.3
2018-01-21,PUNE_01,18.5204,73.8567,plains,29.2,14.8,46,7.3,0.0,949.0
2018-01-22,PUNE_01,18.5204,73.8567,plains,29.1,14.6,49,14.3,0.0,947.6
2018-01-23,PUNE_01,18.5204,73.8567,plains,29.0,15.4,54,16.9,0.0,947.8
2018-01-24,PUNE_01,18.5204,73.8567,plains,27.6,13.6,59,9.4,0.0,948.4
2018-01-25,PUNE_01,18.5204,73.8567,plains,28.2,13.9,56,11.4,0.0,948.1
2018-01-26,PUNE_01,18.5204,73.8567,plains,28.6,14.4,46,11.3,0.0,948.3
2018-01-27,PUNE_01,18.5204,73.8567,plains,29.0,13.8,48,9.8,0.0,948.3
2018-01-28,PUNE_01,18.5204,73.8567,plains,29.0,14.3,49,10.0,0.0,949.0
2018-01-29,PUNE_01,18.5204,73.8567,plains,29.9,13.6,48,9.7,0.0,950.6
2018-01-30,PUNE_01,18.5204,73.8567,plains,29.6,14.7,41,14.4,0.0,951.5
2018-01-31,PUNE_01,18.5204,73.8567,plains,30.0,15.4,34,12.4,0.0,951.7
2018-02-01,PUNE_01,18.5204,73.8567,plains,30.0,12.1,38,11.2,0.0,951.2
2018-02-02,PUNE_01,18.5204,73.8567,plains,30.5,13.2,39,11.2,0.0,949.8
2018-02-03,PUNE_01,18.5204,73.8567,plains,31.0,15.2,37,10.2,0.0,949.7
2018-02-04,PUNE_01,18.5204,73.8567,plains,31.4,14.1,44,11.3,0.0,949.6
2018-02-05,PUNE_01,18.5204,73.8567,plains,31.0,13.6,43,13.1,0.0,950.9
2018-02-06,PUNE_01,18.5204,73.8567,plains,30.4,16.0,39,13.0,0.0,951.5
2018-02-07,PUNE_01,18.5204,73.8567,plains,29.1,18.2,47,19.4,0.0,950.5
2018-02-08,PUNE_01,18.5204,73.8567,plains,30.0,15.3,52,19.4,0.0,949.9
2018-02-09,PUNE_01,18.5204,73.8567,plains,29.1,14.7,49,20.9,0.0,949.7
2018-02-10,PUNE_01,18.5204,73.8567,plains,28.9,16.5,43,13.7,0.0,950.2
2018-02-11,PUNE_01,18.5204,73.8567,plains,30.2,16.4,53,19.9,0.7,950.2
2018-02-12,PUNE_01,18.5204,73.8567,plains,29.4,15.1,54,18.1,0.0,952.0
2018-02-13,PUNE_01,18.5204,73.8567,plains,30.4,13.2,51,15.0,0.0,953.5
2018-02-14,PUNE_01,18.5204,73.8567,plains,30.2,15.6,54,17.0,0.0,954.0
2018-02-15,PUNE_01,18.5204,73.8567,plains,30.8,18.3,53,14.8,0.0,955.1
2018-02-16,PUNE_01,18.5204,73.8567,plains,31.1,18.8,49,14.0,0.0,954.0
2018-02-17,PUNE_01,18.5204,73.8567,plains,31.6,19.4,39,10.5,0.0,950.8
2018-02-18,PUNE_01,18.5204,73.8567,plains,32.4,18.7,36,11.2,0.0,948.9
2018-02-19,PUNE_01,18.5204,73.8567,plains,32.5,18.1,35,12.8,0.0,949.0
2018-02-20,PUNE_01,18.5204,73.8567,plains,32.5,17.4,35,10.5,0.0,949.1
2018-02-21,PUNE_01,18.5204,73.8567,plains,32.3,18.3,33,11.4,0.0,948.2
2018-02-22,PUNE_01,18.5204,73.8567,plains,33.3,17.1,39,12.8,0.0,947.8
2018-02-23,PUNE_01,18.5204,73.8567,plains,33.5,19.4,41,16.2,0.0,948.3
2018-02-24,PUNE_01,18.5204,73.8567,plains,33.2,19.9,43,13.5,0.0,950.1
2018-02-25,PUNE_01,18.5204,73.8567,plains,33.1,19.0,39,14.5,0.0,951.0
2018-02-26,PUNE_01,18.5204,73.8567,plains,33.8,19.9,33,13.4,0.0,950.2
2018-02-27,PUNE_01,18.5204,73.8567,plains,33.8,18.4,30,13.7,0.0,949.4
2018-02-28,PUNE_01,18.5204,73.8567,plains,34.4,19.6,30,10.9,0.0,949.2
2018-03-01,PUNE_01,18.5204,73.8567,plains,34.7,19.1,32,14.4,0.0,948.5
2018-03-02,PUNE_01,18.5204,73.8567,plains,35.1,19.7,34,16.7,0.0,948.3
2018-03-03,PUNE_01,18.5204,73.8567,plains,34.0,21.0,39,18.1,0.0,948.0
2018-03-04,PUNE_01,18.5204,73.8567,plains,34.3,19.6,50,23.7,0.0,947.6
2018-03-05,PUNE_01,18.5204,73.8567,plains,33.4,20.0,46,13.9,0.0,948.7
2018-03-06,PUNE_01,18.5204,73.8567,plains,34.2,19.6,39,13.8,0.0,949.1
2018-03-07,PUNE_01,18.5204,73.8567,plains,33.8,21.0,44,16.7,0.0,948.3
2018-03-08,PUNE_01,18.5204,73.8567,plains,33.9,19.8,48,17.2,0.0,948.9
2018-03-09,PUNE_01,18.5204,73.8567,plains,34.6,20.1,40,15.0,0.0,949.2
2018-03-10,PUNE_01,18.5204,73.8567,plains,34.1,20.6,40,17.0,0.0,949.2
2018-03-11,PUNE_01,18.5204,73.8567,plains,34.8,21.9,33,14.6,0.0,949.6
2018-03-12,PUNE_01,18.5204,73.8567,plains,35.6,22.0,27,14.3,0.0,949.7
2018-03-13,PUNE_01,18.5204,73.8567,plains,35.4,22.8,30,18.7,0.0,949.5
2018-03-14,PUNE_01,18.5204,73.8567,plains,34.9,21.3,24,16.0,0.0,948.6
2018-03-15,PUNE_01,18.5204,73.8567,plains,28.4,23.4,26,8.5,0.0,949.0
2018-03-16,PUNE_01,18.5204,73.8567,plains,30.7,22.1,40,13.3,1.8,948.6
2018-03-17,PUNE_01,18.5204,73.8567,plains,31.3,20.4,48,15.6,0.0,948.5
2018-03-18,PUNE_01,18.5204,73.8567,plains,31.9,21.7,48,16.0,0.0,948.7
2018-03-19,PUNE_01,18.5204,73.8567,plains,33.8,21.2,47,18.1,0.1,950.4
2018-03-20,PUNE_01,18.5204,73.8567,plains,34.0,19.8,38,17.6,0.0,949.8
2018-03-21,PUNE_01,18.5204,73.8567,plains,33.6,18.9,42,21.6,0.0,949.3
2018-03-22,PUNE_01,18.5204,73.8567,plains,32.2,17.4,39,16.1,0.0,948.5
2018-03-23,PUNE_01,18.5204,73.8567,plains,33.2,16.4,45,15.0,0.0,948.2
2018-03-24,PUNE_01,18.5204,73.8567,plains,35.5,17.2,49,14.9,0.0,949.3
2018-03-25,PUNE_01,18.5204,73.8567,plains,36.7,20.6,32,17.4,0.0,950.7
2018-03-26,PUNE_01,18.5204,73.8567,plains,37.4,20.9,28,14.8,0.0,950.8
2018-03-27,PUNE_01,18.5204,73.8567,plains,37.5,20.4,39,23.3,0.0,949.2
2018-03-28,PUNE_01,18.5204,73.8567,plains,35.7,22.2,38,17.6,0.0,948.9
2018-03-29,PUNE_01,18.5204,73.8567,plains,36.6,20.2,35,17.4,0.0,948.6
2018-03-30,PUNE_01,18.5204,73.8567,plains,37.0,20.7,39,21.1,0.0,947.9
2018-03-31,PUNE_01,18.5204,73.8567,plains,35.7,21.1,45,20.9,0.0,947.5
2018-04-01,PUNE_01,18.5204,73.8567,plains,37.2,20.3,36,22.5,0.0,947.1
2018-04-02,PUNE_01,18.5204,73.8567,plains,37.3,22.3,31,20.5,0.0,947.9
2018-04-03,PUNE_01,18.5204,73.8567,plains,38.5,22.2,34,24.0,0.0,947.7
2018-04-04,PUNE_01,18.5204,73.8567,plains,37.8,23.1,38,24.6,0.0,946.3
2018-04-05,PUNE_01,18.5204,73.8567,plains,37.6,22.7,38,21.2,0.0,945.5
2018-04-06,PUNE_01,18.5204,73.8567,plains,36.3,22.3,38,18.4,0.0,946.6
2018-04-07,PUNE_01,18.5204,73.8567,plains,34.9,22.1,42,16.9,2.0,948.0
2018-04-08,PUNE_01,18.5204,73.8567,plains,35.0,21.1,49,14.3,1.6,948.4
2018-04-09,PUNE_01,18.5204,73.8567,plains,35.9,20.6,32,19.8,0.0,948.5
2018-04-10,PUNE_01,18.5204,73.8567,plains,36.0,21.5,35,24.5,0.0,947.5
2018-04-11,PUNE_01,18.5204,73.8567,plains,35.0,20.5,43,16.2,0.0,947.7
2018-04-12,PUNE_01,18.5204,73.8567,plains,36.0,20.8,52,22.1,0.0,947.1
2018-04-13,PUNE_01,18.5204,73.8567,plains,36.6,20.9,41,20.8,0.0,947.5
2018-04-14,PUNE_01,18.5204,73.8567,plains,36.9,21.3,37,21.7,0.0,947.2
2018-04-15,PUNE_01,18.5204,73.8567,plains,36.9,22.1,48,19.8,0.1,947.7
2018-04-16,PUNE_01,18.5204,73.8567,plains,37.8,22.0,49,16.5,0.0,948.6
2018-04-17,PUNE_01,18.5204,73.8567,plains,37.4,23.9,53,13.3,3.2,949.6
2018-04-18,PUNE_01,18.5204,73.8567,plains,36.6,24.0,55,22.4,2.4,949.6
2018-04-19,PUNE_01,18.5204,73.8567,plains,38.3,24.2,38,22.8,0.0,947.2
2018-04-20,PUNE_01,18.5204,73.8567,plains,35.5,22.9,39,21.3,0.0,947.5
2018-04-21,PUNE_01,18.5204,73.8567,plains,36.5,21.9,45,17.9,0.0,947.4
2018-04-22,PUNE_01,18.5204,73.8567,plains,37.3,22.9,34,18.7,0.0,947.5
2018-04-23,PUNE_01,18.5204,73.8567,plains,37.8,21.1,34,19.9,0.0,947.9
2018-04-24,PUNE_01,18.5204,73.8567,plains,38.6,20.9,34,21.9,0.0,947.8
2018-04-25,PUNE_01,18.5204,73.8567,plains,37.7,20.8,29,20.5,0.0,947.2
2018-04-26,PUNE_01,18.5204,73.8567,plains,37.3,20.9,38,23.1,0.0,946.6
2018-04-27,PUNE_01,18.5204,73.8567,plains,39.7,20.3,44,20.9,0.0,947.2
2018-04-28,PUNE_01,18.5204,73.8567,plains,39.9,22.7,44,21.3,0.0,947.8
2018-04-29,PUNE_01,18.5204,73.8567,plains,38.0,22.1,52,23.0,0.0,947.6
2018-04-30,PUNE_01,18.5204,73.8567,plains,37.8,22.7,43,24.9,0.0,946.5
2018-05-01,PUNE_01,18.5204,73.8567,plains,38.4,21.4,51,22.0,0.0,947.0
2018-05-02,PUNE_01,18.5204,73.8567,plains,37.8,22.0,45,26.8,0.0,947.2
2018-05-03,PUNE_01,18.5204,73.8567,plains,38.3,21.7,48,24.2,0.0,947.2
2018-05-04,PUNE_01,18.5204,73.8567,plains,38.4,22.6,41,22.8,0.0,947.3
2018-05-05,PUNE_01,18.5204,73.8567,plains,38.0,22.5,51,22.0,0.0,947.7
2018-05-06,PUNE_01,18.5204,73.8567,plains,38.9,23.5,51,26.1,0.0,948.3
2018-05-07,PUNE_01,18.5204,73.8567,plains,37.1,23.6,47,20.1,0.0,948.3
2018-05-08,PUNE_01,18.5204,73.8567,plains,37.6,22.4,43,19.1,0.0,947.0
2018-05-09,PUNE_01,18.5204,73.8567,plains,39.4,22.7,46,19.3,0.0,946.8
2018-05-10,PUNE_01,18.5204,73.8567,plains,39.6,25.4,47,17.3,0.0,948.0
2018-05-11,PUNE_01,18.5204,73.8567,plains,37.5,24.3,59,21.8,0.9,947.7
2018-05-12,PUNE_01,18.5204,73.8567,plains,36.5,23.4,54,18.3,0.7,947.5
2018-05-13,PUNE_01,18.5204,73.8567,plains,38.5,22.9,48,18.4,0.1,946.8
2018-05-14,PUNE_01,18.5204,73.8567,plains,36.4,23.9,57,21.3,0.6,947.3
2018-05-15,PUNE_01,18.5204,73.8567,plains,35.8,22.3,61,20.4,0.1,946.6
2018-05-16,PUNE_01,18.5204,73.8567,plains,36.9,23.5,57,24.4,0.6,945.8
2018-05-17,PUNE_01,18.5204,73.8567,plains,38.9,23.5,59,19.7,0.0,945.5
2018-05-18,PUNE_01,18.5204,73.8567,plains,34.3,24.3,65,19.5,2.9,946.0
2018-05-19,PUNE_01,18.5204,73.8567,plains,36.3,23.0,56,21.6,0.9,945.5
2018-05-20,PUNE_01,18.5204,73.8567,plains,35.5,22.5,56,24.1,0.0,945.6
2018-05-21,PUNE_01,18.5204,73.8567,plains,36.3,22.6,63,23.4,0.4,945.7
2018-05-22,PUNE_01,18.5204,73.8567,plains,33.8,22.6,54,19.9,0.0,946.0
2018-05-23,PUNE_01,18.5204,73.8567,plains,35.0,23.1,54,21.6,0.0,945.4
2018-05-24,PUNE_01,18.5204,73.8567,plains,32.8,23.6,65,21.8,1.9,945.5
2018-05-25,PUNE_01,18.5204,73.8567,plains,35.5,23.9,63,19.2,0.0,945.1
2018-05-26,PUNE_01,18.5204,73.8567,plains,36.4,23.2,61,17.2,2.2,944.2
2018-05-27,PUNE_01,18.5204,73.8567,plains,36.6,24.7,65,18.8,2.1,944.0
2018-05-28,PUNE_01,18.5204,73.8567,plains,35.3,24.4,67,19.7,1.4,942.9
2018-05-29,PUNE_01,18.5204,73.8567,plains,32.6,24.9,67,24.2,0.0,943.1
2018-05-30,PUNE_01,18.5204,73.8567,plains,34.3,23.9,64,20.6,0.0,943.3
2018-05-31,PUNE_01,18.5204,73.8567,plains,35.9,23.9,67,21.2,1.3,944.3
2018-06-01,PUNE_01,18.5204,73.8567,plains,34.2,24.3,72,16.9,5.8,945.2
2018-06-02,PUNE_01,18.5204,73.8567,plains,32.1,23.4,81,16.2,9.9,945.6
2018-06-03,PUNE_01,18.5204,73.8567,plains,30.3,23.3,79,18.1,1.3,944.8
2018-06-04,PUNE_01,18.5204,73.8567,plains,32.6,23.6,75,16.0,2.7,943.7
2018-06-05,PUNE_01,18.5204,73.8567,plains,32.0,23.1,76,14.1,3.3,943.9
2018-06-06,PUNE_01,18.5204,73.8567,plains,28.5,24.1,83,18.5,4.6,945.7
2018-06-07,PUNE_01,18.5204,73.8567,plains,29.3,23.3,85,21.5,7.2,943.9
2018-06-08,PUNE_01,18.5204,73.8567,plains,29.4,23.5,84,20.5,5.3,941.4
2018-06-09,PUNE_01,18.5204,73.8567,plains,28.1,22.6,84,26.6,10.4,940.5
2018-06-10,PUNE_01,18.5204,73.8567,plains,27.8,23.1,83,30.3,2.9,941.3
2018-06-11,PUNE_01,18.5204,73.8567,plains,28.3,24.1,81,32.6,2.2,942.4
2018-06-12,PUNE_01,18.5204,73.8567,plains,29.4,23.7,77,30.6,0.1,942.6
2018-06-13,PUNE_01,18.5204,73.8567,plains,29.8,23.8,77,26.8,0.0,943.2
2018-06-14,PUNE_01,18.5204,73.8567,plains,29.4,23.8,77,26.9,0.2,944.3
2018-06-15,PUNE_01,18.5204,73.8567,plains,29.3,23.2,78,25.0,0.3,944.8
2018-06-16,PUNE_01,18.5204,73.8567,plains,28.7,23.0,78,25.1,0.5,946.0
2018-06-17,PUNE_01,18.5204,73.8567,plains,27.1,22.9,81,28.8,2.2,945.7
2018-06-18,PUNE_01,18.5204,73.8567,plains,27.3,22.1,88,23.2,25.1,943.7
2018-06-19,PUNE_01,18.5204,73.8567,plains,29.7,22.0,84,13.8,3.8,943.3
2018-06-20,PUNE_01,18.5204,73.8567,plains,30.5,22.8,83,17.9,3.5,943.5
2018-06-21,PUNE_01,18.5204,73.8567,plains,29.7,23.0,85,20.3,13.4,943.3
2018-06-22,PUNE_01,18.5204,73.8567,plains,25.9,22.7,90,17.6,12.1,943.5
2018-06-23,PUNE_01,18.5204,73.8567,plains,27.1,22.3,86,21.0,5.7,943.1
2018-06-24,PUNE_01,18.5204,73.8567,plains,27.0,22.0,87,24.0,5.9,943.0
2018-06-25,PUNE_01,18.5204,73.8567,plains,25.1,22.8,88,25.1,6.8,941.9
2018-06-26,PUNE_01,18.5204,73.8567,plains,26.0,22.2,86,30.2,6.3,941.1
2018-06-27,PUNE_01,18.5204,73.8567,plains,27.6,22.7,81,27.9,0.7,940.7
2018-06-28,PUNE_01,18.5204,73.8567,plains,27.1,22.7,83,24.2,4.0,941.2
2018-06-29,PUNE_01,18.5204,73.8567,plains,27.2,22.4,83,21.8,5.7,942.1
2018-06-30,PUNE_01,18.5204,73.8567,plains,27.6,22.1,81,22.0,0.4,943.8
2018-07-01,PUNE_01,18.5204,73.8567,plains,28.6,21.7,81,19.6,1.1,944.5
2018-07-02,PUNE_01,18.5204,73.8567,plains,27.1,22.9,83,23.2,4.3,943.7
2018-07-03,PUNE_01,18.5204,73.8567,plains,26.2,22.7,84,27.0,5.1,943.9
2018-07-04,PUNE_01,18.5204,73.8567,plains,25.5,22.6,88,28.3,17.7,944.0
2018-07-05,PUNE_01,18.5204,73.8567,plains,26.1,22.0,86,29.9,9.1,944.2
2018-07-06,PUNE_01,18.5204,73.8567,plains,26.1,22.5,85,25.2,1.5,944.1
2018-07-07,PUNE_01,18.5204,73.8567,plains,24.3,22.1,90,23.8,17.6,942.8
2018-07-08,PUNE_01,18.5204,73.8567,plains,24.2,21.4,91,20.2,22.2,942.0
2018-07-09,PUNE_01,18.5204,73.8567,plains,25.3,21.9,89,23.1,17.9,941.4
2018-07-10,PUNE_01,18.5204,73.8567,plains,25.1,22.1,90,24.3,14.1,941.7
2018-07-11,PUNE_01,18.5204,73.8567,plains,25.0,22.4,89,28.8,11.9,941.8
2018-07-12,PUNE_01,18.5204,73.8567,plains,23.4,22.1,91,24.4,22.1,941.3
2018-07-13,PUNE_01,18.5204,73.8567,plains,25.3,22.2,87,25.5,10.0,941.1
2018-07-14,PUNE_01,18.5204,73.8567,plains,25.8,22.4,86,29.0,3.7,940.4
2018-07-15,PUNE_01,18.5204,73.8567,plains,25.2,22.5,88,26.9,12.2,939.1
2018-07-16,PUNE_01,18.5204,73.8567,plains,24.6,22.4,90,26.8,20.5,939.7
2018-07-17,PUNE_01,18.5204,73.8567,plains,24.6,22.4,89,28.2,14.3,940.6
2018-07-18,PUNE_01,18.5204,73.8567,plains,26.3,22.0,84,29.5,4.7,941.9
2018-07-19,PUNE_01,18.5204,73.8567,plains,26.5,22.2,83,28.2,2.7,942.4
2018-07-20,PUNE_01,18.5204,73.8567,plains,25.8,22.3,85,27.4,5.2,942.0
2018-07-21,PUNE_01,18.5204,73.8567,plains,26.4,22.4,83,29.6,3.4,943.1
2018-07-22,PUNE_01,18.5204,73.8567,plains,25.5,22.4,87,28.7,6.2,942.8
2018-07-23,PUNE_01,18.5204,73.8567,plains,25.2,22.2,84,30.3,0.7,942.4
2018-07-24,PUNE_01,18.5204,73.8567,plains,25.2,22.6,84,28.2,1.2,943.8
2018-07-25,PUNE_01,18.5204,73.8567,plains,26.2,21.9,82,27.1,0.2,944.5
2018-07-26,PUNE_01,18.5204,73.8567,plains,24.6,22.4,84,29.6,0.2,944.6
2018-07-27,PUNE_01,18.5204,73.8567,plains,26.2,22.5,82,28.9,1.2,944.1
2018-07-28,PUNE_01,18.5204,73.8567,plains,26.9,22.5,82,27.3,1.4,944.2
2018-07-29,PUNE_01,18.5204,73.8567,plains,27.3,22.1,80,27.1,0.4,944.3
2018-07-30,PUNE_01,18.5204,73.8567,plains,27.2,22.5,80,25.4,0.4,944.0
2018-07-31,PUNE_01,18.5204,73.8567,plains,26.9,22.4,81,28.9,0.3,944.0
2018-08-01,PUNE_01,18.5204,73.8567,plains,27.1,22.6,82,30.6,0.9,944.5
2018-08-02,PUNE_01,18.5204,73.8567,plains,27.1,22.4,81,30.8,0.8,945.9
2018-08-03,PUNE_01,18.5204,73.8567,plains,26.0,22.1,82,31.0,1.1,946.9
2018-08-04,PUNE_01,18.5204,73.8567,plains,25.9,21.7,84,31.6,5.1,946.4
2018-08-05,PUNE_01,18.5204,73.8567,plains,26.1,21.6,82,31.3,2.2,946.2
2018-08-06,PUNE_01,18.5204,73.8567,plains,26.3,22.1,81,31.9,1.0,944.5
2018-08-07,PUNE_01,18.5204,73.8567,plains,25.5,21.7,81,28.7,0.8,942.8
2018-08-08,PUNE_01,18.5204,73.8567,plains,26.2,22.2,82,29.4,1.5,942.3
2018-08-09,PUNE_01,18.5204,73.8567,plains,25.3,22.0,84,26.3,1.6,944.9
2018-08-10,PUNE_01,18.5204,73.8567,plains,25.8,22.2,84,28.1,1.1,946.5
2018-08-11,PUNE_01,18.5204,73.8567,plains,25.5,22.0,85,31.0,6.1,945.1
2018-08-12,PUNE_01,18.5204,73.8567,plains,26.2,21.8,84,34.4,4.8,942.5
2018-08-13,PUNE_01,18.5204,73.8567,plains,25.8,22.1,83,33.3,3.3,941.6
2018-08-14,PUNE_01,18.5204,73.8567,plains,26.3,22.3,83,29.9,0.9,942.5
2018-08-15,PUNE_01,18.5204,73.8567,plains,26.5,22.5,84,27.1,1.7,942.3
2018-08-16,PUNE_01,18.5204,73.8567,plains,24.4,21.8,91,26.3,23.5,941.4
2018-08-17,PUNE_01,18.5204,73.8567,plains,25.0,21.9,88,34.6,20.9,940.5
2018-08-18,PUNE_01,18.5204,73.8567,plains,25.6,22.0,86,30.0,3.6,942.2
2018-08-19,PUNE_01,18.5204,73.8567,plains,25.3,21.8,86,28.5,2.8,943.2
2018-08-20,PUNE_01,18.5204,73.8567,plains,24.4,21.5,90,23.9,9.9,943.6
2018-08-21,PUNE_01,18.5204,73.8567,plains,23.1,21.4,92,21.8,18.4,943.5
2018-08-22,PUNE_01,18.5204,73.8567,plains,24.9,21.5,89,28.3,6.7,944.8
2018-08-23,PUNE_01,18.5204,73.8567,plains,26.4,21.4,84,25.6,3.1,946.0
2018-08-24,PUNE_01,18.5204,73.8567,plains,26.2,21.2,84,25.5,2.6,945.8
2018-08-25,PUNE_01,18.5204,73.8567,plains,25.6,21.3,85,25.7,3.7,945.2
2018-08-26,PUNE_01,18.5204,73.8567,plains,25.3,21.6,86,28.1,6.8,943.8
2018-08-27,PUNE_01,18.5204,73.8567,plains,24.0,21.4,88,20.9,5.0,944.0
2018-08-28,PUNE_01,18.5204,73.8567,plains,23.9,21.0,89,22.1,4.8,944.2
2018-08-29,PUNE_01,18.5204,73.8567,plains,26.2,20.8,86,23.4,2.2,945.6
2018-08-30,PUNE_01,18.5204,73.8567,plains,26.4,21.4,85,25.3,2.3,945.6
2018-08-31,PUNE_01,18.5204,73.8567,plains,25.9,21.0,84,23.8,1.4,946.1
2018-09-01,PUNE_01,18.5204,73.8567,plains,25.3,21.1,85,23.8,2.6,946.8
2018-09-02,PUNE_01,18.5204,73.8567,plains,26.1,21.6,85,24.2,7.1,946.7
2018-09-03,PUNE_01,18.5204,73.8567,plains,25.8,20.9,84,23.4,2.7,946.8
2018-09-04,PUNE_01,18.5204,73.8567,plains,25.9,20.6,84,23.5,2.4,947.6
2018-09-05,PUNE_01,18.5204,73.8567,plains,25.7,20.7,82,23.9,0.0,947.2
2018-09-06,PUNE_01,18.5204,73.8567,plains,26.2,20.4,82,22.9,0.3,946.1
2018-09-07,PUNE_01,18.5204,73.8567,plains,25.6,20.1,83,22.3,1.0,946.3
2018-09-08,PUNE_01,18.5204,73.8567,plains,26.1,19.6,82,21.9,0.7,946.4
2018-09-09,PUNE_01,18.5204,73.8567,plains,26.7,18.9,81,15.5,0.1,947.4
2018-09-10,PUNE_01,18.5204,73.8567,plains,27.1,19.2,83,16.5,0.7,949.6
2018-09-11,PUNE_01,18.5204,73.8567,plains,28.4,18.9,82,17.5,0.1,950.4
2018-09-12,PUNE_01,18.5204,73.8567,plains,28.1,18.8,81,18.8,0.0,948.9
2018-09-13,PUNE_01,18.5204,73.8567,plains,27.5,18.2,81,15.9,0.2,947.6
2018-09-14,PUNE_01,18.5204,73.8567,plains,27.0,19.0,83,16.5,1.3,948.1
2018-09-15,PUNE_01,18.5204,73.8567,plains,27.7,20.2,84,18.1,2.2,948.9
2018-09-16,PUNE_01,18.5204,73.8567,plains,28.7,20.8,85,14.5,1.4,947.7
2018-09-17,PUNE_01,18.5204,73.8567,plains,27.9,20.4,81,17.4,0.9,946.8
2018-09-18,PUNE_01,18.5204,73.8567,plains,27.8,19.6,83,16.4,1.5,947.1
2018-09-19,PUNE_01,18.5204,73.8567,plains,25.5,20.6,88,12.8,3.7,947.2
2018-09-20,PUNE_01,18.5204,73.8567,plains,28.2,20.8,86,15.5,3.6,945.2
2018-09-21,PUNE_01,18.5204,73.8567,plains,28.9,21.8,84,15.5,0.8,944.4
2018-09-22,PUNE_01,18.5204,73.8567,plains,27.0,21.8,83,22.3,1.2,946.1
2018-09-23,PUNE_01,18.5204,73.8567,plains,29.0,21.1,83,16.7,3.1,949.3
2018-09-24,PUNE_01,18.5204,73.8567,plains,28.9,21.2,85,14.1,6.3,949.8
2018-09-25,PUNE_01,18.5204,73.8567,plains,30.4,21.0,82,15.0,0.8,949.2
2018-09-26,PUNE_01,18.5204,73.8567,plains,30.5,21.3,82,9.7,1.1,948.0
2018-09-27,PUNE_01,18.5204,73.8567,plains,31.1,21.7,80,12.0,0.3,947.7
2018-09-28,PUNE_01,18.5204,73.8567,plains,29.8,22.2,82,9.5,4.8,948.4
2018-09-29,PUNE_01,18.5204,73.8567,plains,31.1,21.8,79,12.2,8.6,948.9
2018-09-30,PUNE_01,18.5204,73.8567,plains,30.6,22.0,80,11.2,12.1,948.7
2018-10-01,PUNE_01,18.5204,73.8567,plains,31.6,21.7,77,13.2,3.9,948.4
2018-10-02,PUNE_01,18.5204,73.8567,plains,30.9,21.5,80,10.0,3.1,948.9
2018-10-03,PUNE_01,18.5204,73.8567,plains,31.3,22.2,82,10.4,9.2,948.7
2018-10-04,PUNE_01,18.5204,73.8567,plains,28.5,21.7,78,9.3,1.2,949.0
2018-10-05,PUNE_01,18.5204,73.8567,plains,29.1,21.6,78,16.7,1.2,949.3
2018-10-06,PUNE_01,18.5204,73.8567,plains,31.2,21.0,67,18.6,0.0,948.8
2018-10-07,PUNE_01,18.5204,73.8567,plains,32.6,20.9,61,17.5,0.0,948.1
2018-10-08,PUNE_01,18.5204,73.8567,plains,32.5,21.3,62,14.4,0.1,947.9
2018-10-09,PUNE_01,18.5204,73.8567,plains,31.7,21.6,73,13.7,0.1,947.9
2018-10-10,PUNE_01,18.5204,73.8567,plains,31.8,21.0,75,19.7,0.0,947.7
2018-10-11,PUNE_01,18.5204,73.8567,plains,32.6,21.5,73,17.3,0.0,947.5
2018-10-12,PUNE_01,18.5204,73.8567,plains,33.1,20.8,66,11.9,0.0,948.0
2018-10-13,PUNE_01,18.5204,73.8567,plains,32.6,20.7,56,15.8,0.0,949.6
2018-10-14,PUNE_01,18.5204,73.8567,plains,32.1,19.6,57,12.0,0.0,950.4
2018-10-15,PUNE_01,18.5204,73.8567,plains,33.3,21.0,50,16.3,0.0,950.5
2018-10-16,PUNE_01,18.5204,73.8567,plains,32.9,18.9,59,16.2,0.0,950.7
2018-10-17,PUNE_01,18.5204,73.8567,plains,29.6,20.8,71,14.8,0.0,950.5
2018-10-18,PUNE_01,18.5204,73.8567,plains,29.6,21.2,74,13.0,0.1,950.1
2018-10-19,PUNE_01,18.5204,73.8567,plains,32.0,21.1,69,14.0,0.8,950.3
2018-10-20,PUNE_01,18.5204,73.8567,plains,33.2,20.9,62,9.4,0.1,951.2
2018-10-21,PUNE_01,18.5204,73.8567,plains,32.9,20.6,67,14.1,0.0,951.7
2018-10-22,PUNE_01,18.5204,73.8567,plains,32.0,21.9,65,7.4,0.1,951.6
2018-10-23,PUNE_01,18.5204,73.8567,plains,33.2,21.7,52,12.8,0.0,951.1
2018-10-24,PUNE_01,18.5204,73.8567,plains,32.8,19.8,45,12.0,0.0,950.6
2018-10-25,PUNE_01,18.5204,73.8567,plains,31.0,21.6,55,17.0,0.0,951.9
2018-10-26,PUNE_01,18.5204,73.8567,plains,32.2,20.8,52,17.1,0.0,952.6
2018-10-27,PUNE_01,18.5204,73.8567,plains,32.4,19.2,40,16.6,0.0,952.7
2018-10-28,PUNE_01,18.5204,73.8567,plains,32.2,20.4,38,17.6,0.0,951.7
2018-10-29,PUNE_01,18.5204,73.8567,plains,31.3,18.9,35,14.1,0.0,950.7
2018-10-30,PUNE_01,18.5204,73.8567,plains,30.5,17.4,40,14.1,0.0,949.8
2018-10-31,PUNE_01,18.5204,73.8567,plains,31.3,18.1,45,21.6,0.0,949.7
2018-11-01,PUNE_01,18.5204,73.8567,plains,31.4,18.5,48,17.7,0.0,949.5
2018-11-02,PUNE_01,18.5204,73.8567,plains,30.7,19.6,49,13.7,0.0,949.5
2018-11-03,PUNE_01,18.5204,73.8567,plains,31.1,21.0,66,16.3,1.7,950.0
2018-11-04,PUNE_01,18.5204,73.8567,plains,31.2,21.6,77,11.8,1.6,950.7
2018-11-05,PUNE_01,18.5204,73.8567,plains,29.5,20.8,83,11.8,12.7,951.1
2018-11-06,PUNE_01,18.5204,73.8567,plains,29.6,21.5,78,10.0,1.2,951.2
2018-11-07,PUNE_01,18.5204,73.8567,plains,30.5,20.3,66,6.8,0.0,951.3
2018-11-08,PUNE_01,18.5204,73.8567,plains,31.0,19.5,60,9.9,0.0,950.5
2018-11-09,PUNE_01,18.5204,73.8567,plains,31.2,20.2,58,7.5,0.0,949.6
2018-11-10,PUNE_01,18.5204,73.8567,plains,30.9,19.4,55,7.2,0.0,950.3
2018-11-11,PUNE_01,18.5204,73.8567,plains,31.1,18.2,52,9.4,0.0,950.9
2018-11-12,PUNE_01,18.5204,73.8567,plains,30.1,16.4,48,9.0,0.0,950.2
2018-11-13,PUNE_01,18.5204,73.8567,plains,30.2,16.3,46,9.4,0.0,948.6
2018-11-14,PUNE_01,18.5204,73.8567,plains,30.6,17.3,48,8.4,0.0,948.6
2018-11-15,PUNE_01,18.5204,73.8567,plains,31.1,16.4,46,15.1,0.0,950.2
2018-11-16,PUNE_01,18.5204,73.8567,plains,31.4,15.6,36,14.7,0.0,950.7
2018-11-17,PUNE_01,18.5204,73.8567,plains,31.8,17.5,45,10.0,0.0,949.6
2018-11-18,PUNE_01,18.5204,73.8567,plains,31.8,17.8,57,10.2,0.1,949.7
2018-11-19,PUNE_01,18.5204,73.8567,plains,31.3,20.1,74,13.2,2.6,951.5
2018-11-20,PUNE_01,18.5204,73.8567,plains,27.9,20.2,82,8.6,4.7,952.3
2018-11-21,PUNE_01,18.5204,73.8567,plains,29.6,19.6,76,10.6,0.3,952.1
2018-11-22,PUNE_01,18.5204,73.8567,plains,30.3,19.3,60,16.1,0.0,952.1
2018-11-23,PUNE_01,18.5204,73.8567,plains,30.5,18.7,54,22.4,0.0,953.3
2018-11-24,PUNE_01,18.5204,73.8567,plains,30.6,16.5,48,14.0,0.0,953.9
2018-11-25,PUNE_01,18.5204,73.8567,plains,30.3,17.6,53,8.0,0.0,952.8
2018-11-26,PUNE_01,18.5204,73.8567,plains,30.4,17.3,50,10.4,0.0,951.2
2018-11-27,PUNE_01,18.5204,73.8567,plains,30.0,15.0,45,15.7,0.0,951.2
2018-11-28,PUNE_01,18.5204,73.8567,plains,29.2,14.9,45,14.0,0.0,951.7
2018-11-29,PUNE_01,18.5204,73.8567,plains,29.4,14.0,51,12.6,0.0,952.9
2018-11-30,PUNE_01,18.5204,73.8567,plains,29.4,14.0,49,12.6,0.0,952.9
2018-12-01,PUNE_01,18.5204,73.8567,plains,27.8,13.3,51,11.9,0.0,950.9
2018-12-02,PUNE_01,18.5204,73.8567,plains,28.5,15.4,51,9.8,0.0,949.3
2018-12-03,PUNE_01,18.5204,73.8567,plains,29.3,15.5,52,9.8,0.0,949.6
2018-12-04,PUNE_01,18.5204,73.8567,plains,28.4,16.7,56,16.3,0.0,951.0
2018-12-05,PUNE_01,18.5204,73.8567,plains,29.6,18.3,57,12.8,0.0,950.3
2018-12-06,PUNE_01,18.5204,73.8567,plains,29.6,17.6,57,11.4,0.0,949.2
2018-12-07,PUNE_01,18.5204,73.8567,plains,30.5,18.5,54,10.2,0.0,949.5
2018-12-08,PUNE_01,18.5204,73.8567,plains,30.8,17.8,57,13.1,0.0,950.2
2018-12-09,PUNE_01,18.5204,73.8567,plains,30.8,17.5,54,15.5,0.0,949.5
2018-12-10,PUNE_01,18.5204,73.8567,plains,29.1,15.8,47,13.5,0.0,949.3
2018-12-11,PUNE_01,18.5204,73.8567,plains,28.0,13.1,48,9.5,0.0,950.1
2018-12-12,PUNE_01,18.5204,73.8567,plains,27.4,13.3,51,10.8,0.0,950.6
2018-12-13,PUNE_01,18.5204,73.8567,plains,27.9,15.0,56,9.8,0.0,951.6
2018-12-14,PUNE_01,18.5204,73.8567,plains,27.5,14.9,54,15.0,0.0,952.5
2018-12-15,PUNE_01,18.5204,73.8567,plains,26.7,17.5,57,22.4,0.0,952.6
2018-12-16,PUNE_01,18.5204,73.8567,plains,27.4,15.8,51,16.6,0.0,952.6
2018-12-17,PUNE_01,18.5204,73.8567,plains,25.8,13.1,44,10.0,0.0,951.6
2018-12-18,PUNE_01,18.5204,73.8567,plains,26.8,14.7,55,12.8,0.0,952.1
2018-12-19,PUNE_01,18.5204,73.8567,plains,26.6,12.3,57,16.2,0.0,952.2
2018-12-20,PUNE_01,18.5204,73.8567,plains,26.3,12.2,58,13.5,0.0,951.9
2018-12-21,PUNE_01,18.5204,73.8567,plains,27.9,12.5,61,8.0,0.0,951.1
2018-12-22,PUNE_01,18.5204,73.8567,plains,28.9,12.9,61,9.0,0.0,950.7
2018-12-23,PUNE_01,18.5204,73.8567,plains,29.8,17.0,55,10.9,0.0,951.3
2018-12-24,PUNE_01,18.5204,73.8567,plains,30.0,16.6,60,11.3,0.0,951.4
2018-12-25,PUNE_01,18.5204,73.8567,plains,30.6,17.5,58,14.7,0.0,951.0
2018-12-26,PUNE_01,18.5204,73.8567,plains,29.6,16.9,50,18.9,0.0,950.7
2018-12-27,PUNE_01,18.5204,73.8567,plains,26.3,12.7,45,10.7,0.0,950.8
2018-12-28,PUNE_01,18.5204,73.8567,plains,25.7,10.1,42,13.8,0.0,950.6
2018-12-29,PUNE_01,18.5204,73.8567,plains,26.1,9.9,37,10.9,0.0,952.0
2018-12-30,PUNE_01,18.5204,73.8567,plains,26.6,9.4,39,11.9,0.0,953.6
2018-12-31,PUNE_01,18.5204,73.8567,plains,27.0,11.9,37,12.6,0.0,954.6
2019-01-01,PUNE_01,18.5204,73.8567,plains,28.7,12.0,36,11.1,0.0,954.7
2019-01-02,PUNE_01,18.5204,73.8567,plains,29.6,13.8,32,10.6,0.0,954.5
2019-01-03,PUNE_01,18.5204,73.8567,plains,30.1,12.2,38,11.6,0.0,955.0
2019-01-04,PUNE_01,18.5204,73.8567,plains,30.6,13.5,36,11.5,0.0,954.1
2019-01-05,PUNE_01,18.5204,73.8567,plains,30.2,14.3,42,9.7,0.0,952.3
2019-01-06,PUNE_01,18.5204,73.8567,plains,29.1,12.5,40,10.6,0.0,951.3
2019-01-07,PUNE_01,18.5204,73.8567,plains,28.1,12.9,40,13.1,0.0,951.7
2019-01-08,PUNE_01,18.5204,73.8567,plains,28.6,13.0,41,10.0,0.0,952.1
2019-01-09,PUNE_01,18.5204,73.8567,plains,29.3,12.3,41,10.1,0.0,951.1
2019-01-10,PUNE_01,18.5204,73.8567,plains,29.8,13.2,43,10.9,0.0,950.7
2019-01-11,PUNE_01,18.5204,73.8567,plains,30.4,12.4,47,8.8,0.0,950.9
2019-01-12,PUNE_01,18.5204,73.8567,plains,30.7,15.1,42,14.4,0.0,950.6
2019-01-13,PUNE_01,18.5204,73.8567,plains,29.6,13.2,50,9.2,0.0,951.5
2019-01-14,PUNE_01,18.5204,73.8567,plains,29.1,14.2,46,10.5,0.0,951.6
2019-01-15,PUNE_01,18.5204,73.8567,plains,29.2,14.3,50,11.9,0.0,952.3
2019-01-16,PUNE_01,18.5204,73.8567,plains,29.7,16.5,45,8.4,0.0,952.3
2019-01-17,PUNE_01,18.5204,73.8567,plains,30.6,14.8,46,8.1,0.0,951.0
2019-01-18,PUNE_01,18.5204,73.8567,plains,30.6,16.3,41,10.7,0.0,951.1
2019-01-19,PUNE_01,18.5204,73.8567,plains,30.5,15.6,43,11.0,0.0,951.9
2019-01-20,PUNE_01,18.5204,73.8567,plains,30.6,15.7,44,12.4,0.0,952.4
2019-01-21,PUNE_01,18.5204,73.8567,plains,30.5,15.0,44,15.4,0.0,950.6
2019-01-22,PUNE_01,18.5204,73.8567,plains,28.2,15.0,50,17.1,0.0,950.5
2019-01-23,PUNE_01,18.5204,73.8567,plains,26.6,13.6,66,12.9,0.0,951.1
2019-01-24,PUNE_01,18.5204,73.8567,plains,28.8,13.3,57,18.9,0.0,951.3
2019-01-25,PUNE_01,18.5204,73.8567,plains,26.5,11.2,46,10.2,0.0,950.8
2019-01-26,PUNE_01,18.5204,73.8567,plains,26.4,11.9,48,14.7,0.0,951.6
2019-01-27,PUNE_01,18.5204,73.8567,plains,25.9,14.1,58,16.1,0.0,952.8
2019-01-28,PUNE_01,18.5204,73.8567,plains,25.6,12.7,51,14.1,0.0,953.8
2019-01-29,PUNE_01,18.5204,73.8567,plains,26.4,11.1,49,13.0,0.0,953.6
2019-01-30,PUNE_01,18.5204,73.8567,plains,28.7,13.3,44,11.5,0.0,952.7
2019-01-31,PUNE_01,18.5204,73.8567,plains,28.9,13.4,45,9.6,0.0,951.4
2019-02-01,PUNE_01,18.5204,73.8567,plains,29.2,14.8,49,12.0,0.0,951.2
2019-02-02,PUNE_01,18.5204,73.8567,plains,30.0,15.1,50,12.0,0.0,950.6
2019-02-03,PUNE_01,18.5204,73.8567,plains,29.4,16.2,50,11.8,0.0,951.6
2019-02-04,PUNE_01,18.5204,73.8567,plains,30.8,16.2,47,17.8,0.0,953.3
2019-02-05,PUNE_01,18.5204,73.8567,plains,30.7,15.3,49,12.0,0.0,953.0
2019-02-06,PUNE_01,18.5204,73.8567,plains,30.7,16.7,54,19.0,0.0,950.3
2019-02-07,PUNE_01,18.5204,73.8567,plains,26.6,14.5,57,19.6,0.0,950.6
2019-02-08,PUNE_01,18.5204,73.8567,plains,25.6,12.0,55,17.9,0.0,952.1
2019-02-09,PUNE_01,18.5204,73.8567,plains,27.1,9.0,34,12.7,0.0,952.1
2019-02-10,PUNE_01,18.5204,73.8567,plains,29.9,12.5,34,10.8,0.0,952.4
2019-02-11,PUNE_01,18.5204,73.8567,plains,31.0,12.5,43,11.2,0.0,952.5
2019-02-12,PUNE_01,18.5204,73.8567,plains,31.7,18.9,47,11.6,0.0,953.4
2019-02-13,PUNE_01,18.5204,73.8567,plains,32.7,19.7,50,12.3,0.0,954.2
2019-02-14,PUNE_01,18.5204,73.8567,plains,32.4,17.0,47,16.9,0.0,951.6
2019-02-15,PUNE_01,18.5204,73.8567,plains,30.9,17.4,44,18.8,0.0,951.5
2019-02-16,PUNE_01,18.5204,73.8567,plains,29.4,14.0,46,11.4,0.0,951.7
2019-02-17,PUNE_01,18.5204,73.8567,plains,30.3,14.6,48,14.4,0.0,950.6
2019-02-18,PUNE_01,18.5204,73.8567,plains,32.5,15.6,40,14.6,0.0,949.2
2019-02-19,PUNE_01,18.5204,73.8567,plains,34.3,15.9,40,13.8,0.0,949.4
2019-02-20,PUNE_01,18.5204,73.8567,plains,35.2,18.7,43,13.8,0.0,951.7
2019-02-21,PUNE_01,18.5204,73.8567,plains,34.8,20.2,48,10.5,0.0,953.9
2019-02-22,PUNE_01,18.5204,73.8567,plains,33.7,21.1,44,13.8,0.0,952.8
2019-02-23,PUNE_01,18.5204,73.8567,plains,34.4,20.7,42,13.8,0.0,951.1
2019-02-24,PUNE_01,18.5204,73.8567,plains,34.7,19.5,28,21.6,0.0,949.2
2019-02-25,PUNE_01,18.5204,73.8567,plains,33.2,17.9,30,16.8,0.0,948.5
2019-02-26,PUNE_01,18.5204,73.8567,plains,29.5,18.1,32,18.4,0.0,948.3
2019-02-27,PUNE_01,18.5204,73.8567,plains,29.0,15.8,45,20.9,0.0,947.6
2019-02-28,PUNE_01,18.5204,73.8567,plains,29.3,13.1,53,9.2,0.0,948.4
2019-03-01,PUNE_01,18.5204,73.8567,plains,31.4,14.1,48,9.9,0.0,948.0
2019-03-02,PUNE_01,18.5204,73.8567,plains,34.4,17.2,45,21.5,0.0,948.2
2019-03-03,PUNE_01,18.5204,73.8567,plains,32.5,17.1,56,17.3,0.0,948.8
2019-03-04,PUNE_01,18.5204,73.8567,plains,31.6,17.4,60,20.7,0.0,947.8
2019-03-05,PUNE_01,18.5204,73.8567,plains,31.0,16.7,61,19.0,0.0,947.7
2019-03-06,PUNE_01,18.5204,73.8567,plains,30.2,15.7,59,16.9,0.0,948.7
2019-03-07,PUNE_01,18.5204,73.8567,plains,32.4,14.0,50,13.9,0.0,948.3
2019-03-08,PUNE_01,18.5204,73.8567,plains,34.4,15.9,45,16.0,0.0,949.8
2019-03-09,PUNE_01,18.5204,73.8567,plains,34.6,18.8,32,18.8,0.0,950.9
2019-03-10,PUNE_01,18.5204,73.8567,plains,34.8,18.3,34,20.7,0.0,950.7
2019-03-11,PUNE_01,18.5204,73.8567,plains,33.4,18.1,40,18.4,0.0,951.3
2019-03-12,PUNE_01,18.5204,73.8567,plains,34.3,18.0,40,21.4,0.0,951.5
2019-03-13,PUNE_01,18.5204,73.8567,plains,33.2,18.7,40,17.6,0.0,951.8
2019-03-14,PUNE_01,18.5204,73.8567,plains,33.1,18.1,36,18.4,0.0,951.8
2019-03-15,PUNE_01,18.5204,73.8567,plains,34.4,17.7,36,16.0,0.0,951.4
2019-03-16,PUNE_01,18.5204,73.8567,plains,34.8,19.7,31,20.6,0.0,950.5
2019-03-17,PUNE_01,18.5204,73.8567,plains,35.1,20.1,25,18.7,0.0,950.5
2019-03-18,PUNE_01,18.5204,73.8567,plains,35.0,18.1,29,19.4,0.0,950.2
2019-03-19,PUNE_01,18.5204,73.8567,plains,35.0,18.6,29,19.0,0.0,948.6
2019-03-20,PUNE_01,18.5204,73.8567,plains,35.4,19.5,33,19.6,0.0,948.2
2019-03-21,PUNE_01,18.5204,73.8567,plains,34.1,18.9,32,19.7,0.0,949.9
2019-03-22,PUNE_01,18.5204,73.8567,plains,34.9,18.2,26,14.7,0.0,950.6
2019-03-23,PUNE_01,18.5204,73.8567,plains,35.7,18.5,44,14.6,0.0,950.3
2019-03-24,PUNE_01,18.5204,73.8567,plains,37.2,22.1,30,10.4,0.0,949.4
2019-03-25,PUNE_01,18.5204,73.8567,plains,37.8,24.0,28,13.3,0.0,949.3
2019-03-26,PUNE_01,18.5204,73.8567,plains,37.9,22.5,30,16.5,0.0,950.3
2019-03-27,PUNE_01,18.5204,73.8567,plains,37.6,21.2,38,21.3,0.0,951.5
2019-03-28,PUNE_01,18.5204,73.8567,plains,38.3,21.2,31,13.9,0.0,950.7
2019-03-29,PUNE_01,18.5204,73.8567,plains,39.1,22.5,31,14.2,0.0,948.9
2019-03-30,PUNE_01,18.5204,73.8567,plains,38.6,23.1,38,20.3,0.0,948.6
2019-03-31,PUNE_01,18.5204,73.8567,plains,37.7,23.5,38,20.9,0.0,949.5
2019-04-01,PUNE_01,18.5204,73.8567,plains,36.9,21.8,30,19.8,0.0,949.5
2019-04-02,PUNE_01,18.5204,73.8567,plains,37.9,18.6,35,19.6,0.0,948.8
2019-04-03,PUNE_01,18.5204,73.8567,plains,38.2,20.2,38,15.8,0.0,948.5
2019-04-04,PUNE_01,18.5204,73.8567,plains,39.1,23.0,36,22.1,0.0,949.4
2019-04-05,PUNE_01,18.5204,73.8567,plains,37.3,21.1,47,21.7,0.0,950.4
2019-04-06,PUNE_01,18.5204,73.8567,plains,38.0,22.3,32,22.7,0.0,950.1
2019-04-07,PUNE_01,18.5204,73.8567,plains,37.3,23.1,30,20.1,0.0,948.6
2019-04-08,PUNE_01,18.5204,73.8567,plains,38.4,22.3,30,20.5,0.0,947.8
2019-04-09,PUNE_01,18.5204,73.8567,plains,36.2,22.6,34,22.0,0.0,948.7
2019-04-10,PUNE_01,18.5204,73.8567,plains,38.5,21.2,34,22.4,0.0,949.0
2019-04-11,PUNE_01,18.5204,73.8567,plains,38.8,21.8,37,22.1,0.0,948.7
2019-04-12,PUNE_01,18.5204,73.8567,plains,38.5,22.7,36,20.5,0.0,948.3
2019-04-13,PUNE_01,18.5204,73.8567,plains,39.6,24.0,34,16.2,0.0,948.2
2019-04-14,PUNE_01,18.5204,73.8567,plains,37.2,23.1,40,17.2,0.0,948.9
2019-04-15,PUNE_01,18.5204,73.8567,plains,36.5,24.4,44,23.5,0.0,948.6
2019-04-16,PUNE_01,18.5204,73.8567,plains,33.5,23.0,59,20.9,0.2,948.3
2019-04-17,PUNE_01,18.5204,73.8567,plains,34.2,21.1,52,21.7,0.0,949.3
2019-04-18,PUNE_01,18.5204,73.8567,plains,35.2,17.6,43,16.9,0.0,949.1
2019-04-19,PUNE_01,18.5204,73.8567,plains,37.0,20.0,47,22.7,0.0,947.6
2019-04-20,PUNE_01,18.5204,73.8567,plains,36.8,19.8,41,21.3,0.0,946.2
2019-04-21,PUNE_01,18.5204,73.8567,plains,36.4,20.5,44,20.2,0.0,946.3
2019-04-22,PUNE_01,18.5204,73.8567,plains,37.5,21.2,36,21.4,0.0,946.7
2019-04-23,PUNE_01,18.5204,73.8567,plains,39.0,21.7,31,21.8,0.0,947.8
2019-04-24,PUNE_01,18.5204,73.8567,plains,40.0,24.2,30,22.5,0.0,948.3
2019-04-25,PUNE_01,18.5204,73.8567,plains,39.5,24.7,35,20.4,0.0,948.3
2019-04-26,PUNE_01,18.5204,73.8567,plains,41.3,25.9,33,22.2,0.0,947.0
2019-04-27,PUNE_01,18.5204,73.8567,plains,41.2,26.7,33,21.2,0.0,946.5
2019-04-28,PUNE_01,18.5204,73.8567,plains,42.6,25.6,38,21.8,0.0,946.3
2019-04-29,PUNE_01,18.5204,73.8567,plains,39.0,24.3,44,20.9,0.0,946.6
2019-04-30,PUNE_01,18.5204,73.8567,plains,37.4,24.1,41,21.3,0.0,946.3
2019-05-01,PUNE_01,18.5204,73.8567,plains,36.1,22.5,48,22.8,0.0,945.3
2019-05-02,PUNE_01,18.5204,73.8567,plains,34.5,20.3,50,20.2,0.0,945.4
2019-05-03,PUNE_01,18.5204,73.8567,plains,34.1,19.7,55,19.6,0.0,946.6
2019-05-04,PUNE_01,18.5204,73.8567,plains,33.6,20.3,59,19.6,0.0,948.8
2019-05-05,PUNE_01,18.5204,73.8567,plains,34.4,20.1,60,18.5,0.0,950.3
2019-05-06,PUNE_01,18.5204,73.8567,plains,37.9,20.6,51,25.6,0.0,948.4
2019-05-07,PUNE_01,18.5204,73.8567,plains,36.5,22.3,52,24.5,0.0,947.9
2019-05-08,PUNE_01,18.5204,73.8567,plains,35.0,22.2,61,19.5,0.0,948.9
2019-05-09,PUNE_01,18.5204,73.8567,plains,34.3,22.2,57,19.8,0.0,948.3
2019-05-10,PUNE_01,18.5204,73.8567,plains,35.3,20.4,59,18.9,0.0,947.9
2019-05-11,PUNE_01,18.5204,73.8567,plains,37.2,21.0,55,16.1,0.0,948.7
2019-05-12,PUNE_01,18.5204,73.8567,plains,38.6,21.2,54,18.8,0.0,947.9
2019-05-13,PUNE_01,18.5204,73.8567,plains,37.0,21.6,57,17.9,0.0,947.4
2019-05-14,PUNE_01,18.5204,73.8567,plains,37.3,21.1,53,21.8,0.0,947.4
2019-05-15,PUNE_01,18.5204,73.8567,plains,37.0,20.9,45,21.5,0.0,948.2
2019-05-16,PUNE_01,18.5204,73.8567,plains,36.9,21.2,46,18.9,0.0,948.9
2019-05-17,PUNE_01,18.5204,73.8567,plains,37.7,21.6,48,18.7,0.0,949.0
2019-05-18,PUNE_01,18.5204,73.8567,plains,38.1,22.2,42,20.0,0.0,948.1
2019-05-19,PUNE_01,18.5204,73.8567,plains,39.1,22.9,37,22.8,0.0,947.9
2019-05-20,PUNE_01,18.5204,73.8567,plains,40.1,22.9,40,22.8,0.0,947.9
2019-05-21,PUNE_01,18.5204,73.8567,plains,40.4,24.1,51,23.7,0.0,947.5
2019-05-22,PUNE_01,18.5204,73.8567,plains,38.4,23.5,51,17.9,0.0,947.4
2019-05-23,PUNE_01,18.5204,73.8567,plains,38.6,22.8,54,21.4,0.0,946.8
2019-05-24,PUNE_01,18.5204,73.8567,plains,38.2,22.8,56,20.1,0.0,947.7
2019-05-25,PUNE_01,18.5204,73.8567,plains,37.1,23.0,56,17.5,0.0,947.1
2019-05-26,PUNE_01,18.5204,73.8567,plains,36.2,22.0,57,19.3,0.0,946.2
2019-05-27,PUNE_01,18.5204,73.8567,plains,38.0,22.8,61,19.6,0.0,946.0
2019-05-28,PUNE_01,18.5204,73.8567,plains,38.6,22.3,55,19.8,0.0,945.7
2019-05-29,PUNE_01,18.5204,73.8567,plains,38.4,22.5,51,20.4,0.0,945.1
2019-05-30,PUNE_01,18.5204,73.8567,plains,37.2,22.3,57,20.2,0.0,944.7
2019-05-31,PUNE_01,18.5204,73.8567,plains,38.4,23.2,57,22.5,0.0,944.7
2019-06-01,PUNE_01,18.5204,73.8567,plains,36.9,23.8,60,20.9,0.0,946.1
2019-06-02,PUNE_01,18.5204,73.8567,plains,37.3,22.7,64,21.6,0.0,945.8
2019-06-03,PUNE_01,18.5204,73.8567,plains,34.4,23.8,64,20.3,0.3,946.1
2019-06-04,PUNE_01,18.5204,73.8567,plains,35.5,23.7,63,19.8,0.4,945.7
2019-06-05,PUNE_01,18.5204,73.8567,plains,36.9,23.7,63,16.6,0.0,945.1
2019-06-06,PUNE_01,18.5204,73.8567,plains,35.0,24.6,63,15.5,1.0,945.5
2019-06-07,PUNE_01,18.5204,73.8567,plains,36.2,24.8,63,17.5,0.1,945.6
2019-06-08,PUNE_01,18.5204,73.8567,plains,36.0,24.9,68,17.0,3.4,945.4
2019-06-09,PUNE_01,18.5204,73.8567,plains,33.8,25.7,71,21.6,7.4,944.4
2019-06-10,PUNE_01,18.5204,73.8567,plains,33.6,24.2,72,15.3,4.9,943.1
2019-06-11,PUNE_01,18.5204,73.8567,plains,35.8,23.6,63,20.3,1.4,941.4
2019-06-12,PUNE_01,18.5204,73.8567,plains,32.3,23.9,68,30.7,2.4,941.1
2019-06-13,PUNE_01,18.5204,73.8567,plains,31.0,23.2,76,28.8,2.0,942.8
2019-06-14,PUNE_01,18.5204,73.8567,plains,30.3,22.9,76,24.7,0.5,943.6
2019-06-15,PUNE_01,18.5204,73.8567,plains,29.9,23.3,76,28.4,1.6,944.7
2019-06-16,PUNE_01,18.5204,73.8567,plains,30.7,23.6,74,26.3,1.0,945.7
2019-06-17,PUNE_01,18.5204,73.8567,plains,30.4,23.7,74,25.9,0.6,946.3
2019-06-18,PUNE_01,18.5204,73.8567,plains,30.9,23.4,74,27.4,0.5,944.4
2019-06-19,PUNE_01,18.5204,73.8567,plains,30.4,23.9,75,22.1,1.6,943.6
2019-06-20,PUNE_01,18.5204,73.8567,plains,32.0,23.1,71,21.5,0.5,944.4
2019-06-21,PUNE_01,18.5204,73.8567,plains,32.2,22.9,72,21.4,0.5,944.1
2019-06-22,PUNE_01,18.5204,73.8567,plains,32.7,23.0,73,17.8,1.5,943.5
2019-06-23,PUNE_01,18.5204,73.8567,plains,28.5,23.2,83,15.5,6.2,942.7
2019-06-24,PUNE_01,18.5204,73.8567,plains,29.9,22.7,84,14.5,10.5,943.6
2019-06-25,PUNE_01,18.5204,73.8567,plains,31.0,22.8,79,15.5,7.6,944.5
2019-06-26,PUNE_01,18.5204,73.8567,plains,30.5,23.2,81,17.4,7.3,944.5
2019-06-27,PUNE_01,18.5204,73.8567,plains,29.9,22.9,85,21.1,24.9,943.3
2019-06-28,PUNE_01,18.5204,73.8567,plains,28.3,22.9,87,24.2,15.8,942.6
2019-06-29,PUNE_01,18.5204,73.8567,plains,23.9,22.2,92,23.7,73.4,942.6
2019-06-30,PUNE_01,18.5204,73.8567,plains,24.9,21.9,91,21.4,22.9,943.1
2019-07-01,PUNE_01,18.5204,73.8567,plains,25.7,22.3,91,20.6,11.7,942.3
2019-07-02,PUNE_01,18.5204,73.8567,plains,25.7,22.5,89,19.8,8.9,942.4
2019-07-03,PUNE_01,18.5204,73.8567,plains,25.5,22.3,88,20.8,3.0,942.8
2019-07-04,PUNE_01,18.5204,73.8567,plains,27.1,23.0,85,25.6,4.3,942.5
2019-07-05,PUNE_01,18.5204,73.8567,plains,27.0,22.9,86,29.6,5.5,941.2
2019-07-06,PUNE_01,18.5204,73.8567,plains,25.0,22.7,89,26.5,11.5,940.7
2019-07-07,PUNE_01,18.5204,73.8567,plains,25.2,22.6,88,25.4,10.3,941.7
2019-07-08,PUNE_01,18.5204,73.8567,plains,26.9,23.0,86,27.1,7.6,943.0
2019-07-09,PUNE_01,18.5204,73.8567,plains,26.6,23.1,85,26.7,5.3,942.5
2019-07-10,PUNE_01,18.5204,73.8567,plains,26.7,22.7,88,28.0,22.0,942.6
2019-07-11,PUNE_01,18.5204,73.8567,plains,25.0,22.5,89,23.1,10.9,944.6
2019-07-12,PUNE_01,18.5204,73.8567,plains,26.3,22.5,85,24.9,1.0,945.9
2019-07-13,PUNE_01,18.5204,73.8567,plains,27.3,22.6,83,24.1,1.3,946.8
2019-07-14,PUNE_01,18.5204,73.8567,plains,27.3,22.9,83,25.7,2.1,946.0
2019-07-15,PUNE_01,18.5204,73.8567,plains,27.4,22.8,82,26.0,1.2,944.9
2019-07-16,PUNE_01,18.5204,73.8567,plains,27.6,22.9,82,23.5,2.1,945.5
2019-07-17,PUNE_01,18.5204,73.8567,plains,27.7,22.1,82,21.7,2.3,945.4
2019-07-18,PUNE_01,18.5204,73.8567,plains,28.0,22.0,81,19.2,0.9,944.0
2019-07-19,PUNE_01,18.5204,73.8567,plains,28.7,22.0,83,14.8,2.3,942.4
2019-07-20,PUNE_01,18.5204,73.8567,plains,27.6,22.7,90,13.3,19.9,941.6
2019-07-21,PUNE_01,18.5204,73.8567,plains,28.6,22.5,86,11.9,9.9,940.4
2019-07-22,PUNE_01,18.5204,73.8567,plains,30.0,22.7,85,13.8,6.9,940.0
2019-07-23,PUNE_01,18.5204,73.8567,plains,28.2,23.0,85,20.0,5.3,941.2
2019-07-24,PUNE_01,18.5204,73.8567,plains,27.1,23.3,85,24.7,7.3,942.8
2019-07-25,PUNE_01,18.5204,73.8567,plains,27.0,22.8,86,26.0,16.2,944.9
2019-07-26,PUNE_01,18.5204,73.8567,plains,25.1,21.9,90,25.6,16.3,944.0
2019-07-27,PUNE_01,18.5204,73.8567,plains,25.4,21.6,91,32.4,18.3,943.2
2019-07-28,PUNE_01,18.5204,73.8567,plains,24.8,21.7,88,28.1,5.5,943.3
2019-07-29,PUNE_01,18.5204,73.8567,plains,24.7,21.4,90,26.7,21.1,942.9
2019-07-30,PUNE_01,18.5204,73.8567,plains,22.8,21.5,92,23.1,55.0,943.7
2019-07-31,PUNE_01,18.5204,73.8567,plains,23.4,21.4,92,23.7,28.5,944.7
2019-08-01,PUNE_01,18.5204,73.8567,plains,25.2,22.1,89,27.7,12.4,944.2
2019-08-02,PUNE_01,18.5204,73.8567,plains,25.1,22.2,88,31.6,15.0,943.0
2019-08-03,PUNE_01,18.5204,73.8567,plains,24.3,22.1,89,27.7,65.1,942.4
2019-08-04,PUNE_01,18.5204,73.8567,plains,23.7,22.5,91,29.2,75.4,941.8
2019-08-05,PUNE_01,18.5204,73.8567,plains,24.4,21.9,92,26.7,34.8,941.4
2019-08-06,PUNE_01,18.5204,73.8567,plains,24.4,22.4,90,29.6,19.6,941.1
2019-08-07,PUNE_01,18.5204,73.8567,plains,24.6,22.5,88,31.8,8.3,940.0
2019-08-08,PUNE_01,18.5204,73.8567,plains,24.5,22.7,89,32.1,11.0,938.9
2019-08-09,PUNE_01,18.5204,73.8567,plains,25.1,22.5,89,30.2,15.8,939.4
2019-08-10,PUNE_01,18.5204,73.8567,plains,25.3,22.3,87,30.6,10.9,941.3
2019-08-11,PUNE_01,18.5204,73.8567,plains,26.6,22.1,84,28.5,6.3,943.3
2019-08-12,PUNE_01,18.5204,73.8567,plains,26.9,22.3,83,22.8,1.7,944.2
2019-08-13,PUNE_01,18.5204,73.8567,plains,27.2,22.0,84,23.8,3.1,944.1
2019-08-14,PUNE_01,18.5204,73.8567,plains,26.5,22.5,84,23.7,2.1,944.9
2019-08-15,PUNE_01,18.5204,73.8567,plains,26.3,22.3,84,26.0,1.9,945.7
2019-08-16,PUNE_01,18.5204,73.8567,plains,27.4,22.3,82,27.3,2.2,945.2
2019-08-17,PUNE_01,18.5204,73.8567,plains,27.0,22.1,82,23.2,1.6,945.1
2019-08-18,PUNE_01,18.5204,73.8567,plains,27.1,21.5,83,21.7,1.4,946.6
2019-08-19,PUNE_01,18.5204,73.8567,plains,27.6,21.5,83,20.2,1.0,947.3
2019-08-20,PUNE_01,18.5204,73.8567,plains,28.2,21.2,82,20.5,1.5,947.3
2019-08-21,PUNE_01,18.5204,73.8567,plains,27.0,21.0,84,22.3,1.4,946.6
2019-08-22,PUNE_01,18.5204,73.8567,plains,27.1,21.5,84,22.4,1.5,946.0
2019-08-23,PUNE_01,18.5204,73.8567,plains,26.9,20.9,84,19.5,0.9,946.0
2019-08-24,PUNE_01,18.5204,73.8567,plains,27.4,21.6,82,20.1,0.4,945.7
2019-08-25,PUNE_01,18.5204,73.8567,plains,27.6,21.6,80,21.1,0.5,944.7
2019-08-26,PUNE_01,18.5204,73.8567,plains,27.2,21.3,81,23.1,1.0,944.4
2019-08-27,PUNE_01,18.5204,73.8567,plains,27.0,21.2,81,23.2,0.9,943.7
2019-08-28,PUNE_01,18.5204,73.8567,plains,27.9,21.4,81,22.2,0.4,943.9
2019-08-29,PUNE_01,18.5204,73.8567,plains,28.2,21.8,83,18.5,1.5,944.5
2019-08-30,PUNE_01,18.5204,73.8567,plains,26.7,22.7,87,17.9,15.9,943.1
2019-08-31,PUNE_01,18.5204,73.8567,plains,25.3,22.4,88,19.2,3.9,941.9
2019-09-01,PUNE_01,18.5204,73.8567,plains,26.8,22.4,85,22.2,5.9,942.7
2019-09-02,PUNE_01,18.5204,73.8567,plains,26.9,22.3,86,20.5,3.9,944.0
2019-09-03,PUNE_01,18.5204,73.8567,plains,25.1,22.1,88,19.7,5.5,943.4
2019-09-04,PUNE_01,18.5204,73.8567,plains,24.0,22.2,93,20.2,86.0,941.6
2019-09-05,PUNE_01,18.5204,73.8567,plains,26.7,22.1,88,26.1,12.5,941.2
2019-09-06,PUNE_01,18.5204,73.8567,plains,25.7,22.6,88,25.1,13.1,941.5
2019-09-07,PUNE_01,18.5204,73.8567,plains,25.4,22.6,88,25.8,19.1,941.9
2019-09-08,PUNE_01,18.5204,73.8567,plains,26.0,22.4,87,25.4,7.7,943.2
2019-09-09,PUNE_01,18.5204,73.8567,plains,25.5,22.7,89,22.2,6.4,943.2
2019-09-10,PUNE_01,18.5204,73.8567,plains,26.2,22.4,85,23.7,1.6,943.4
2019-09-11,PUNE_01,18.5204,73.8567,plains,26.3,22.1,84,23.7,0.7,945.6
2019-09-12,PUNE_01,18.5204,73.8567,plains,24.3,21.8,88,20.5,2.3,946.9
2019-09-13,PUNE_01,18.5204,73.8567,plains,25.8,21.9,89,27.0,4.3,947.1
2019-09-14,PUNE_01,18.5204,73.8567,plains,26.7,21.7,87,23.9,6.6,947.0
2019-09-15,PUNE_01,18.5204,73.8567,plains,27.2,21.7,87,20.6,5.1,947.4
2019-09-16,PUNE_01,18.5204,73.8567,plains,26.2,21.8,85,23.6,1.0,946.5
2019-09-17,PUNE_01,18.5204,73.8567,plains,27.4,21.6,86,18.5,19.4,945.6
2019-09-18,PUNE_01,18.5204,73.8567,plains,26.0,21.6,92,14.9,42.2,945.6
2019-09-19,PUNE_01,18.5204,73.8567,plains,28.2,21.7,89,14.1,24.6,944.7
2019-09-20,PUNE_01,18.5204,73.8567,plains,27.2,20.8,88,19.4,19.7,944.9
2019-09-21,PUNE_01,18.5204,73.8567,plains,27.8,20.4,85,18.9,2.9,944.8
2019-09-22,PUNE_01,18.5204,73.8567,plains,29.0,20.6,85,15.8,1.1,946.1
2019-09-23,PUNE_01,18.5204,73.8567,plains,28.9,20.5,86,15.2,3.1,947.4
2019-09-24,PUNE_01,18.5204,73.8567,plains,28.8,21.4,89,11.2,40.2,946.8
2019-09-25,PUNE_01,18.5204,73.8567,plains,27.7,21.7,90,10.7,24.1,946.1
2019-09-26,PUNE_01,18.5204,73.8567,plains,27.8,21.8,88,12.2,20.7,947.6
2019-09-27,PUNE_01,18.5204,73.8567,plains,26.9,21.6,85,20.1,1.8,950.4
2019-09-28,PUNE_01,18.5204,73.8567,plains,27.7,21.1,84,17.9,0.8,949.9
2019-09-29,PUNE_01,18.5204,73.8567,plains,28.6,20.7,82,17.6,0.0,950.2
2019-09-30,PUNE_01,18.5204,73.8567,plains,28.8,19.9,84,15.9,1.1,949.7
2019-10-01,PUNE_01,18.5204,73.8567,plains,28.1,20.7,85,18.9,1.3,949.9
2019-10-02,PUNE_01,18.5204,73.8567,plains,29.0,20.6,82,14.7,0.3,950.4
2019-10-03,PUNE_01,18.5204,73.8567,plains,29.0,20.8,83,10.7,0.2,949.7
2019-10-04,PUNE_01,18.5204,73.8567,plains,28.4,21.0,88,10.2,5.1,949.5
2019-10-05,PUNE_01,18.5204,73.8567,plains,28.0,20.8,89,8.8,12.7,948.6
2019-10-06,PUNE_01,18.5204,73.8567,plains,28.0,19.7,88,12.1,13.6,949.0
2019-10-07,PUNE_01,18.5204,73.8567,plains,28.6,21.2,86,13.2,9.2,949.7
2019-10-08,PUNE_01,18.5204,73.8567,plains,28.6,20.7,87,10.9,5.8,949.1
2019-10-09,PUNE_01,18.5204,73.8567,plains,28.2,20.5,87,11.9,7.0,948.7
2019-10-10,PUNE_01,18.5204,73.8567,plains,28.8,21.3,82,12.7,0.2,948.8
2019-10-11,PUNE_01,18.5204,73.8567,plains,27.5,20.5,89,12.5,15.0,948.6
2019-10-12,PUNE_01,18.5204,73.8567,plains,28.6,20.6,87,13.4,4.0,949.0
2019-10-13,PUNE_01,18.5204,73.8567,plains,29.2,20.2,84,11.1,1.4,950.0
2019-10-14,PUNE_01,18.5204,73.8567,plains,28.8,21.0,81,13.3,2.9,950.5
2019-10-15,PUNE_01,18.5204,73.8567,plains,29.6,20.8,74,16.6,0.0,950.2
2019-10-16,PUNE_01,18.5204,73.8567,plains,29.0,18.4,71,15.1,0.0,949.8
2019-10-17,PUNE_01,18.5204,73.8567,plains,28.5,18.8,75,13.7,0.0,949.8
2019-10-18,PUNE_01,18.5204,73.8567,plains,26.1,20.7,85,14.8,1.8,949.4
2019-10-19,PUNE_01,18.5204,73.8567,plains,24.2,21.0,94,17.5,23.6,950.2
2019-10-20,PUNE_01,18.5204,73.8567,plains,22.9,20.6,95,16.4,23.4,950.0
2019-10-21,PUNE_01,18.5204,73.8567,plains,27.1,20.5,90,14.8,11.3,948.7
2019-10-22,PUNE_01,18.5204,73.8567,plains,26.0,20.5,92,13.0,16.8,947.3
2019-10-23,PUNE_01,18.5204,73.8567,plains,24.4,20.8,95,8.4,18.9,945.7
2019-10-24,PUNE_01,18.5204,73.8567,plains,24.5,20.9,94,14.3,19.8,945.1
2019-10-25,PUNE_01,18.5204,73.8567,plains,24.2,20.4,92,23.0,8.2,944.4
2019-10-26,PUNE_01,18.5204,73.8567,plains,25.7,19.7,90,22.3,8.9,945.7
2019-10-27,PUNE_01,18.5204,73.8567,plains,26.7,19.6,85,14.8,2.9,948.1
2019-10-28,PUNE_01,18.5204,73.8567,plains,28.5,18.7,82,13.8,8.8,949.2
2019-10-29,PUNE_01,18.5204,73.8567,plains,28.5,20.7,84,14.1,0.8,950.2
2019-10-30,PUNE_01,18.5204,73.8567,plains,28.3,20.5,85,16.9,10.5,949.7
2019-10-31,PUNE_01,18.5204,73.8567,plains,27.5,21.0,83,21.6,0.1,948.4
2019-11-01,PUNE_01,18.5204,73.8567,plains,26.8,21.2,83,22.6,1.2,947.8
2019-11-02,PUNE_01,18.5204,73.8567,plains,28.1,18.0,79,10.5,0.3,949.4
2019-11-03,PUNE_01,18.5204,73.8567,plains,28.0,19.2,84,11.0,0.6,951.7
2019-11-04,PUNE_01,18.5204,73.8567,plains,28.0,20.6,88,12.2,1.6,952.4
2019-11-05,PUNE_01,18.5204,73.8567,plains,28.4,20.9,83,6.8,0.6,950.5
2019-11-06,PUNE_01,18.5204,73.8567,plains,28.5,20.6,86,12.6,2.5,948.3
2019-11-07,PUNE_01,18.5204,73.8567,plains,28.3,20.0,83,16.0,0.6,947.6
2019-11-08,PUNE_01,18.5204,73.8567,plains,27.6,18.7,81,12.8,0.0,948.5
2019-11-09,PUNE_01,18.5204,73.8567,plains,28.5,17.2,78,9.4,0.0,949.0
2019-11-10,PUNE_01,18.5204,73.8567,plains,28.6,17.3,75,8.9,0.0,949.5
2019-11-11,PUNE_01,18.5204,73.8567,plains,28.6,19.0,70,10.4,0.0,949.3
2019-11-12,PUNE_01,18.5204,73.8567,plains,28.5,18.0,72,13.7,0.1,950.1
2019-11-13,PUNE_01,18.5204,73.8567,plains,27.7,18.4,71,14.9,0.1,951.1
2019-11-14,PUNE_01,18.5204,73.8567,plains,27.5,16.1,70,12.0,0.0,951.0
2019-11-15,PUNE_01,18.5204,73.8567,plains,28.1,19.3,74,12.5,0.3,950.6
2019-11-16,PUNE_01,18.5204,73.8567,plains,28.1,19.3,78,13.6,0.8,950.9
2019-11-17,PUNE_01,18.5204,73.8567,plains,28.4,19.6,76,11.9,0.4,951.8
2019-11-18,PUNE_01,18.5204,73.8567,plains,28.6,17.6,71,14.8,0.0,951.5
2019-11-19,PUNE_01,18.5204,73.8567,plains,29.2,17.7,68,10.1,0.0,950.7
2019-11-20,PUNE_01,18.5204,73.8567,plains,29.4,17.7,67,10.1,0.0,949.9
2019-11-21,PUNE_01,18.5204,73.8567,plains,29.2,19.4,71,14.1,0.1,951.0
2019-11-22,PUNE_01,18.5204,73.8567,plains,29.0,18.0,67,12.8,0.0,952.1
2019-11-23,PUNE_01,18.5204,73.8567,plains,29.0,17.6,63,12.7,0.0,951.8
2019-11-24,PUNE_01,18.5204,73.8567,plains,28.5,16.9,61,12.1,0.0,951.0
2019-11-25,PUNE_01,18.5204,73.8567,plains,29.1,15.9,64,14.2,0.0,950.2
2019-11-26,PUNE_01,18.5204,73.8567,plains,29.8,15.7,65,13.2,0.0,949.5
2019-11-27,PUNE_01,18.5204,73.8567,plains,28.8,17.8,66,15.6,0.0,949.9
2019-11-28,PUNE_01,18.5204,73.8567,plains,29.8,16.6,66,10.8,0.0,950.4
2019-11-29,PUNE_01,18.5204,73.8567,plains,28.6,19.2,70,8.4,0.3,950.8
2019-11-30,PUNE_01,18.5204,73.8567,plains,29.9,18.9,69,14.8,0.0,950.5
2019-12-01,PUNE_01,18.5204,73.8567,plains,29.0,18.4,66,11.3,0.0,950.7
2019-12-02,PUNE_01,18.5204,73.8567,plains,28.3,18.7,71,18.4,1.2,950.8
2019-12-03,PUNE_01,18.5204,73.8567,plains,27.0,19.1,73,22.0,0.0,951.0
2019-12-04,PUNE_01,18.5204,73.8567,plains,26.8,20.1,72,22.0,0.0,951.9
2019-12-05,PUNE_01,18.5204,73.8567,plains,27.7,21.4,70,19.1,0.2,952.9
2019-12-06,PUNE_01,18.5204,73.8567,plains,28.2,19.5,61,16.2,0.0,952.7
2019-12-07,PUNE_01,18.5204,73.8567,plains,27.9,16.6,61,12.8,0.0,951.6
2019-12-08,PUNE_01,18.5204,73.8567,plains,28.7,16.1,65,12.5,0.0,951.8
2019-12-09,PUNE_01,18.5204,73.8567,plains,28.3,18.5,70,13.6,0.0,951.7
2019-12-10,PUNE_01,18.5204,73.8567,plains,28.2,18.1,71,9.2,0.0,950.5
2019-12-11,PUNE_01,18.5204,73.8567,plains,28.8,18.2,68,7.3,0.0,949.3
2019-12-12,PUNE_01,18.5204,73.8567,plains,28.3,18.0,72,11.3,0.1,948.7
2019-12-13,PUNE_01,18.5204,73.8567,plains,28.6,17.0,68,13.4,0.0,950.1
2019-12-14,PUNE_01,18.5204,73.8567,plains,28.9,16.0,67,8.3,0.0,952.1
2019-12-15,PUNE_01,18.5204,73.8567,plains,29.0,16.4,67,10.1,0.0,951.2
2019-12-16,PUNE_01,18.5204,73.8567,plains,28.9,16.8,68,8.8,0.0,951.0
2019-12-17,PUNE_01,18.5204,73.8567,plains,28.1,16.2,67,15.5,0.0,952.1
2019-12-18,PUNE_01,18.5204,73.8567,plains,27.5,15.9,66,13.6,0.0,952.8
2019-12-19,PUNE_01,18.5204,73.8567,plains,27.9,14.6,67,10.6,0.0,951.5
2019-12-20,PUNE_01,18.5204,73.8567,plains,28.6,15.7,62,9.3,0.0,950.6
2019-12-21,PUNE_01,18.5204,73.8567,plains,29.0,15.9,64,13.4,0.0,950.0
2019-12-22,PUNE_01,18.5204,73.8567,plains,27.8,18.6,66,13.1,0.0,950.3
2019-12-23,PUNE_01,18.5204,73.8567,plains,29.2,19.0,68,12.4,1.1,950.1
2019-12-24,PUNE_01,18.5204,73.8567,plains,29.0,19.1,72,10.5,0.7,950.8
2019-12-25,PUNE_01,18.5204,73.8567,plains,28.6,20.6,76,8.5,0.8,951.0
2019-12-26,PUNE_01,18.5204,73.8567,plains,28.6,19.6,79,12.9,3.3,950.6
2019-12-27,PUNE_01,18.5204,73.8567,plains,27.8,17.1,75,14.0,0.5,950.0
2019-12-28,PUNE_01,18.5204,73.8567,plains,26.4,16.6,76,16.3,0.0,950.2
2019-12-29,PUNE_01,18.5204,73.8567,plains,27.5,16.7,71,12.5,0.9,950.4
2019-12-30,PUNE_01,18.5204,73.8567,plains,28.1,16.4,74,11.6,0.0,949.6
2019-12-31,PUNE_01,18.5204,73.8567,plains,28.0,15.4,69,15.6,0.0,950.0
2020-01-01,PUNE_01,18.5204,73.8567,plains,28.4,12.1,66,16.2,0.0,950.4
2020-01-02,PUNE_01,18.5204,73.8567,plains,27.9,14.6,69,17.1,0.0,952.3
2020-01-03,PUNE_01,18.5204,73.8567,plains,27.0,15.0,74,10.9,0.0,951.8
2020-01-04,PUNE_01,18.5204,73.8567,plains,25.9,12.7,73,7.9,0.0,950.2
2020-01-05,PUNE_01,18.5204,73.8567,plains,25.4,14.6,71,15.1,0.0,950.8
2020-01-06,PUNE_01,18.5204,73.8567,plains,28.5,15.4,67,15.5,0.0,952.2
2020-01-07,PUNE_01,18.5204,73.8567,plains,30.1,17.5,68,11.9,0.0,951.2
2020-01-08,PUNE_01,18.5204,73.8567,plains,26.6,17.5,72,17.3,0.1,950.4
2020-01-09,PUNE_01,18.5204,73.8567,plains,27.4,14.4,72,9.4,0.0,950.7
2020-01-10,PUNE_01,18.5204,73.8567,plains,27.6,14.8,67,15.7,0.0,951.1
2020-01-11,PUNE_01,18.5204,73.8567,plains,28.5,16.6,69,12.4,0.0,952.1
2020-01-12,PUNE_01,18.5204,73.8567,plains,28.1,16.5,66,10.1,0.0,951.5
2020-01-13,PUNE_01,18.5204,73.8567,plains,28.9,15.5,72,13.2,0.0,949.5
2020-01-14,PUNE_01,18.5204,73.8567,plains,28.2,15.6,74,13.6,0.0,949.3
2020-01-15,PUNE_01,18.5204,73.8567,plains,29.0,14.4,71,18.8,0.0,949.2
2020-01-16,PUNE_01,18.5204,73.8567,plains,24.7,13.5,62,14.8,0.0,950.1
2020-01-17,PUNE_01,18.5204,73.8567,plains,25.3,9.4,66,8.7,0.0,950.2
2020-01-18,PUNE_01,18.5204,73.8567,plains,28.4,12.6,57,9.7,0.0,950.4
2020-01-19,PUNE_01,18.5204,73.8567,plains,28.9,14.1,64,9.8,0.0,950.9
2020-01-20,PUNE_01,18.5204,73.8567,plains,30.0,15.8,62,9.4,0.0,951.6
2020-01-21,PUNE_01,18.5204,73.8567,plains,30.5,16.7,59,16.0,0.0,951.8
2020-01-22,PUNE_01,18.5204,73.8567,plains,31.2,18.0,56,12.2,0.0,952.8
2020-01-23,PUNE_01,18.5204,73.8567,plains,30.2,16.3,58,11.2,0.0,952.2
2020-01-24,PUNE_01,18.5204,73.8567,plains,30.2,15.7,56,9.8,0.0,952.0
2020-01-25,PUNE_01,18.5204,73.8567,plains,30.6,16.2,56,7.9,0.0,951.5
2020-01-26,PUNE_01,18.5204,73.8567,plains,31.5,17.2,56,10.5,0.0,950.3
2020-01-27,PUNE_01,18.5204,73.8567,plains,31.0,17.7,54,19.2,0.0,949.2
2020-01-28,PUNE_01,18.5204,73.8567,plains,26.2,15.8,66,21.0,0.0,949.5
2020-01-29,PUNE_01,18.5204,73.8567,plains,24.9,14.9,71,13.8,0.0,951.6
2020-01-30,PUNE_01,18.5204,73.8567,plains,27.4,11.3,64,9.4,0.0,951.0
2020-01-31,PUNE_01,18.5204,73.8567,plains,29.3,13.2,60,14.3,0.0,949.2
2020-02-01,PUNE_01,18.5204,73.8567,plains,29.1,14.2,60,9.3,0.0,949.4
2020-02-02,PUNE_01,18.5204,73.8567,plains,30.2,15.2,61,13.6,0.0,951.5
2020-02-03,PUNE_01,18.5204,73.8567,plains,31.0,15.4,64,17.3,0.0,951.7
2020-02-04,PUNE_01,18.5204,73.8567,plains,30.5,16.2,62,19.1,0.0,950.5
2020-02-05,PUNE_01,18.5204,73.8567,plains,30.1,15.6,53,14.1,0.0,950.6
2020-02-06,PUNE_01,18.5204,73.8567,plains,29.9,16.6,47,18.2,0.0,950.0
2020-02-07,PUNE_01,18.5204,73.8567,plains,27.6,12.8,49,14.5,0.0,950.4
2020-02-08,PUNE_01,18.5204,73.8567,plains,27.1,14.1,55,17.6,0.0,951.2
2020-02-09,PUNE_01,18.5204,73.8567,plains,27.2,16.4,60,22.7,0.1,952.2
2020-02-10,PUNE_01,18.5204,73.8567,plains,28.7,19.0,60,16.3,0.5,951.7
2020-02-11,PUNE_01,18.5204,73.8567,plains,28.7,18.3,62,18.2,0.0,952.2
2020-02-12,PUNE_01,18.5204,73.8567,plains,30.7,20.1,58,19.3,0.0,953.5
2020-02-13,PUNE_01,18.5204,73.8567,plains,30.0,19.2,54,13.1,0.0,953.5
2020-02-14,PUNE_01,18.5204,73.8567,plains,30.8,17.8,49,12.6,0.0,951.5
2020-02-15,PUNE_01,18.5204,73.8567,plains,31.6,18.1,46,12.4,0.0,950.7
2020-02-16,PUNE_01,18.5204,73.8567,plains,33.3,18.1,44,12.7,0.0,951.2
2020-02-17,PUNE_01,18.5204,73.8567,plains,33.2,18.2,46,13.4,0.0,952.3
2020-02-18,PUNE_01,18.5204,73.8567,plains,33.2,18.4,45,15.2,0.0,952.0
2020-02-19,PUNE_01,18.5204,73.8567,plains,33.2,19.3,42,10.1,0.0,950.9
2020-02-20,PUNE_01,18.5204,73.8567,plains,33.5,18.9,40,13.8,0.0,950.1
2020-02-21,PUNE_01,18.5204,73.8567,plains,33.1,19.2,41,12.8,0.0,952.0
2020-02-22,PUNE_01,18.5204,73.8567,plains,33.1,18.8,41,12.2,0.0,953.3
2020-02-23,PUNE_01,18.5204,73.8567,plains,33.5,19.2,41,10.4,0.0,952.1
2020-02-24,PUNE_01,18.5204,73.8567,plains,33.9,19.2,33,19.6,0.0,949.8
2020-02-25,PUNE_01,18.5204,73.8567,plains,31.2,17.5,34,13.4,0.0,949.5
2020-02-26,PUNE_01,18.5204,73.8567,plains,31.1,16.1,33,15.9,0.0,950.4
2020-02-27,PUNE_01,18.5204,73.8567,plains,32.3,16.5,31,15.0,0.0,950.4
2020-02-28,PUNE_01,18.5204,73.8567,plains,33.1,18.0,32,13.6,0.0,948.9
2020-02-29,PUNE_01,18.5204,73.8567,plains,33.5,19.6,33,20.3,0.0,948.3
2020-03-01,PUNE_01,18.5204,73.8567,plains,32.3,18.6,40,16.5,0.0,949.1
2020-03-02,PUNE_01,18.5204,73.8567,plains,32.7,18.9,40,18.7,0.0,949.8
2020-03-03,PUNE_01,18.5204,73.8567,plains,30.8,18.6,40,21.3,0.0,949.7
2020-03-04,PUNE_01,18.5204,73.8567,plains,29.7,15.5,58,15.8,0.0,949.3
2020-03-05,PUNE_01,18.5204,73.8567,plains,31.2,15.9,61,20.2,0.0,948.0
2020-03-06,PUNE_01,18.5204,73.8567,plains,27.5,16.5,67,21.1,0.0,948.3
2020-03-07,PUNE_01,18.5204,73.8567,plains,29.9,15.6,61,15.4,0.0,949.8
2020-03-08,PUNE_01,18.5204,73.8567,plains,32.0,15.9,55,18.2,0.0,949.7
2020-03-09,PUNE_01,18.5204,73.8567,plains,32.4,17.4,48,17.5,0.0,948.7
2020-03-10,PUNE_01,18.5204,73.8567,plains,31.2,18.9,52,23.1,0.0,948.4
2020-03-11,PUNE_01,18.5204,73.8567,plains,30.2,18.0,59,19.1,0.0,949.1
2020-03-12,PUNE_01,18.5204,73.8567,plains,30.2,17.2,60,20.3,0.0,950.5
2020-03-13,PUNE_01,18.5204,73.8567,plains,32.3,14.4,53,18.3,0.0,950.8
2020-03-14,PUNE_01,18.5204,73.8567,plains,32.3,15.6,37,11.8,0.0,949.8
2020-03-15,PUNE_01,18.5204,73.8567,plains,33.9,16.5,32,13.1,0.0,949.4
2020-03-16,PUNE_01,18.5204,73.8567,plains,35.1,19.0,34,19.6,0.0,950.3
2020-03-17,PUNE_01,18.5204,73.8567,plains,35.6,21.4,34,19.0,0.0,950.9
2020-03-18,PUNE_01,18.5204,73.8567,plains,34.8,22.4,36,17.5,0.0,951.2
2020-03-19,PUNE_01,18.5204,73.8567,plains,34.8,20.7,27,17.9,0.0,950.3
2020-03-20,PUNE_01,18.5204,73.8567,plains,33.1,19.3,30,22.7,0.0,949.8
2020-03-21,PUNE_01,18.5204,73.8567,plains,33.2,16.8,43,18.9,0.0,949.6
2020-03-22,PUNE_01,18.5204,73.8567,plains,34.8,18.9,51,17.1,0.0,949.8
2020-03-23,PUNE_01,18.5204,73.8567,plains,35.6,21.0,44,13.9,0.0,949.2
2020-03-24,PUNE_01,18.5204,73.8567,plains,36.0,22.0,39,16.9,0.0,947.9
2020-03-25,PUNE_01,18.5204,73.8567,plains,33.7,22.0,60,15.2,5.6,948.1
2020-03-26,PUNE_01,18.5204,73.8567,plains,33.6,20.8,64,14.7,0.7,949.0
2020-03-27,PUNE_01,18.5204,73.8567,plains,32.6,22.2,63,9.8,0.2,950.5
2020-03-28,PUNE_01,18.5204,73.8567,plains,33.7,21.4,55,15.0,0.4,950.3
2020-03-29,PUNE_01,18.5204,73.8567,plains,35.5,22.5,52,13.7,0.3,948.8
2020-03-30,PUNE_01,18.5204,73.8567,plains,35.1,22.0,44,16.1,0.1,949.4
2020-03-31,PUNE_01,18.5204,73.8567,plains,34.8,22.3,43,23.1,0.2,950.1
2020-04-01,PUNE_01,18.5204,73.8567,plains,35.2,21.9,35,17.5,0.0,949.7
2020-04-02,PUNE_01,18.5204,73.8567,plains,36.7,22.5,31,17.8,0.0,948.3
2020-04-03,PUNE_01,18.5204,73.8567,plains,36.8,21.4,38,16.9,0.0,948.5
2020-04-04,PUNE_01,18.5204,73.8567,plains,37.4,22.3,36,17.3,0.0,949.1
2020-04-05,PUNE_01,18.5204,73.8567,plains,38.1,22.2,35,22.0,0.0,949.8
2020-04-06,PUNE_01,18.5204,73.8567,plains,36.2,21.6,43,18.8,0.0,950.2
2020-04-07,PUNE_01,18.5204,73.8567,plains,36.2,21.7,42,20.4,0.0,949.3
2020-04-08,PUNE_01,18.5204,73.8567,plains,34.2,20.0,35,18.4,0.0,950.1
2020-04-09,PUNE_01,18.5204,73.8567,plains,35.5,19.6,37,18.2,0.0,949.7
2020-04-10,PUNE_01,18.5204,73.8567,plains,36.5,20.6,39,14.1,0.0,949.6
2020-04-11,PUNE_01,18.5204,73.8567,plains,36.6,23.6,35,14.8,0.0,951.0
2020-04-12,PUNE_01,18.5204,73.8567,plains,37.2,24.7,36,17.5,0.0,950.2
2020-04-13,PUNE_01,18.5204,73.8567,plains,38.6,24.2,41,19.2,0.0,948.9
2020-04-14,PUNE_01,18.5204,73.8567,plains,38.4,22.6,42,16.8,0.0,948.9
2020-04-15,PUNE_01,18.5204,73.8567,plains,38.3,24.1,40,18.7,0.0,949.7
2020-04-16,PUNE_01,18.5204,73.8567,plains,39.0,23.3,55,19.8,0.0,948.7
2020-04-17,PUNE_01,18.5204,73.8567,plains,38.3,22.4,52,21.6,0.0,948.2
2020-04-18,PUNE_01,18.5204,73.8567,plains,37.2,24.3,52,20.6,0.0,948.8
2020-04-19,PUNE_01,18.5204,73.8567,plains,38.1,24.1,45,14.5,0.0,948.7
2020-04-20,PUNE_01,18.5204,73.8567,plains,38.7,24.2,38,19.0,0.0,948.2
2020-04-21,PUNE_01,18.5204,73.8567,plains,37.5,23.0,30,22.7,0.0,948.7
2020-04-22,PUNE_01,18.5204,73.8567,plains,38.0,21.4,41,20.6,0.0,947.9
2020-04-23,PUNE_01,18.5204,73.8567,plains,37.2,23.8,47,20.9,0.0,948.2
2020-04-24,PUNE_01,18.5204,73.8567,plains,37.6,23.0,44,20.2,0.0,947.3
2020-04-25,PUNE_01,18.5204,73.8567,plains,35.1,22.2,50,21.7,0.0,948.2
2020-04-26,PUNE_01,18.5204,73.8567,plains,37.1,19.8,44,20.2,0.0,948.2
2020-04-27,PUNE_01,18.5204,73.8567,plains,36.3,21.2,52,20.5,0.0,949.3
2020-04-28,PUNE_01,18.5204,73.8567,plains,37.5,22.4,50,16.2,0.0,948.4
2020-04-29,PUNE_01,18.5204,73.8567,plains,36.9,24.6,51,20.6,0.0,948.4
2020-04-30,PUNE_01,18.5204,73.8567,plains,37.0,24.0,65,28.4,0.2,949.3
2020-05-01,PUNE_01,18.5204,73.8567,plains,36.6,24.3,62,20.5,0.0,949.3
2020-05-02,PUNE_01,18.5204,73.8567,plains,37.7,22.9,59,22.1,0.0,948.0
2020-05-03,PUNE_01,18.5204,73.8567,plains,38.5,23.2,53,21.1,0.0,947.8
2020-05-04,PUNE_01,18.5204,73.8567,plains,38.4,22.9,45,20.4,0.0,948.6
2020-05-05,PUNE_01,18.5204,73.8567,plains,38.7,22.4,47,19.4,0.0,948.0
2020-05-06,PUNE_01,18.5204,73.8567,plains,39.4,24.3,47,23.5,0.0,947.1
2020-05-07,PUNE_01,18.5204,73.8567,plains,39.2,23.5,36,23.7,0.0,947.5
2020-05-08,PUNE_01,18.5204,73.8567,plains,39.2,22.3,46,24.5,0.0,947.6
2020-05-09,PUNE_01,18.5204,73.8567,plains,39.1,22.1,52,22.1,0.0,948.0
2020-05-10,PUNE_01,18.5204,73.8567,plains,37.9,23.7,48,18.8,0.0,947.8
2020-05-11,PUNE_01,18.5204,73.8567,plains,36.0,23.8,50,20.3,0.0,948.3
2020-05-12,PUNE_01,18.5204,73.8567,plains,38.9,25.0,32,21.2,0.0,947.4
2020-05-13,PUNE_01,18.5204,73.8567,plains,38.8,24.1,45,23.1,0.0,946.8
2020-05-14,PUNE_01,18.5204,73.8567,plains,37.7,24.1,59,13.4,0.6,946.6
2020-05-15,PUNE_01,18.5204,73.8567,plains,36.5,23.0,56,18.7,0.9,946.5
2020-05-16,PUNE_01,18.5204,73.8567,plains,35.9,25.2,61,20.1,0.0,946.4
2020-05-17,PUNE_01,18.5204,73.8567,plains,37.3,24.1,60,21.0,0.1,945.8
2020-05-18,PUNE_01,18.5204,73.8567,plains,34.4,24.8,58,19.4,0.1,945.0
2020-05-19,PUNE_01,18.5204,73.8567,plains,34.1,23.6,65,23.3,0.1,944.4
2020-05-20,PUNE_01,18.5204,73.8567,plains,34.8,22.3,62,20.0,0.0,944.4
2020-05-21,PUNE_01,18.5204,73.8567,plains,36.2,22.7,60,19.7,0.0,945.6
2020-05-22,PUNE_01,18.5204,73.8567,plains,35.3,22.5,60,18.3,0.0,946.8
2020-05-23,PUNE_01,18.5204,73.8567,plains,38.3,22.7,49,22.8,0.0,946.6
2020-05-24,PUNE_01,18.5204,73.8567,plains,37.7,23.6,58,18.4,0.0,947.2
2020-05-25,PUNE_01,18.5204,73.8567,plains,37.8,23.8,57,20.4,0.1,947.8
2020-05-26,PUNE_01,18.5204,73.8567,plains,36.8,23.7,57,18.5,0.1,947.9
2020-05-27,PUNE_01,18.5204,73.8567,plains,36.5,23.3,55,23.0,0.0,947.3
2020-05-28,PUNE_01,18.5204,73.8567,plains,35.7,22.3,60,22.7,0.0,946.4
2020-05-29,PUNE_01,18.5204,73.8567,plains,36.1,23.4,61,21.4,0.0,946.6
2020-05-30,PUNE_01,18.5204,73.8567,plains,36.4,23.1,61,18.2,0.0,947.0
2020-05-31,PUNE_01,18.5204,73.8567,plains,35.9,23.4,63,20.3,0.1,947.5
2020-06-01,PUNE_01,18.5204,73.8567,plains,28.5,22.8,83,11.4,11.6,947.8
2020-06-02,PUNE_01,18.5204,73.8567,plains,28.7,22.9,86,17.2,37.0,945.0
2020-06-03,PUNE_01,18.5204,73.8567,plains,24.3,22.1,91,49.1,72.8,938.1
2020-06-04,PUNE_01,18.5204,73.8567,plains,28.4,22.0,81,30.1,1.9,944.3
2020-06-05,PUNE_01,18.5204,73.8567,plains,29.0,22.7,81,20.2,1.3,945.7
2020-06-06,PUNE_01,18.5204,73.8567,plains,28.3,22.6,80,21.9,1.1,945.3
2020-06-07,PUNE_01,18.5204,73.8567,plains,29.0,22.9,79,20.1,0.7,945.5
2020-06-08,PUNE_01,18.5204,73.8567,plains,28.2,22.6,82,19.6,1.1,945.6
2020-06-09,PUNE_01,18.5204,73.8567,plains,29.3,22.0,80,20.2,2.0,945.6
2020-06-10,PUNE_01,18.5204,73.8567,plains,29.8,22.7,82,18.4,5.0,944.7
2020-06-11,PUNE_01,18.5204,73.8567,plains,29.6,22.7,82,17.9,10.8,942.6
2020-06-12,PUNE_01,18.5204,73.8567,plains,29.2,23.1,82,11.7,3.1,940.8
2020-06-13,PUNE_01,18.5204,73.8567,plains,28.2,23.0,87,13.1,9.4,940.6
2020-06-14,PUNE_01,18.5204,73.8567,plains,28.9,23.3,86,18.7,5.9,942.3
2020-06-15,PUNE_01,18.5204,73.8567,plains,28.3,23.3,87,19.0,8.2,942.1
2020-06-16,PUNE_01,18.5204,73.8567,plains,28.3,23.2,90,17.4,35.9,941.2
2020-06-17,PUNE_01,18.5204,73.8567,plains,24.8,22.5,93,15.3,58.8,941.4
2020-06-18,PUNE_01,18.5204,73.8567,plains,27.3,22.6,87,26.7,5.8,943.0
2020-06-19,PUNE_01,18.5204,73.8567,plains,28.5,23.0,84,21.5,0.5,945.0
2020-06-20,PUNE_01,18.5204,73.8567,plains,28.8,23.4,81,21.5,1.2,945.7
2020-06-21,PUNE_01,18.5204,73.8567,plains,28.1,23.2,82,23.8,1.9,944.6
2020-06-22,PUNE_01,18.5204,73.8567,plains,28.2,23.1,80,18.6,0.1,943.1
2020-06-23,PUNE_01,18.5204,73.8567,plains,28.8,22.4,80,20.9,0.4,944.0
2020-06-24,PUNE_01,18.5204,73.8567,plains,29.4,22.0,82,15.6,4.1,944.5
2020-06-25,PUNE_01,18.5204,73.8567,plains,30.8,21.9,82,14.8,10.2,943.9
2020-06-26,PUNE_01,18.5204,73.8567,plains,29.3,22.3,88,10.1,17.0,943.6
2020-06-27,PUNE_01,18.5204,73.8567,plains,30.0,22.8,87,18.0,3.8,944.0
2020-06-28,PUNE_01,18.5204,73.8567,plains,29.4,23.1,85,16.3,5.9,944.1
2020-06-29,PUNE_01,18.5204,73.8567,plains,28.2,23.2,89,8.7,43.8,943.3
2020-06-30,PUNE_01,18.5204,73.8567,plains,28.3,22.8,88,11.6,24.4,942.2
2020-07-01,PUNE_01,18.5204,73.8567,plains,28.2,22.4,86,15.1,5.8,943.0
2020-07-02,PUNE_01,18.5204,73.8567,plains,28.4,22.7,83,19.2,3.6,942.6
2020-07-03,PUNE_01,18.5204,73.8567,plains,27.4,22.9,87,21.0,13.7,941.9
2020-07-04,PUNE_01,18.5204,73.8567,plains,25.2,22.7,91,22.9,46.4,940.2
2020-07-05,PUNE_01,18.5204,73.8567,plains,25.9,23.2,88,28.2,12.5,940.2
2020-07-06,PUNE_01,18.5204,73.8567,plains,26.3,23.2,86,29.8,6.4,939.7
2020-07-07,PUNE_01,18.5204,73.8567,plains,27.6,22.8,88,22.2,14.9,940.7
2020-07-08,PUNE_01,18.5204,73.8567,plains,27.2,23.0,88,22.8,11.5,943.7
2020-07-09,PUNE_01,18.5204,73.8567,plains,26.5,22.9,88,18.7,4.0,943.7
2020-07-10,PUNE_01,18.5204,73.8567,plains,26.8,22.8,88,20.6,8.0,943.9
2020-07-11,PUNE_01,18.5204,73.8567,plains,26.6,22.5,86,22.5,2.9,943.9
2020-07-12,PUNE_01,18.5204,73.8567,plains,27.2,22.8,85,20.6,3.5,944.1
2020-07-13,PUNE_01,18.5204,73.8567,plains,27.8,22.7,87,16.9,12.9,943.4
2020-07-14,PUNE_01,18.5204,73.8567,plains,27.4,22.4,90,19.8,29.1,942.8
2020-07-15,PUNE_01,18.5204,73.8567,plains,26.0,22.4,91,16.9,15.7,941.2
2020-07-16,PUNE_01,18.5204,73.8567,plains,26.3,22.5,87,24.7,17.9,939.0
2020-07-17,PUNE_01,18.5204,73.8567,plains,27.0,22.4,86,25.0,3.8,939.4
2020-07-18,PUNE_01,18.5204,73.8567,plains,27.9,22.5,84,21.1,0.5,942.6
2020-07-19,PUNE_01,18.5204,73.8567,plains,28.1,22.9,82,18.8,0.6,944.8
2020-07-20,PUNE_01,18.5204,73.8567,plains,28.7,22.5,86,15.6,3.7,943.4
2020-07-21,PUNE_01,18.5204,73.8567,plains,28.8,22.5,85,11.9,7.7,944.1
2020-07-22,PUNE_01,18.5204,73.8567,plains,29.0,22.4,86,16.1,9.6,945.2
2020-07-23,PUNE_01,18.5204,73.8567,plains,26.4,22.5,89,9.9,2.6,944.7
2020-07-24,PUNE_01,18.5204,73.8567,plains,26.3,22.6,92,10.5,12.8,945.1
2020-07-25,PUNE_01,18.5204,73.8567,plains,27.3,21.4,87,10.7,5.1,945.1
2020-07-26,PUNE_01,18.5204,73.8567,plains,28.5,22.4,86,16.3,7.5,946.1
2020-07-27,PUNE_01,18.5204,73.8567,plains,28.0,22.3,84,19.6,7.1,946.7
2020-07-28,PUNE_01,18.5204,73.8567,plains,28.1,22.0,85,18.1,0.7,945.5
2020-07-29,PUNE_01,18.5204,73.8567,plains,28.2,22.0,89,15.1,12.1,943.7
2020-07-30,PUNE_01,18.5204,73.8567,plains,27.9,21.9,87,17.5,6.4,943.4
2020-07-31,PUNE_01,18.5204,73.8567,plains,29.5,22.3,88,17.9,17.9,943.2
2020-08-01,PUNE_01,18.5204,73.8567,plains,28.8,22.3,85,10.1,6.3,942.9
2020-08-02,PUNE_01,18.5204,73.8567,plains,29.4,21.8,84,14.8,6.2,942.2
2020-08-03,PUNE_01,18.5204,73.8567,plains,26.2,22.9,87,24.5,10.9,940.2
2020-08-04,PUNE_01,18.5204,73.8567,plains,25.2,22.9,90,31.3,38.2,936.9
2020-08-05,PUNE_01,18.5204,73.8567,plains,25.0,22.2,92,24.8,44.2,934.9
2020-08-06,PUNE_01,18.5204,73.8567,plains,26.7,23.0,88,31.9,13.9,935.7
2020-08-07,PUNE_01,18.5204,73.8567,plains,26.6,22.8,86,30.5,8.3,941.2
2020-08-08,PUNE_01,18.5204,73.8567,plains,27.1,22.7,84,29.1,4.3,943.8
2020-08-09,PUNE_01,18.5204,73.8567,plains,26.5,22.5,85,25.7,2.6,943.2
2020-08-10,PUNE_01,18.5204,73.8567,plains,25.5,22.5,88,21.3,7.1,943.1
2020-08-11,PUNE_01,18.5204,73.8567,plains,25.1,22.2,89,23.4,11.1,944.3
2020-08-12,PUNE_01,18.5204,73.8567,plains,25.5,22.4,87,29.6,17.8,945.3
2020-08-13,PUNE_01,18.5204,73.8567,plains,24.6,22.3,90,26.1,17.9,943.4
2020-08-14,PUNE_01,18.5204,73.8567,plains,24.0,22.2,91,24.1,24.4,941.4
2020-08-15,PUNE_01,18.5204,73.8567,plains,24.2,22.1,91,23.2,33.5,941.4
2020-08-16,PUNE_01,18.5204,73.8567,plains,24.3,21.9,90,24.0,18.2,942.4
2020-08-17,PUNE_01,18.5204,73.8567,plains,24.4,22.0,91,21.9,14.3,942.1
2020-08-18,PUNE_01,18.5204,73.8567,plains,26.2,22.3,86,23.1,3.3,943.5
2020-08-19,PUNE_01,18.5204,73.8567,plains,26.1,22.0,85,26.3,4.0,943.0
2020-08-20,PUNE_01,18.5204,73.8567,plains,26.3,22.2,88,25.5,6.5,942.2
2020-08-21,PUNE_01,18.5204,73.8567,plains,25.4,22.4,88,25.3,4.8,943.2
2020-08-22,PUNE_01,18.5204,73.8567,plains,26.6,22.4,86,26.8,7.9,944.1
2020-08-23,PUNE_01,18.5204,73.8567,plains,26.4,22.4,85,29.0,5.4,944.6
2020-08-24,PUNE_01,18.5204,73.8567,plains,27.0,22.1,84,27.6,3.3,945.3
2020-08-25,PUNE_01,18.5204,73.8567,plains,27.4,21.9,83,22.1,0.5,947.3
2020-08-26,PUNE_01,18.5204,73.8567,plains,28.4,21.1,83,20.4,0.8,947.6
2020-08-27,PUNE_01,18.5204,73.8567,plains,26.5,21.6,85,18.9,0.9,946.5
2020-08-28,PUNE_01,18.5204,73.8567,plains,25.3,22.0,88,21.0,6.1,944.8
2020-08-29,PUNE_01,18.5204,73.8567,plains,25.9,22.0,88,23.3,4.3,944.2
2020-08-30,PUNE_01,18.5204,73.8567,plains,25.6,21.9,87,25.6,1.9,944.6
2020-08-31,PUNE_01,18.5204,73.8567,plains,26.7,21.6,84,21.9,2.5,946.4
2020-09-01,PUNE_01,18.5204,73.8567,plains,27.6,21.0,84,19.2,1.6,947.6
2020-09-02,PUNE_01,18.5204,73.8567,plains,28.7,20.4,84,10.7,0.8,947.1
2020-09-03,PUNE_01,18.5204,73.8567,plains,29.5,21.4,87,8.7,4.4,946.3
2020-09-04,PUNE_01,18.5204,73.8567,plains,30.6,21.5,82,14.3,4.3,946.0
2020-09-05,PUNE_01,18.5204,73.8567,plains,30.5,21.8,86,12.8,9.1,945.6
2020-09-06,PUNE_01,18.5204,73.8567,plains,29.6,22.8,85,11.9,11.2,944.9
2020-09-07,PUNE_01,18.5204,73.8567,plains,29.3,22.2,87,12.5,13.4,946.0
2020-09-08,PUNE_01,18.5204,73.8567,plains,29.5,21.8,88,12.8,23.6,946.2
2020-09-09,PUNE_01,18.5204,73.8567,plains,29.9,21.4,86,11.9,7.1,945.0
2020-09-10,PUNE_01,18.5204,73.8567,plains,29.3,22.0,89,8.0,9.9,943.2
2020-09-11,PUNE_01,18.5204,73.8567,plains,29.0,21.8,88,11.5,18.1,942.6
2020-09-12,PUNE_01,18.5204,73.8567,plains,27.0,21.8,87,22.3,4.6,944.2
2020-09-13,PUNE_01,18.5204,73.8567,plains,25.9,21.5,85,21.1,1.2,945.9
2020-09-14,PUNE_01,18.5204,73.8567,plains,27.8,21.7,86,14.8,6.8,945.4
2020-09-15,PUNE_01,18.5204,73.8567,plains,26.8,21.2,88,16.2,3.4,945.1
2020-09-16,PUNE_01,18.5204,73.8567,plains,27.2,21.5,89,17.3,9.7,945.3
2020-09-17,PUNE_01,18.5204,73.8567,plains,28.3,21.8,90,14.8,9.3,945.7
2020-09-18,PUNE_01,18.5204,73.8567,plains,25.8,21.6,89,16.8,9.4,944.9
2020-09-19,PUNE_01,18.5204,73.8567,plains,27.6,21.2,91,14.5,17.3,942.8
2020-09-20,PUNE_01,18.5204,73.8567,plains,28.2,22.1,91,12.6,32.3,941.2
2020-09-21,PUNE_01,18.5204,73.8567,plains,29.0,22.0,89,13.0,12.0,940.0
2020-09-22,PUNE_01,18.5204,73.8567,plains,28.1,22.5,89,17.0,17.8,940.4
2020-09-23,PUNE_01,18.5204,73.8567,plains,25.8,22.5,89,25.0,6.8,942.6
2020-09-24,PUNE_01,18.5204,73.8567,plains,28.5,22.2,87,13.3,4.7,946.0
2020-09-25,PUNE_01,18.5204,73.8567,plains,27.6,22.1,89,16.7,6.6,946.5
2020-09-26,PUNE_01,18.5204,73.8567,plains,27.4,21.2,83,19.4,0.0,946.3
2020-09-27,PUNE_01,18.5204,73.8567,plains,27.7,20.6,83,16.3,0.4,947.3
2020-09-28,PUNE_01,18.5204,73.8567,plains,26.9,20.2,85,13.2,1.0,947.8
2020-09-29,PUNE_01,18.5204,73.8567,plains,27.7,20.0,86,12.7,1.7,947.1
2020-09-30,PUNE_01,18.5204,73.8567,plains,28.2,20.5,84,13.1,1.0,946.3
2020-10-01,PUNE_01,18.5204,73.8567,plains,28.6,20.9,82,13.6,0.0,946.9
2020-10-02,PUNE_01,18.5204,73.8567,plains,28.7,21.0,85,13.7,1.7,946.9
2020-10-03,PUNE_01,18.5204,73.8567,plains,29.5,20.9,82,12.8,0.1,947.0
2020-10-04,PUNE_01,18.5204,73.8567,plains,27.5,21.9,85,13.0,2.7,948.3
2020-10-05,PUNE_01,18.5204,73.8567,plains,27.7,21.4,85,12.5,0.7,947.9
2020-10-06,PUNE_01,18.5204,73.8567,plains,29.6,19.8,79,9.0,0.0,947.3
2020-10-07,PUNE_01,18.5204,73.8567,plains,29.6,20.4,76,12.1,0.0,947.8
2020-10-08,PUNE_01,18.5204,73.8567,plains,29.2,20.8,75,10.5,0.0,947.5
2020-10-09,PUNE_01,18.5204,73.8567,plains,30.2,21.7,74,10.5,0.5,947.1
2020-10-10,PUNE_01,18.5204,73.8567,plains,30.1,21.7,87,13.2,20.3,946.7
2020-10-11,PUNE_01,18.5204,73.8567,plains,25.6,22.6,93,10.5,31.2,945.0
2020-10-12,PUNE_01,18.5204,73.8567,plains,27.4,20.8,87,13.6,11.4,943.0
2020-10-13,PUNE_01,18.5204,73.8567,plains,29.1,20.9,88,10.8,15.4,942.6
2020-10-14,PUNE_01,18.5204,73.8567,plains,26.3,22.6,92,12.1,28.6,942.4
2020-10-15,PUNE_01,18.5204,73.8567,plains,27.2,21.9,86,24.0,19.9,940.3
2020-10-16,PUNE_01,18.5204,73.8567,plains,27.9,21.9,84,16.1,2.8,941.5
2020-10-17,PUNE_01,18.5204,73.8567,plains,28.9,20.8,81,11.3,1.6,944.5
2020-10-18,PUNE_01,18.5204,73.8567,plains,28.6,21.1,88,15.6,16.9,946.4
2020-10-19,PUNE_01,18.5204,73.8567,plains,27.9,20.7,90,9.4,3.9,946.7
2020-10-20,PUNE_01,18.5204,73.8567,plains,28.9,21.6,88,10.5,1.2,946.3
2020-10-21,PUNE_01,18.5204,73.8567,plains,28.9,20.7,88,10.2,5.8,946.8
2020-10-22,PUNE_01,18.5204,73.8567,plains,28.4,21.5,90,13.8,5.7,945.9
2020-10-23,PUNE_01,18.5204,73.8567,plains,27.9,21.0,89,11.5,2.9,946.0
2020-10-24,PUNE_01,18.5204,73.8567,plains,28.0,21.3,89,9.7,13.8,947.5
2020-10-25,PUNE_01,18.5204,73.8567,plains,27.4,19.8,87,12.9,4.1,949.1
2020-10-26,PUNE_01,18.5204,73.8567,plains,27.3,20.2,83,10.6,1.1,950.2
2020-10-27,PUNE_01,18.5204,73.8567,plains,28.1,19.6,78,10.2,0.0,949.6
2020-10-28,PUNE_01,18.5204,73.8567,plains,27.4,19.4,78,8.0,0.2,949.9
2020-10-29,PUNE_01,18.5204,73.8567,plains,28.0,19.1,73,9.0,0.0,950.2
2020-10-30,PUNE_01,18.5204,73.8567,plains,28.2,18.0,70,8.9,0.0,950.1
2020-10-31,PUNE_01,18.5204,73.8567,plains,27.8,18.2,70,8.0,0.0,950.0
2020-11-01,PUNE_01,18.5204,73.8567,plains,28.0,19.3,71,7.6,0.1,950.7
2020-11-02,PUNE_01,18.5204,73.8567,plains,28.5,20.1,69,11.2,0.0,951.6
2020-11-03,PUNE_01,18.5204,73.8567,plains,28.7,17.7,65,13.5,0.0,951.5
2020-11-04,PUNE_01,18.5204,73.8567,plains,28.5,18.6,60,8.7,0.0,951.2
2020-11-05,PUNE_01,18.5204,73.8567,plains,28.1,18.0,59,12.0,0.0,951.4
2020-11-06,PUNE_01,18.5204,73.8567,plains,27.8,14.8,56,16.6,0.0,952.5
2020-11-07,PUNE_01,18.5204,73.8567,plains,28.7,14.1,61,12.3,0.0,953.0
2020-11-08,PUNE_01,18.5204,73.8567,plains,28.6,16.5,64,14.1,0.0,953.2
2020-11-09,PUNE_01,18.5204,73.8567,plains,27.3,16.7,60,9.7,0.0,952.3
2020-11-10,PUNE_01,18.5204,73.8567,plains,26.9,12.6,53,16.6,0.0,950.0
2020-11-11,PUNE_01,18.5204,73.8567,plains,26.6,13.4,53,17.3,0.0,950.4
2020-11-12,PUNE_01,18.5204,73.8567,plains,27.9,12.7,60,14.1,0.0,951.3
2020-11-13,PUNE_01,18.5204,73.8567,plains,29.0,16.8,70,18.4,0.2,950.9
2020-11-14,PUNE_01,18.5204,73.8567,plains,30.0,18.7,70,16.3,0.1,949.8
2020-11-15,PUNE_01,18.5204,73.8567,plains,29.7,20.4,64,13.4,0.1,949.9
2020-11-16,PUNE_01,18.5204,73.8567,plains,30.2,17.5,66,16.6,0.0,950.2
2020-11-17,PUNE_01,18.5204,73.8567,plains,29.6,19.5,70,16.7,0.0,949.5
2020-11-18,PUNE_01,18.5204,73.8567,plains,29.9,19.4,73,10.1,0.2,949.1
2020-11-19,PUNE_01,18.5204,73.8567,plains,29.7,20.4,75,8.0,0.2,949.3
2020-11-20,PUNE_01,18.5204,73.8567,plains,28.9,20.7,74,11.1,0.3,950.5
2020-11-21,PUNE_01,18.5204,73.8567,plains,29.1,20.0,68,7.1,0.3,950.9
2020-11-22,PUNE_01,18.5204,73.8567,plains,29.0,19.4,68,9.8,0.2,951.5
2020-11-23,PUNE_01,18.5204,73.8567,plains,28.7,19.7,64,9.8,0.0,951.6
2020-11-24,PUNE_01,18.5204,73.8567,plains,27.6,19.4,63,11.0,0.0,950.6
2020-11-25,PUNE_01,18.5204,73.8567,plains,28.2,18.1,58,12.4,0.0,949.7
2020-11-26,PUNE_01,18.5204,73.8567,plains,28.0,14.7,54,13.0,0.0,950.1
2020-11-27,PUNE_01,18.5204,73.8567,plains,28.0,16.6,59,21.9,0.0,951.7
2020-11-28,PUNE_01,18.5204,73.8567,plains,25.1,18.6,70,23.5,2.7,951.9
2020-11-29,PUNE_01,18.5204,73.8567,plains,28.3,19.6,69,18.9,0.0,952.2
2020-11-30,PUNE_01,18.5204,73.8567,plains,29.4,18.6,70,12.4,0.7,952.2
2020-12-01,PUNE_01,18.5204,73.8567,plains,29.0,19.7,68,11.9,0.0,952.2
2020-12-02,PUNE_01,18.5204,73.8567,plains,28.6,17.2,64,13.2,0.0,951.2
2020-12-03,PUNE_01,18.5204,73.8567,plains,28.5,15.0,58,12.8,0.0,950.3
2020-12-04,PUNE_01,18.5204,73.8567,plains,28.4,14.0,52,12.6,0.0,949.4
2020-12-05,PUNE_01,18.5204,73.8567,plains,28.3,15.3,49,12.2,0.0,950.0
2020-12-06,PUNE_01,18.5204,73.8567,plains,28.1,12.7,50,17.0,0.0,950.9
2020-12-07,PUNE_01,18.5204,73.8567,plains,28.3,13.7,55,17.0,0.0,952.2
2020-12-08,PUNE_01,18.5204,73.8567,plains,29.6,14.7,55,15.0,0.0,952.2
2020-12-09,PUNE_01,18.5204,73.8567,plains,29.2,16.1,57,14.0,0.0,951.2
2020-12-10,PUNE_01,18.5204,73.8567,plains,30.1,19.6,53,9.6,0.0,950.5
2020-12-11,PUNE_01,18.5204,73.8567,plains,26.8,19.7,80,7.1,0.6,950.7
2020-12-12,PUNE_01,18.5204,73.8567,plains,30.1,18.5,69,12.7,0.0,950.0
2020-12-13,PUNE_01,18.5204,73.8567,plains,28.2,18.6,75,13.8,0.4,949.3
2020-12-14,PUNE_01,18.5204,73.8567,plains,24.0,18.9,90,5.4,2.6,949.3
2020-12-15,PUNE_01,18.5204,73.8567,plains,29.1,18.9,75,8.4,0.0,950.7
2020-12-16,PUNE_01,18.5204,73.8567,plains,28.6,16.3,68,14.0,0.0,951.9
2020-12-17,PUNE_01,18.5204,73.8567,plains,28.3,15.9,65,12.8,0.0,952.2
2020-12-18,PUNE_01,18.5204,73.8567,plains,28.1,16.1,62,10.0,0.0,952.0
2020-12-19,PUNE_01,18.5204,73.8567,plains,27.8,14.7,60,13.7,0.0,952.4
2020-12-20,PUNE_01,18.5204,73.8567,plains,27.3,13.9,55,18.4,0.0,952.7
2020-12-21,PUNE_01,18.5204,73.8567,plains,26.7,12.3,47,13.7,0.0,951.5
2020-12-22,PUNE_01,18.5204,73.8567,plains,26.6,12.1,48,11.2,0.0,950.3
2020-12-23,PUNE_01,18.5204,73.8567,plains,27.7,11.5,49,10.5,0.0,949.0
2020-12-24,PUNE_01,18.5204,73.8567,plains,27.8,13.3,56,10.7,0.0,948.4
2020-12-25,PUNE_01,18.5204,73.8567,plains,28.6,13.3,58,12.6,0.0,949.5
2020-12-26,PUNE_01,18.5204,73.8567,plains,29.2,14.4,60,10.8,0.0,950.7
2020-12-27,PUNE_01,18.5204,73.8567,plains,29.2,15.5,65,11.0,0.0,950.3
2020-12-28,PUNE_01,18.5204,73.8567,plains,29.4,15.7,68,8.7,0.0,949.5
2020-12-29,PUNE_01,18.5204,73.8567,plains,29.7,15.6,61,10.5,0.0,949.2
2020-12-30,PUNE_01,18.5204,73.8567,plains,29.5,15.1,63,10.3,0.0,949.3
2020-12-31,PUNE_01,18.5204,73.8567,plains,29.4,14.7,61,16.5,0.0,949.9
2021-01-01,PUNE_01,18.5204,73.8567,plains,28.9,17.5,65,10.8,0.0,950.3
2021-01-02,PUNE_01,18.5204,73.8567,plains,29.1,18.5,63,11.7,0.0,950.4
2021-01-03,PUNE_01,18.5204,73.8567,plains,28.9,15.2,54,10.0,0.0,948.8
2021-01-04,PUNE_01,18.5204,73.8567,plains,27.7,18.8,79,11.1,5.8,948.8
2021-01-05,PUNE_01,18.5204,73.8567,plains,26.6,17.9,78,13.1,0.0,949.7
2021-01-06,PUNE_01,18.5204,73.8567,plains,28.9,19.0,74,8.7,2.7,949.6
2021-01-07,PUNE_01,18.5204,73.8567,plains,25.6,19.3,84,13.4,1.3,948.2
2021-01-08,PUNE_01,18.5204,73.8567,plains,26.7,19.9,81,11.5,1.2,947.3
2021-01-09,PUNE_01,18.5204,73.8567,plains,28.2,19.2,82,10.0,3.3,948.1
2021-01-10,PUNE_01,18.5204,73.8567,plains,29.0,19.9,74,12.6,0.3,949.0
2021-01-11,PUNE_01,18.5204,73.8567,plains,29.6,17.7,66,11.2,0.0,950.2
2021-01-12,PUNE_01,18.5204,73.8567,plains,29.9,16.8,60,11.1,0.0,950.9
2021-01-13,PUNE_01,18.5204,73.8567,plains,29.1,17.3,61,11.2,0.0,950.4
2021-01-14,PUNE_01,18.5204,73.8567,plains,29.5,18.3,59,10.7,0.0,949.5
2021-01-15,PUNE_01,18.5204,73.8567,plains,30.3,15.9,57,14.1,0.0,948.5
2021-01-16,PUNE_01,18.5204,73.8567,plains,30.5,16.3,61,9.7,0.0,947.4
2021-01-17,PUNE_01,18.5204,73.8567,plains,30.5,19.4,60,11.3,0.0,948.2
2021-01-18,PUNE_01,18.5204,73.8567,plains,31.4,19.6,61,10.1,0.0,949.7
2021-01-19,PUNE_01,18.5204,73.8567,plains,30.4,18.8,60,9.7,0.0,949.9
2021-01-20,PUNE_01,18.5204,73.8567,plains,30.4,17.2,62,13.0,0.0,950.5
2021-01-21,PUNE_01,18.5204,73.8567,plains,30.0,15.9,57,10.5,0.0,950.1
2021-01-22,PUNE_01,18.5204,73.8567,plains,30.5,16.1,57,10.2,0.0,949.6
2021-01-23,PUNE_01,18.5204,73.8567,plains,30.6,15.9,59,9.4,0.0,949.6
2021-01-24,PUNE_01,18.5204,73.8567,plains,30.6,15.6,59,13.1,0.0,950.4
2021-01-25,PUNE_01,18.5204,73.8567,plains,29.9,15.4,58,12.9,0.0,951.0
2021-01-26,PUNE_01,18.5204,73.8567,plains,30.1,16.8,52,13.0,0.0,950.2
2021-01-27,PUNE_01,18.5204,73.8567,plains,30.3,15.5,56,13.7,0.0,949.9
2021-01-28,PUNE_01,18.5204,73.8567,plains,30.6,15.1,56,13.6,0.0,950.2
2021-01-29,PUNE_01,18.5204,73.8567,plains,29.3,14.7,55,11.4,0.0,951.3
2021-01-30,PUNE_01,18.5204,73.8567,plains,29.5,14.8,52,13.0,0.0,951.1
2021-01-31,PUNE_01,18.5204,73.8567,plains,29.5,15.0,52,13.2,0.0,951.2
2021-02-01,PUNE_01,18.5204,73.8567,plains,28.9,15.6,56,14.8,0.0,953.1
2021-02-02,PUNE_01,18.5204,73.8567,plains,29.3,16.2,46,13.5,0.0,953.2
2021-02-03,PUNE_01,18.5204,73.8567,plains,29.1,15.8,39,13.0,0.0,952.2
2021-02-04,PUNE_01,18.5204,73.8567,plains,29.5,15.4,44,9.0,0.0,951.6
2021-02-05,PUNE_01,18.5204,73.8567,plains,28.5,14.3,52,10.7,0.0,950.9
2021-02-06,PUNE_01,18.5204,73.8567,plains,28.6,13.8,48,14.1,0.0,950.8
2021-02-07,PUNE_01,18.5204,73.8567,plains,28.3,13.8,44,14.8,0.0,951.9
2021-02-08,PUNE_01,18.5204,73.8567,plains,29.0,13.3,40,14.5,0.0,952.1
2021-02-09,PUNE_01,18.5204,73.8567,plains,29.9,13.5,34,10.9,0.0,951.1
2021-02-10,PUNE_01,18.5204,73.8567,plains,30.2,14.3,37,10.0,0.0,949.7
2021-02-11,PUNE_01,18.5204,73.8567,plains,30.5,15.6,37,9.8,0.0,949.0
2021-02-12,PUNE_01,18.5204,73.8567,plains,31.3,16.4,40,11.2,0.0,949.4
2021-02-13,PUNE_01,18.5204,73.8567,plains,31.2,17.0,47,14.2,0.0,950.4
2021-02-14,PUNE_01,18.5204,73.8567,plains,30.6,16.2,47,11.9,0.0,950.7
2021-02-15,PUNE_01,18.5204,73.8567,plains,30.7,16.7,52,17.1,0.0,949.7
2021-02-16,PUNE_01,18.5204,73.8567,plains,31.1,16.4,60,17.3,0.0,949.2
2021-02-17,PUNE_01,18.5204,73.8567,plains,30.0,17.1,61,11.6,0.0,949.2
2021-02-18,PUNE_01,18.5204,73.8567,plains,30.1,18.2,61,17.9,2.6,950.3
2021-02-19,PUNE_01,18.5204,73.8567,plains,26.2,16.6,61,21.6,0.2,952.3
2021-02-20,PUNE_01,18.5204,73.8567,plains,28.7,14.8,52,24.9,0.0,951.9
2021-02-21,PUNE_01,18.5204,73.8567,plains,28.2,17.3,50,20.2,0.2,952.0
2021-02-22,PUNE_01,18.5204,73.8567,plains,28.6,16.8,55,14.8,0.6,952.4
2021-02-23,PUNE_01,18.5204,73.8567,plains,32.0,17.6,49,12.3,0.0,951.0
2021-02-24,PUNE_01,18.5204,73.8567,plains,33.1,18.8,45,10.0,0.0,949.9
2021-02-25,PUNE_01,18.5204,73.8567,plains,33.0,18.5,42,13.8,0.0,950.2
2021-02-26,PUNE_01,18.5204,73.8567,plains,32.7,19.6,40,15.5,0.0,949.4
2021-02-27,PUNE_01,18.5204,73.8567,plains,34.1,18.1,39,8.1,0.0,948.5
2021-02-28,PUNE_01,18.5204,73.8567,plains,34.4,19.3,35,13.5,0.0,948.8
2021-03-01,PUNE_01,18.5204,73.8567,plains,33.9,21.6,33,10.8,0.0,951.2
2021-03-02,PUNE_01,18.5204,73.8567,plains,34.1,19.8,31,12.2,0.0,951.9
2021-03-03,PUNE_01,18.5204,73.8567,plains,34.4,18.6,25,12.7,0.0,950.6
2021-03-04,PUNE_01,18.5204,73.8567,plains,34.6,17.7,26,12.1,0.0,950.2
2021-03-05,PUNE_01,18.5204,73.8567,plains,34.3,19.7,27,12.1,0.0,951.0
2021-03-06,PUNE_01,18.5204,73.8567,plains,34.6,18.9,32,14.1,0.0,951.2
2021-03-07,PUNE_01,18.5204,73.8567,plains,34.3,18.3,31,14.5,0.0,950.3
2021-03-08,PUNE_01,18.5204,73.8567,plains,34.4,19.0,25,12.2,0.0,950.3
2021-03-09,PUNE_01,18.5204,73.8567,plains,34.8,21.2,31,15.5,0.0,950.7
2021-03-10,PUNE_01,18.5204,73.8567,plains,34.8,19.9,32,18.6,0.0,950.4
2021-03-11,PUNE_01,18.5204,73.8567,plains,34.7,21.1,34,21.0,0.0,950.3
2021-03-12,PUNE_01,18.5204,73.8567,plains,34.8,19.8,34,18.7,0.0,951.3
2021-03-13,PUNE_01,18.5204,73.8567,plains,34.5,20.7,32,17.0,0.0,951.7
2021-03-14,PUNE_01,18.5204,73.8567,plains,35.5,21.3,30,14.6,0.0,949.6
2021-03-15,PUNE_01,18.5204,73.8567,plains,36.2,20.1,32,14.7,0.0,949.0
2021-03-16,PUNE_01,18.5204,73.8567,plains,34.5,20.1,29,12.6,0.0,949.2
2021-03-17,PUNE_01,18.5204,73.8567,plains,34.6,21.3,30,13.8,0.0,948.3
2021-03-18,PUNE_01,18.5204,73.8567,plains,34.7,21.9,31,17.9,0.0,948.3
2021-03-19,PUNE_01,18.5204,73.8567,plains,34.5,22.1,31,18.4,0.0,948.8
2021-03-20,PUNE_01,18.5204,73.8567,plains,34.1,19.9,34,9.3,0.0,947.7
2021-03-21,PUNE_01,18.5204,73.8567,plains,33.6,19.9,45,17.6,0.1,947.6
2021-03-22,PUNE_01,18.5204,73.8567,plains,32.8,20.0,46,13.0,0.0,949.5
2021-03-23,PUNE_01,18.5204,73.8567,plains,33.8,21.8,47,18.3,1.6,950.7
2021-03-24,PUNE_01,18.5204,73.8567,plains,34.0,20.4,43,11.5,0.0,950.7
2021-03-25,PUNE_01,18.5204,73.8567,plains,36.2,21.6,31,10.3,0.0,949.6
2021-03-26,PUNE_01,18.5204,73.8567,plains,36.3,22.6,22,12.0,0.0,949.1
2021-03-27,PUNE_01,18.5204,73.8567,plains,36.9,20.6,24,12.9,0.0,948.4
2021-03-28,PUNE_01,18.5204,73.8567,plains,37.0,22.9,26,14.8,0.0,947.7
2021-03-29,PUNE_01,18.5204,73.8567,plains,38.1,20.8,31,13.3,0.0,947.3
2021-03-30,PUNE_01,18.5204,73.8567,plains,35.7,21.9,30,23.3,0.0,947.0
2021-03-31,PUNE_01,18.5204,73.8567,plains,37.2,19.3,30,19.8,0.0,945.9
2021-04-01,PUNE_01,18.5204,73.8567,plains,35.6,20.1,34,18.5,0.0,945.7
2021-04-02,PUNE_01,18.5204,73.8567,plains,36.0,18.9,44,16.7,0.0,946.0
2021-04-03,PUNE_01,18.5204,73.8567,plains,36.3,18.7,61,20.6,0.0,946.7
2021-04-04,PUNE_01,18.5204,73.8567,plains,36.6,19.7,56,22.8,0.0,948.7
2021-04-05,PUNE_01,18.5204,73.8567,plains,38.2,21.4,48,24.3,0.0,948.8
2021-04-06,PUNE_01,18.5204,73.8567,plains,38.0,22.1,33,18.7,0.0,948.6
2021-04-07,PUNE_01,18.5204,73.8567,plains,38.1,24.3,26,21.9,0.0,949.1
2021-04-08,PUNE_01,18.5204,73.8567,plains,36.9,23.7,38,22.8,0.0,947.9
2021-04-09,PUNE_01,18.5204,73.8567,plains,36.5,21.8,48,13.1,0.0,947.4
2021-04-10,PUNE_01,18.5204,73.8567,plains,35.7,22.3,35,16.7,0.1,948.7
2021-04-11,PUNE_01,18.5204,73.8567,plains,36.1,25.7,34,17.7,0.0,950.1
2021-04-12,PUNE_01,18.5204,73.8567,plains,35.3,22.3,37,14.7,0.0,950.7
2021-04-13,PUNE_01,18.5204,73.8567,plains,35.2,23.7,37,15.9,0.0,950.2
2021-04-14,PUNE_01,18.5204,73.8567,plains,34.2,22.1,46,12.6,0.1,949.7
2021-04-15,PUNE_01,18.5204,73.8567,plains,34.7,20.8,45,24.3,0.0,949.0
2021-04-16,PUNE_01,18.5204,73.8567,plains,37.5,21.9,39,25.6,0.0,948.5
2021-04-17,PUNE_01,18.5204,73.8567,plains,37.2,21.1,36,23.1,0.0,949.3
2021-04-18,PUNE_01,18.5204,73.8567,plains,37.3,21.7,40,18.0,0.0,950.0
2021-04-19,PUNE_01,18.5204,73.8567,plains,36.2,23.1,40,17.9,0.0,948.7
2021-04-20,PUNE_01,18.5204,73.8567,plains,35.7,21.2,46,18.4,0.0,947.7
2021-04-21,PUNE_01,18.5204,73.8567,plains,35.4,21.3,44,19.9,0.0,949.1
2021-04-22,PUNE_01,18.5204,73.8567,plains,36.8,21.2,40,17.4,0.0,949.1
2021-04-23,PUNE_01,18.5204,73.8567,plains,36.5,22.0,32,20.7,0.0,949.0
2021-04-24,PUNE_01,18.5204,73.8567,plains,36.7,21.5,33,17.6,0.0,948.4
2021-04-25,PUNE_01,18.5204,73.8567,plains,37.8,21.6,47,18.6,0.0,947.8
2021-04-26,PUNE_01,18.5204,73.8567,plains,37.5,22.6,45,24.9,0.1,947.6
2021-04-27,PUNE_01,18.5204,73.8567,plains,36.6,22.3,50,21.5,0.1,948.4
2021-04-28,PUNE_01,18.5204,73.8567,plains,36.5,22.3,50,21.7,0.1,949.2
2021-04-29,PUNE_01,18.5204,73.8567,plains,36.0,22.9,49,19.2,0.1,948.8
2021-04-30,PUNE_01,18.5204,73.8567,plains,36.8,23.6,53,22.5,0.1,947.9
2021-05-01,PUNE_01,18.5204,73.8567,plains,36.0,23.1,49,17.6,0.2,947.2
2021-05-02,PUNE_01,18.5204,73.8567,plains,35.8,23.3,53,8.9,2.8,947.9
2021-05-03,PUNE_01,18.5204,73.8567,plains,34.7,21.7,54,15.9,0.0,947.5
2021-05-04,PUNE_01,18.5204,73.8567,plains,34.6,23.6,53,14.1,0.0,947.2
2021-05-05,PUNE_01,18.5204,73.8567,plains,36.6,22.8,47,19.4,0.0,946.9
2021-05-06,PUNE_01,18.5204,73.8567,plains,36.5,23.9,48,17.1,0.0,947.6
2021-05-07,PUNE_01,18.5204,73.8567,plains,35.5,23.6,57,18.7,0.1,948.5
2021-05-08,PUNE_01,18.5204,73.8567,plains,35.6,24.1,54,14.4,0.6,947.6
2021-05-09,PUNE_01,18.5204,73.8567,plains,35.8,25.1,53,16.7,0.3,946.8
2021-05-10,PUNE_01,18.5204,73.8567,plains,36.7,22.8,49,19.2,0.0,946.2
2021-05-11,PUNE_01,18.5204,73.8567,plains,34.8,23.1,52,20.9,0.0,946.7
2021-05-12,PUNE_01,18.5204,73.8567,plains,35.2,21.9,60,20.1,0.1,945.3
2021-05-13,PUNE_01,18.5204,73.8567,plains,35.2,21.8,59,15.4,0.0,944.6
2021-05-14,PUNE_01,18.5204,73.8567,plains,36.0,22.8,56,12.8,0.4,943.2
2021-05-15,PUNE_01,18.5204,73.8567,plains,37.5,24.8,50,24.3,0.7,941.2
2021-05-16,PUNE_01,18.5204,73.8567,plains,30.0,23.2,80,38.9,20.1,939.2
2021-05-17,PUNE_01,18.5204,73.8567,plains,26.7,22.4,83,31.4,33.6,939.6
2021-05-18,PUNE_01,18.5204,73.8567,plains,29.0,23.4,79,27.4,0.6,942.9
2021-05-19,PUNE_01,18.5204,73.8567,plains,28.3,23.0,81,25.9,3.5,943.9
2021-05-20,PUNE_01,18.5204,73.8567,plains,30.7,21.2,74,15.0,0.5,945.8
2021-05-21,PUNE_01,18.5204,73.8567,plains,31.3,20.7,71,14.7,0.4,946.5
2021-05-22,PUNE_01,18.5204,73.8567,plains,30.0,22.5,74,17.8,0.2,946.1
2021-05-23,PUNE_01,18.5204,73.8567,plains,31.5,22.3,78,16.3,2.8,947.1
2021-05-24,PUNE_01,18.5204,73.8567,plains,32.6,22.3,73,18.8,0.2,947.6
2021-05-25,PUNE_01,18.5204,73.8567,plains,31.9,21.6,74,17.4,0.6,946.0
2021-05-26,PUNE_01,18.5204,73.8567,plains,31.9,22.4,70,23.1,0.0,945.0
2021-05-27,PUNE_01,18.5204,73.8567,plains,31.7,22.4,72,25.5,0.0,945.3
2021-05-28,PUNE_01,18.5204,73.8567,plains,32.8,22.8,70,20.5,0.0,945.9
2021-05-29,PUNE_01,18.5204,73.8567,plains,34.3,23.0,71,19.9,1.0,946.7
2021-05-30,PUNE_01,18.5204,73.8567,plains,30.5,23.1,80,14.8,5.5,946.7
2021-05-31,PUNE_01,18.5204,73.8567,plains,29.6,23.1,80,13.7,0.3,945.0
2021-06-01,PUNE_01,18.5204,73.8567,plains,31.9,22.6,82,16.3,10.9,945.2
2021-06-02,PUNE_01,18.5204,73.8567,plains,31.5,22.6,81,14.4,16.2,945.9
2021-06-03,PUNE_01,18.5204,73.8567,plains,30.9,23.5,84,11.2,18.6,946.6
2021-06-04,PUNE_01,18.5204,73.8567,plains,30.2,22.1,85,15.2,7.1,947.3
2021-06-05,PUNE_01,18.5204,73.8567,plains,25.6,22.2,90,7.2,20.0,946.3
2021-06-06,PUNE_01,18.5204,73.8567,plains,29.4,22.2,79,14.9,0.2,946.5
2021-06-07,PUNE_01,18.5204,73.8567,plains,28.7,22.1,79,20.2,0.4,946.9
2021-06-08,PUNE_01,18.5204,73.8567,plains,28.5,22.4,82,20.5,6.4,945.9
2021-06-09,PUNE_01,18.5204,73.8567,plains,27.3,22.4,86,24.6,9.3,944.7
2021-06-10,PUNE_01,18.5204,73.8567,plains,26.8,22.1,85,26.9,6.1,944.1
2021-06-11,PUNE_01,18.5204,73.8567,plains,27.5,22.8,83,28.8,2.3,943.4
2021-06-12,PUNE_01,18.5204,73.8567,plains,28.5,22.6,86,21.0,8.5,943.1
2021-06-13,PUNE_01,18.5204,73.8567,plains,28.9,22.4,81,22.3,1.9,943.1
2021-06-14,PUNE_01,18.5204,73.8567,plains,29.7,22.8,80,22.5,0.8,942.1
2021-06-15,PUNE_01,18.5204,73.8567,plains,27.6,23.0,82,23.5,0.9,941.1
2021-06-16,PUNE_01,18.5204,73.8567,plains,24.7,21.6,86,20.3,3.6,941.7
2021-06-17,PUNE_01,18.5204,73.8567,plains,25.4,21.6,86,22.9,3.5,942.6
2021-06-18,PUNE_01,18.5204,73.8567,plains,26.5,21.7,85,27.2,12.2,943.5
2021-06-19,PUNE_01,18.5204,73.8567,plains,25.8,21.3,86,25.1,9.7,945.3
2021-06-20,PUNE_01,18.5204,73.8567,plains,26.9,21.8,83,27.2,3.3,946.2
2021-06-21,PUNE_01,18.5204,73.8567,plains,27.6,21.7,82,22.7,2.2,946.7
2021-06-22,PUNE_01,18.5204,73.8567,plains,28.3,22.1,79,21.3,1.4,946.4
2021-06-23,PUNE_01,18.5204,73.8567,plains,27.7,22.5,81,20.4,2.1,946.1
2021-06-24,PUNE_01,18.5204,73.8567,plains,24.5,22.3,89,19.5,6.0,946.3
2021-06-25,PUNE_01,18.5204,73.8567,plains,26.5,22.0,85,23.1,2.7,945.3
2021-06-26,PUNE_01,18.5204,73.8567,plains,27.4,21.7,81,23.9,0.6,945.4
2021-06-27,PUNE_01,18.5204,73.8567,plains,24.3,21.6,90,15.5,17.0,946.7
2021-06-28,PUNE_01,18.5204,73.8567,plains,28.0,21.4,87,14.4,8.7,945.8
2021-06-29,PUNE_01,18.5204,73.8567,plains,29.8,21.5,82,16.2,1.9,945.6
2021-06-30,PUNE_01,18.5204,73.8567,plains,29.1,22.2,82,21.3,1.4,945.6
2021-07-01,PUNE_01,18.5204,73.8567,plains,28.9,22.2,79,23.8,0.1,944.3
2021-07-02,PUNE_01,18.5204,73.8567,plains,29.2,22.3,77,23.1,0.1,944.8
2021-07-03,PUNE_01,18.5204,73.8567,plains,29.7,21.8,77,19.5,0.3,945.7
2021-07-04,PUNE_01,18.5204,73.8567,plains,29.9,22.1,78,17.3,0.4,946.1
2021-07-05,PUNE_01,18.5204,73.8567,plains,30.1,21.5,79,17.5,0.6,945.9
2021-07-06,PUNE_01,18.5204,73.8567,plains,30.9,22.1,79,13.7,4.2,944.9
2021-07-07,PUNE_01,18.5204,73.8567,plains,29.3,22.5,79,17.7,3.1,944.8
2021-07-08,PUNE_01,18.5204,73.8567,plains,29.7,23.0,83,18.4,5.6,944.7
2021-07-09,PUNE_01,18.5204,73.8567,plains,27.1,22.6,84,19.2,7.5,942.9
2021-07-10,PUNE_01,18.5204,73.8567,plains,27.0,22.2,89,15.9,12.8,941.7
2021-07-11,PUNE_01,18.5204,73.8567,plains,29.6,21.8,83,17.6,2.3,940.8
2021-07-12,PUNE_01,18.5204,73.8567,plains,27.4,22.2,85,20.9,4.0,939.8
2021-07-13,PUNE_01,18.5204,73.8567,plains,25.5,22.7,87,24.1,7.7,940.7
2021-07-14,PUNE_01,18.5204,73.8567,plains,25.6,22.5,91,22.8,15.3,941.4
2021-07-15,PUNE_01,18.5204,73.8567,plains,27.6,22.5,87,19.8,13.4,940.4
2021-07-16,PUNE_01,18.5204,73.8567,plains,26.7,22.7,85,24.2,3.9,943.2
2021-07-17,PUNE_01,18.5204,73.8567,plains,27.8,22.8,85,27.0,2.9,944.8
2021-07-18,PUNE_01,18.5204,73.8567,plains,26.1,22.6,89,24.3,13.6,943.5
2021-07-19,PUNE_01,18.5204,73.8567,plains,26.0,22.5,89,23.8,9.4,942.9
2021-07-20,PUNE_01,18.5204,73.8567,plains,25.1,22.1,88,24.4,17.1,944.8
2021-07-21,PUNE_01,18.5204,73.8567,plains,24.6,21.9,90,31.0,39.0,943.4
2021-07-22,PUNE_01,18.5204,73.8567,plains,24.4,22.6,90,31.6,43.0,940.7
2021-07-23,PUNE_01,18.5204,73.8567,plains,23.2,21.9,92,24.3,19.1,941.0
2021-07-24,PUNE_01,18.5204,73.8567,plains,26.9,21.7,85,28.1,3.9,942.5
2021-07-25,PUNE_01,18.5204,73.8567,plains,26.7,22.6,84,29.8,3.8,943.3
2021-07-26,PUNE_01,18.5204,73.8567,plains,26.2,22.4,84,31.2,6.4,943.7
2021-07-27,PUNE_01,18.5204,73.8567,plains,26.5,22.2,83,29.5,4.6,943.2
2021-07-28,PUNE_01,18.5204,73.8567,plains,25.8,21.8,85,28.0,6.4,943.8
2021-07-29,PUNE_01,18.5204,73.8567,plains,24.3,22.2,87,27.2,4.0,944.6
2021-07-30,PUNE_01,18.5204,73.8567,plains,24.2,22.3,88,27.1,5.3,945.3
2021-07-31,PUNE_01,18.5204,73.8567,plains,26.8,22.1,82,34.9,1.4,945.8
2021-08-01,PUNE_01,18.5204,73.8567,plains,25.1,22.1,84,33.5,0.4,944.7
2021-08-02,PUNE_01,18.5204,73.8567,plains,26.5,21.9,82,29.2,1.6,945.0
2021-08-03,PUNE_01,18.5204,73.8567,plains,26.3,22.0,84,30.9,4.8,946.2
2021-08-04,PUNE_01,18.5204,73.8567,plains,26.5,22.1,83,30.7,2.1,946.3
2021-08-05,PUNE_01,18.5204,73.8567,plains,26.9,22.2,82,27.3,1.3,944.7
2021-08-06,PUNE_01,18.5204,73.8567,plains,27.4,22.0,82,27.0,0.2,944.1
2021-08-07,PUNE_01,18.5204,73.8567,plains,27.3,21.9,82,22.3,1.1,944.9
2021-08-08,PUNE_01,18.5204,73.8567,plains,27.8,21.9,83,15.3,1.7,946.1
2021-08-09,PUNE_01,18.5204,73.8567,plains,28.1,21.8,83,20.5,1.7,947.1
2021-08-10,PUNE_01,18.5204,73.8567,plains,27.7,21.3,82,20.3,1.3,947.0
2021-08-11,PUNE_01,18.5204,73.8567,plains,27.1,21.6,82,21.3,0.9,947.0
2021-08-12,PUNE_01,18.5204,73.8567,plains,26.9,21.4,83,22.0,1.4,947.7
2021-08-13,PUNE_01,18.5204,73.8567,plains,27.4,21.4,83,21.6,1.6,946.6
2021-08-14,PUNE_01,18.5204,73.8567,plains,26.5,21.4,83,22.4,2.1,945.1
2021-08-15,PUNE_01,18.5204,73.8567,plains,27.1,21.5,83,22.5,2.3,945.2
2021-08-16,PUNE_01,18.5204,73.8567,plains,26.3,21.6,84,16.2,0.9,946.3
2021-08-17,PUNE_01,18.5204,73.8567,plains,24.1,21.5,92,14.1,9.8,946.2
2021-08-18,PUNE_01,18.5204,73.8567,plains,24.7,21.3,90,19.4,5.7,944.6
2021-08-19,PUNE_01,18.5204,73.8567,plains,22.9,21.2,93,17.4,19.8,944.3
2021-08-20,PUNE_01,18.5204,73.8567,plains,25.4,21.2,88,15.8,4.5,944.9
2021-08-21,PUNE_01,18.5204,73.8567,plains,26.4,21.3,85,21.9,2.9,946.1
2021-08-22,PUNE_01,18.5204,73.8567,plains,27.3,21.1,86,18.0,4.0,946.6
2021-08-23,PUNE_01,18.5204,73.8567,plains,28.9,20.0,83,16.7,0.6,946.6
2021-08-24,PUNE_01,18.5204,73.8567,plains,29.3,20.7,83,17.4,0.9,946.5
2021-08-25,PUNE_01,18.5204,73.8567,plains,28.1,20.9,83,20.5,1.4,945.6
2021-08-26,PUNE_01,18.5204,73.8567,plains,27.2,21.1,84,21.0,1.8,944.1
2021-08-27,PUNE_01,18.5204,73.8567,plains,28.4,21.3,83,18.9,1.6,943.7
2021-08-28,PUNE_01,18.5204,73.8567,plains,27.4,20.8,82,18.1,0.6,942.8
2021-08-29,PUNE_01,18.5204,73.8567,plains,27.0,20.6,82,18.4,0.5,942.5
2021-08-30,PUNE_01,18.5204,73.8567,plains,25.4,21.3,85,17.4,8.9,943.7
2021-08-31,PUNE_01,18.5204,73.8567,plains,23.6,21.4,92,18.5,22.3,943.6
2021-09-01,PUNE_01,18.5204,73.8567,plains,26.3,21.6,88,21.4,5.2,944.6
2021-09-02,PUNE_01,18.5204,73.8567,plains,26.8,21.5,84,20.9,0.9,944.8
2021-09-03,PUNE_01,18.5204,73.8567,plains,27.4,21.1,83,21.3,3.9,944.3
2021-09-04,PUNE_01,18.5204,73.8567,plains,27.1,22.0,87,19.5,9.7,944.6
2021-09-05,PUNE_01,18.5204,73.8567,plains,24.6,21.8,91,17.4,6.9,944.7
2021-09-06,PUNE_01,18.5204,73.8567,plains,26.4,21.6,89,14.8,9.3,943.9
2021-09-07,PUNE_01,18.5204,73.8567,plains,26.0,21.9,92,13.1,12.2,942.2
2021-09-08,PUNE_01,18.5204,73.8567,plains,25.3,21.8,89,26.9,11.9,941.9
2021-09-09,PUNE_01,18.5204,73.8567,plains,26.5,22.2,85,30.1,6.2,945.1
2021-09-10,PUNE_01,18.5204,73.8567,plains,26.9,22.2,84,27.9,3.0,945.3
2021-09-11,PUNE_01,18.5204,73.8567,plains,26.4,22.0,86,24.5,5.0,943.4
2021-09-12,PUNE_01,18.5204,73.8567,plains,26.3,22.4,87,23.2,7.2,941.6
2021-09-13,PUNE_01,18.5204,73.8567,plains,26.5,22.4,87,28.9,4.9,941.0
2021-09-14,PUNE_01,18.5204,73.8567,plains,26.8,22.1,84,26.7,1.8,942.0
2021-09-15,PUNE_01,18.5204,73.8567,plains,26.3,21.6,82,23.3,0.0,943.5
2021-09-16,PUNE_01,18.5204,73.8567,plains,27.1,21.3,80,21.3,0.0,944.5
2021-09-17,PUNE_01,18.5204,73.8567,plains,26.9,20.7,82,21.0,0.1,944.8
2021-09-18,PUNE_01,18.5204,73.8567,plains,26.9,20.6,84,19.2,0.3,946.3
2021-09-19,PUNE_01,18.5204,73.8567,plains,27.2,21.1,87,15.8,2.7,948.1
2021-09-20,PUNE_01,18.5204,73.8567,plains,26.9,21.7,88,16.6,4.5,947.4
2021-09-21,PUNE_01,18.5204,73.8567,plains,25.4,21.7,90,18.6,5.0,946.3
2021-09-22,PUNE_01,18.5204,73.8567,plains,25.5,21.8,89,20.3,3.9,944.7
2021-09-23,PUNE_01,18.5204,73.8567,plains,27.0,21.5,89,18.4,2.1,944.9
2021-09-24,PUNE_01,18.5204,73.8567,plains,28.0,21.6,82,15.1,0.5,945.9
2021-09-25,PUNE_01,18.5204,73.8567,plains,27.6,20.7,84,15.7,0.9,946.1
2021-09-26,PUNE_01,18.5204,73.8567,plains,26.7,20.6,87,16.8,1.9,944.4
2021-09-27,PUNE_01,18.5204,73.8567,plains,24.6,21.3,92,15.2,7.4,942.9
2021-09-28,PUNE_01,18.5204,73.8567,plains,24.4,21.2,92,20.6,9.2,942.4
2021-09-29,PUNE_01,18.5204,73.8567,plains,26.9,21.8,85,23.2,1.2,944.0
2021-09-30,PUNE_01,18.5204,73.8567,plains,28.0,21.0,85,16.6,1.3,946.9
2021-10-01,PUNE_01,18.5204,73.8567,plains,29.2,20.8,86,13.7,4.9,947.7
2021-10-02,PUNE_01,18.5204,73.8567,plains,28.5,21.6,87,10.6,5.4,947.4
2021-10-03,PUNE_01,18.5204,73.8567,plains,29.4,21.2,86,10.4,3.5,947.1
2021-10-04,PUNE_01,18.5204,73.8567,plains,29.4,21.9,86,9.3,2.0,946.6
2021-10-05,PUNE_01,18.5204,73.8567,plains,29.7,21.8,88,10.2,3.1,946.8
2021-10-06,PUNE_01,18.5204,73.8567,plains,29.3,21.2,88,11.7,13.7,946.2
2021-10-07,PUNE_01,18.5204,73.8567,plains,29.7,21.4,84,16.2,1.3,945.4
2021-10-08,PUNE_01,18.5204,73.8567,plains,28.3,21.7,89,10.2,6.5,946.0
2021-10-09,PUNE_01,18.5204,73.8567,plains,28.4,21.6,89,14.6,5.3,947.3
2021-10-10,PUNE_01,18.5204,73.8567,plains,27.9,21.9,90,11.0,10.0,947.2
2021-10-11,PUNE_01,18.5204,73.8567,plains,28.4,21.0,85,11.2,1.1,945.8
2021-10-12,PUNE_01,18.5204,73.8567,plains,28.9,20.6,80,12.3,0.0,945.4
2021-10-13,PUNE_01,18.5204,73.8567,plains,29.6,20.8,73,14.0,0.0,945.4
2021-10-14,PUNE_01,18.5204,73.8567,plains,29.6,20.1,70,11.9,0.0,945.2
2021-10-15,PUNE_01,18.5204,73.8567,plains,29.8,21.1,66,10.6,0.0,943.4
2021-10-16,PUNE_01,18.5204,73.8567,plains,29.5,18.2,67,7.1,0.0,942.5
2021-10-17,PUNE_01,18.5204,73.8567,plains,30.0,20.7,72,15.5,0.3,943.2
2021-10-18,PUNE_01,18.5204,73.8567,plains,28.4,20.0,76,20.2,0.0,945.9
2021-10-19,PUNE_01,18.5204,73.8567,plains,28.7,19.7,78,13.2,0.0,949.3
2021-10-20,PUNE_01,18.5204,73.8567,plains,29.7,18.6,70,7.9,0.0,951.0
2021-10-21,PUNE_01,18.5204,73.8567,plains,29.7,19.2,57,11.0,0.0,951.3
2021-10-22,PUNE_01,18.5204,73.8567,plains,29.6,19.0,56,9.4,0.0,951.2
2021-10-23,PUNE_01,18.5204,73.8567,plains,30.1,16.9,61,8.6,0.0,951.1
2021-10-24,PUNE_01,18.5204,73.8567,plains,29.4,18.7,70,12.0,0.0,951.4
2021-10-25,PUNE_01,18.5204,73.8567,plains,30.0,17.2,69,14.2,0.0,950.6
2021-10-26,PUNE_01,18.5204,73.8567,plains,30.2,19.5,55,11.3,0.0,949.6
2021-10-27,PUNE_01,18.5204,73.8567,plains,30.4,17.5,44,16.1,0.0,950.2
2021-10-28,PUNE_01,18.5204,73.8567,plains,30.5,16.7,50,19.0,0.0,950.5
2021-10-29,PUNE_01,18.5204,73.8567,plains,30.0,16.4,49,14.4,0.0,951.4
2021-10-30,PUNE_01,18.5204,73.8567,plains,30.4,17.6,50,13.1,0.0,952.0
2021-10-31,PUNE_01,18.5204,73.8567,plains,30.9,18.5,58,11.5,0.0,951.2
2021-11-01,PUNE_01,18.5204,73.8567,plains,31.1,19.0,61,9.8,0.0,949.9
2021-11-02,PUNE_01,18.5204,73.8567,plains,31.4,18.6,58,14.4,0.0,949.5
2021-11-03,PUNE_01,18.5204,73.8567,plains,30.2,19.6,60,16.3,1.4,949.7
2021-11-04,PUNE_01,18.5204,73.8567,plains,29.6,20.7,69,15.1,0.1,949.4
2021-11-05,PUNE_01,18.5204,73.8567,plains,29.8,20.1,75,15.5,1.3,949.2
2021-11-06,PUNE_01,18.5204,73.8567,plains,30.8,20.2,71,16.6,1.8,948.2
2021-11-07,PUNE_01,18.5204,73.8567,plains,30.2,20.3,60,18.9,0.0,947.9
2021-11-08,PUNE_01,18.5204,73.8567,plains,29.9,18.3,50,16.0,0.0,949.4
2021-11-09,PUNE_01,18.5204,73.8567,plains,29.6,16.4,46,16.3,0.0,950.0
2021-11-10,PUNE_01,18.5204,73.8567,plains,29.2,15.4,48,13.8,0.0,949.3
2021-11-11,PUNE_01,18.5204,73.8567,plains,29.5,16.9,43,15.7,0.0,948.0
2021-11-12,PUNE_01,18.5204,73.8567,plains,30.2,17.0,47,15.8,0.0,947.7
2021-11-13,PUNE_01,18.5204,73.8567,plains,31.1,19.3,58,13.7,0.0,947.9
2021-11-14,PUNE_01,18.5204,73.8567,plains,31.0,22.1,68,14.1,0.7,947.5
2021-11-15,PUNE_01,18.5204,73.8567,plains,31.3,21.4,67,14.1,0.2,946.3
2021-11-16,PUNE_01,18.5204,73.8567,plains,31.9,22.4,71,21.3,1.9,946.2
2021-11-17,PUNE_01,18.5204,73.8567,plains,29.7,21.6,81,22.1,16.7,947.3
2021-11-18,PUNE_01,18.5204,73.8567,plains,28.9,20.7,85,17.1,2.3,947.2
2021-11-19,PUNE_01,18.5204,73.8567,plains,29.4,19.5,74,17.3,0.0,945.3
2021-11-20,PUNE_01,18.5204,73.8567,plains,30.1,21.2,78,21.7,2.1,944.8
2021-11-21,PUNE_01,18.5204,73.8567,plains,29.0,21.2,87,20.3,8.1,947.3
2021-11-22,PUNE_01,18.5204,73.8567,plains,28.7,20.9,81,11.3,0.2,949.8
2021-11-23,PUNE_01,18.5204,73.8567,plains,29.8,20.5,82,11.6,0.6,949.6
2021-11-24,PUNE_01,18.5204,73.8567,plains,30.2,20.8,76,15.5,0.1,949.7
2021-11-25,PUNE_01,18.5204,73.8567,plains,29.8,19.5,71,10.2,0.0,950.3
2021-11-26,PUNE_01,18.5204,73.8567,plains,29.7,17.9,66,11.4,0.0,950.5
2021-11-27,PUNE_01,18.5204,73.8567,plains,29.4,17.5,63,15.1,0.0,950.3
2021-11-28,PUNE_01,18.5204,73.8567,plains,28.6,16.2,53,16.9,0.0,950.8
2021-11-29,PUNE_01,18.5204,73.8567,plains,27.5,14.7,60,19.2,0.0,951.1
2021-11-30,PUNE_01,18.5204,73.8567,plains,28.4,18.7,72,20.5,0.2,950.7
2021-12-01,PUNE_01,18.5204,73.8567,plains,20.8,17.5,87,15.3,36.1,949.6
2021-12-02,PUNE_01,18.5204,73.8567,plains,24.0,16.4,91,16.7,28.6,948.6
2021-12-03,PUNE_01,18.5204,73.8567,plains,23.2,18.3,94,8.4,9.7,949.6
2021-12-04,PUNE_01,18.5204,73.8567,plains,25.0,18.7,88,10.7,1.3,950.3
2021-12-05,PUNE_01,18.5204,73.8567,plains,26.3,17.3,82,7.2,0.0,950.5
2021-12-06,PUNE_01,18.5204,73.8567,plains,26.6,16.5,82,7.7,0.0,950.3
2021-12-07,PUNE_01,18.5204,73.8567,plains,26.6,16.1,77,15.2,0.0,950.8
2021-12-08,PUNE_01,18.5204,73.8567,plains,26.6,16.9,71,11.0,0.0,951.1
2021-12-09,PUNE_01,18.5204,73.8567,plains,26.9,15.6,71,12.5,0.0,952.3
2021-12-10,PUNE_01,18.5204,73.8567,plains,27.2,16.0,72,13.0,0.0,953.1
2021-12-11,PUNE_01,18.5204,73.8567,plains,27.0,15.7,72,15.3,0.0,952.7
2021-12-12,PUNE_01,18.5204,73.8567,plains,26.9,14.9,73,12.8,0.0,952.5
2021-12-13,PUNE_01,18.5204,73.8567,plains,27.2,15.0,74,7.6,0.0,951.6
2021-12-14,PUNE_01,18.5204,73.8567,plains,26.9,15.1,70,8.5,0.0,951.0
2021-12-15,PUNE_01,18.5204,73.8567,plains,27.0,17.1,72,10.7,0.2,951.2
2021-12-16,PUNE_01,18.5204,73.8567,plains,27.0,17.0,74,9.2,0.1,952.1
2021-12-17,PUNE_01,18.5204,73.8567,plains,26.8,15.7,67,9.0,0.0,952.5
2021-12-18,PUNE_01,18.5204,73.8567,plains,26.4,13.4,62,9.7,0.0,952.5
2021-12-19,PUNE_01,18.5204,73.8567,plains,25.8,13.2,65,15.0,0.0,953.0
2021-12-20,PUNE_01,18.5204,73.8567,plains,26.2,12.7,65,10.5,0.0,952.7
2021-12-21,PUNE_01,18.5204,73.8567,plains,26.9,13.4,61,9.4,0.0,952.3
2021-12-22,PUNE_01,18.5204,73.8567,plains,27.5,14.2,64,11.1,0.0,950.8
2021-12-23,PUNE_01,18.5204,73.8567,plains,28.7,14.3,67,9.0,0.0,950.3
2021-12-24,PUNE_01,18.5204,73.8567,plains,29.2,13.7,66,14.0,0.0,950.3
2021-12-25,PUNE_01,18.5204,73.8567,plains,28.4,13.5,67,9.4,0.0,950.9
2021-12-26,PUNE_01,18.5204,73.8567,plains,28.4,13.6,68,9.0,0.0,952.0
2021-12-27,PUNE_01,18.5204,73.8567,plains,28.4,15.8,62,8.6,0.0,952.3
2021-12-28,PUNE_01,18.5204,73.8567,plains,28.6,15.2,65,14.7,0.0,951.0
2021-12-29,PUNE_01,18.5204,73.8567,plains,26.1,12.9,64,8.4,0.0,951.1
2021-12-30,PUNE_01,18.5204,73.8567,plains,26.6,14.4,68,17.3,0.0,952.9
2021-12-31,PUNE_01,18.5204,73.8567,plains,27.1,15.5,69,17.4,0.0,954.0
2022-01-01,PUNE_01,18.5204,73.8567,plains,27.4,14.2,68,11.5,0.0,954.1
2022-01-02,PUNE_01,18.5204,73.8567,plains,27.2,16.2,68,13.0,0.4,952.9
2022-01-03,PUNE_01,18.5204,73.8567,plains,28.0,16.3,65,11.2,0.0,952.3
2022-01-04,PUNE_01,18.5204,73.8567,plains,27.9,16.9,61,10.9,0.0,952.2
2022-01-05,PUNE_01,18.5204,73.8567,plains,27.7,15.0,62,8.7,0.0,951.4
2022-01-06,PUNE_01,18.5204,73.8567,plains,27.9,15.3,72,9.4,0.0,950.4
2022-01-07,PUNE_01,18.5204,73.8567,plains,28.2,15.4,73,18.8,0.0,950.1
2022-01-08,PUNE_01,18.5204,73.8567,plains,26.1,15.0,76,15.9,0.0,950.6
2022-01-09,PUNE_01,18.5204,73.8567,plains,25.0,15.6,74,14.6,2.6,950.1
2022-01-10,PUNE_01,18.5204,73.8567,plains,26.0,13.1,66,13.5,0.0,949.9
2022-01-11,PUNE_01,18.5204,73.8567,plains,25.4,11.8,72,13.3,0.0,949.7
2022-01-12,PUNE_01,18.5204,73.8567,plains,24.4,12.5,71,11.6,0.0,949.7
2022-01-13,PUNE_01,18.5204,73.8567,plains,24.9,12.0,78,12.3,0.1,949.0
2022-01-14,PUNE_01,18.5204,73.8567,plains,24.9,13.3,75,8.0,0.0,949.3
2022-01-15,PUNE_01,18.5204,73.8567,plains,26.1,13.4,67,13.5,0.0,950.5
2022-01-16,PUNE_01,18.5204,73.8567,plains,27.3,13.7,67,15.9,0.0,951.6
2022-01-17,PUNE_01,18.5204,73.8567,plains,26.9,15.5,69,15.0,0.2,953.4
2022-01-18,PUNE_01,18.5204,73.8567,plains,27.2,15.6,67,8.8,0.0,952.9
2022-01-19,PUNE_01,18.5204,73.8567,plains,28.1,15.5,59,8.6,0.0,951.6
2022-01-20,PUNE_01,18.5204,73.8567,plains,28.9,15.5,53,14.8,0.0,949.2
2022-01-21,PUNE_01,18.5204,73.8567,plains,29.1,14.1,63,14.6,0.0,948.8
2022-01-22,PUNE_01,18.5204,73.8567,plains,26.4,15.7,73,23.1,0.5,947.4
2022-01-23,PUNE_01,18.5204,73.8567,plains,22.9,13.0,73,20.8,1.2,947.7
2022-01-24,PUNE_01,18.5204,73.8567,plains,22.4,9.5,68,10.9,0.0,948.0
2022-01-25,PUNE_01,18.5204,73.8567,plains,25.1,10.4,62,12.1,0.0,948.2
2022-01-26,PUNE_01,18.5204,73.8567,plains,25.9,9.9,55,10.7,0.0,949.0
2022-01-27,PUNE_01,18.5204,73.8567,plains,26.3,12.0,51,12.7,0.0,950.0
2022-01-28,PUNE_01,18.5204,73.8567,plains,26.7,12.4,53,13.3,0.0,951.0
2022-01-29,PUNE_01,18.5204,73.8567,plains,27.5,12.2,48,11.2,0.0,951.7
2022-01-30,PUNE_01,18.5204,73.8567,plains,28.8,12.0,52,8.3,0.0,950.5
2022-01-31,PUNE_01,18.5204,73.8567,plains,29.7,14.2,49,10.0,0.0,949.4
2022-02-01,PUNE_01,18.5204,73.8567,plains,30.2,13.5,44,10.1,0.0,948.9
2022-02-02,PUNE_01,18.5204,73.8567,plains,31.5,13.7,51,14.4,0.0,949.0
2022-02-03,PUNE_01,18.5204,73.8567,plains,28.6,14.8,50,19.0,0.0,948.1
2022-02-04,PUNE_01,18.5204,73.8567,plains,26.6,14.4,68,12.2,0.0,947.9
2022-02-05,PUNE_01,18.5204,73.8567,plains,29.4,12.9,59,11.6,0.0,948.4
2022-02-06,PUNE_01,18.5204,73.8567,plains,30.3,12.8,54,11.3,0.0,950.5
2022-02-07,PUNE_01,18.5204,73.8567,plains,30.3,14.8,60,12.3,0.0,951.1
2022-02-08,PUNE_01,18.5204,73.8567,plains,29.9,14.7,66,17.7,0.0,950.1
2022-02-09,PUNE_01,18.5204,73.8567,plains,28.9,13.6,64,13.7,0.0,949.7
2022-02-10,PUNE_01,18.5204,73.8567,plains,29.2,14.0,51,14.1,0.0,950.3
2022-02-11,PUNE_01,18.5204,73.8567,plains,29.3,14.7,46,15.2,0.0,950.5
2022-02-12,PUNE_01,18.5204,73.8567,plains,30.0,16.4,41,10.1,0.0,950.1
2022-02-13,PUNE_01,18.5204,73.8567,plains,30.2,16.1,46,15.0,0.0,948.4
2022-02-14,PUNE_01,18.5204,73.8567,plains,29.9,15.4,41,15.6,0.0,948.1
2022-02-15,PUNE_01,18.5204,73.8567,plains,29.5,14.1,45,16.3,0.0,948.2
2022-02-16,PUNE_01,18.5204,73.8567,plains,29.5,14.0,51,18.5,0.0,946.6
2022-02-17,PUNE_01,18.5204,73.8567,plains,29.9,15.0,50,14.6,0.0,945.5
2022-02-18,PUNE_01,18.5204,73.8567,plains,30.9,14.9,46,18.9,0.0,946.8
2022-02-19,PUNE_01,18.5204,73.8567,plains,32.3,17.5,44,15.6,0.0,949.3
2022-02-20,PUNE_01,18.5204,73.8567,plains,32.6,18.0,35,16.3,0.0,948.8
2022-02-21,PUNE_01,18.5204,73.8567,plains,32.6,15.8,37,11.4,0.0,948.1
2022-02-22,PUNE_01,18.5204,73.8567,plains,34.1,17.3,33,10.8,0.0,949.2
2022-02-23,PUNE_01,18.5204,73.8567,plains,34.5,16.6,38,10.0,0.0,950.9
2022-02-24,PUNE_01,18.5204,73.8567,plains,33.6,18.6,39,14.1,0.0,952.1
2022-02-25,PUNE_01,18.5204,73.8567,plains,33.3,20.4,32,14.8,0.0,951.5
2022-02-26,PUNE_01,18.5204,73.8567,plains,34.2,18.0,30,17.4,0.0,951.1
2022-02-27,PUNE_01,18.5204,73.8567,plains,33.2,18.5,30,15.8,0.0,951.6
2022-02-28,PUNE_01,18.5204,73.8567,plains,33.5,17.9,28,16.8,0.0,951.1
2022-03-01,PUNE_01,18.5204,73.8567,plains,33.2,19.2,25,13.2,0.0,951.2
2022-03-02,PUNE_01,18.5204,73.8567,plains,34.7,18.5,29,12.2,0.0,950.8
2022-03-03,PUNE_01,18.5204,73.8567,plains,34.3,19.0,28,15.1,0.0,950.5
2022-03-04,PUNE_01,18.5204,73.8567,plains,33.9,20.3,29,11.2,0.0,950.7
2022-03-05,PUNE_01,18.5204,73.8567,plains,34.5,19.5,30,15.6,0.0,950.2
2022-03-06,PUNE_01,18.5204,73.8567,plains,33.9,20.5,32,13.3,0.0,949.2
2022-03-07,PUNE_01,18.5204,73.8567,plains,33.6,21.0,35,16.0,0.0,949.2
2022-03-08,PUNE_01,18.5204,73.8567,plains,33.4,21.9,35,13.8,0.0,949.7
2022-03-09,PUNE_01,18.5204,73.8567,plains,33.1,20.4,44,16.7,0.0,949.8
2022-03-10,PUNE_01,18.5204,73.8567,plains,32.7,19.1,47,11.4,0.1,949.6
2022-03-11,PUNE_01,18.5204,73.8567,plains,33.2,19.4,47,19.8,0.0,949.4
2022-03-12,PUNE_01,18.5204,73.8567,plains,33.1,19.0,44,12.9,0.0,949.2
2022-03-13,PUNE_01,18.5204,73.8567,plains,34.8,19.8,33,14.5,0.0,949.3
2022-03-14,PUNE_01,18.5204,73.8567,plains,35.1,20.8,23,14.8,0.0,949.9
2022-03-15,PUNE_01,18.5204,73.8567,plains,36.4,21.2,23,17.7,0.0,948.6
2022-03-16,PUNE_01,18.5204,73.8567,plains,37.2,19.5,24,16.3,0.0,947.1
2022-03-17,PUNE_01,18.5204,73.8567,plains,37.7,22.1,23,16.8,0.0,946.6
2022-03-18,PUNE_01,18.5204,73.8567,plains,38.3,21.4,26,16.7,0.0,945.8
2022-03-19,PUNE_01,18.5204,73.8567,plains,37.9,21.6,39,23.0,0.0,945.4
2022-03-20,PUNE_01,18.5204,73.8567,plains,36.5,22.1,42,20.0,0.0,945.9
2022-03-21,PUNE_01,18.5204,73.8567,plains,37.0,21.1,43,15.4,0.0,946.8
2022-03-22,PUNE_01,18.5204,73.8567,plains,37.4,21.5,33,16.3,0.0,946.8
2022-03-23,PUNE_01,18.5204,73.8567,plains,36.7,23.7,27,18.2,0.0,946.6
2022-03-24,PUNE_01,18.5204,73.8567,plains,37.3,24.0,35,24.1,0.0,946.4
2022-03-25,PUNE_01,18.5204,73.8567,plains,36.0,22.3,57,13.8,0.0,947.7
2022-03-26,PUNE_01,18.5204,73.8567,plains,37.3,23.0,54,16.2,0.0,949.6
2022-03-27,PUNE_01,18.5204,73.8567,plains,38.8,21.0,40,17.0,0.0,949.7
2022-03-28,PUNE_01,18.5204,73.8567,plains,38.6,22.1,42,15.1,0.0,949.1
2022-03-29,PUNE_01,18.5204,73.8567,plains,39.3,22.4,34,19.9,0.0,948.0
2022-03-30,PUNE_01,18.5204,73.8567,plains,38.7,21.4,24,18.5,0.0,947.9
2022-03-31,PUNE_01,18.5204,73.8567,plains,38.0,22.4,20,20.2,0.0,948.2
2022-04-01,PUNE_01,18.5204,73.8567,plains,38.5,19.9,22,19.2,0.0,947.9
2022-04-02,PUNE_01,18.5204,73.8567,plains,38.4,21.4,31,21.6,0.0,948.6
2022-04-03,PUNE_01,18.5204,73.8567,plains,39.7,21.0,38,21.3,0.0,948.2
2022-04-04,PUNE_01,18.5204,73.8567,plains,41.8,21.5,46,29.1,0.0,948.5
2022-04-05,PUNE_01,18.5204,73.8567,plains,39.8,22.7,47,26.4,0.0,950.1
2022-04-06,PUNE_01,18.5204,73.8567,plains,40.2,22.7,46,23.2,0.0,950.5
2022-04-07,PUNE_01,18.5204,73.8567,plains,39.0,22.6,47,21.3,0.0,949.5
2022-04-08,PUNE_01,18.5204,73.8567,plains,40.1,23.0,42,28.9,0.0,948.0
2022-04-09,PUNE_01,18.5204,73.8567,plains,39.3,23.3,46,21.6,0.0,947.6
2022-04-10,PUNE_01,18.5204,73.8567,plains,39.0,23.0,49,29.4,0.0,947.6
2022-04-11,PUNE_01,18.5204,73.8567,plains,39.0,22.3,39,21.6,0.0,946.8
2022-04-12,PUNE_01,18.5204,73.8567,plains,39.5,23.9,33,14.1,0.0,945.9
2022-04-13,PUNE_01,18.5204,73.8567,plains,39.2,24.2,27,13.7,0.0,945.5
2022-04-14,PUNE_01,18.5204,73.8567,plains,39.1,24.9,37,24.8,0.0,945.8
2022-04-15,PUNE_01,18.5204,73.8567,plains,37.8,22.0,47,18.1,0.0,946.4
2022-04-16,PUNE_01,18.5204,73.8567,plains,38.7,20.9,35,21.7,0.0,945.4
2022-04-17,PUNE_01,18.5204,73.8567,plains,38.5,20.5,43,23.0,0.0,946.1
2022-04-18,PUNE_01,18.5204,73.8567,plains,39.4,21.4,46,27.6,0.0,948.2
2022-04-19,PUNE_01,18.5204,73.8567,plains,38.7,21.8,52,26.1,0.0,949.4
2022-04-20,PUNE_01,18.5204,73.8567,plains,39.0,22.3,45,23.1,0.0,947.7
2022-04-21,PUNE_01,18.5204,73.8567,plains,39.2,24.8,31,15.1,0.0,946.5
2022-04-22,PUNE_01,18.5204,73.8567,plains,38.3,24.4,28,14.1,0.2,947.3
2022-04-23,PUNE_01,18.5204,73.8567,plains,36.4,25.1,42,16.0,0.1,948.2
2022-04-24,PUNE_01,18.5204,73.8567,plains,38.8,25.2,47,13.3,0.0,948.0
2022-04-25,PUNE_01,18.5204,73.8567,plains,38.7,24.2,39,23.0,0.0,946.9
2022-04-26,PUNE_01,18.5204,73.8567,plains,39.8,23.9,32,21.1,0.0,947.1
2022-04-27,PUNE_01,18.5204,73.8567,plains,40.3,24.4,30,13.2,0.0,946.2
2022-04-28,PUNE_01,18.5204,73.8567,plains,40.9,24.9,32,19.7,0.0,946.9
2022-04-29,PUNE_01,18.5204,73.8567,plains,40.0,23.8,47,22.9,0.0,948.1
2022-04-30,PUNE_01,18.5204,73.8567,plains,37.8,24.4,38,20.7,0.0,946.8
2022-05-01,PUNE_01,18.5204,73.8567,plains,38.3,22.4,44,21.2,0.0,945.4
2022-05-02,PUNE_01,18.5204,73.8567,plains,36.9,21.7,57,20.9,0.0,945.8
2022-05-03,PUNE_01,18.5204,73.8567,plains,37.0,21.3,60,21.4,0.0,946.4
2022-05-04,PUNE_01,18.5204,73.8567,plains,38.9,21.6,53,21.3,0.0,947.3
2022-05-05,PUNE_01,18.5204,73.8567,plains,39.5,21.9,47,29.7,0.0,946.9
2022-05-06,PUNE_01,18.5204,73.8567,plains,38.3,22.2,46,23.8,0.0,946.4
2022-05-07,PUNE_01,18.5204,73.8567,plains,38.8,22.3,52,20.9,0.0,946.0
2022-05-08,PUNE_01,18.5204,73.8567,plains,40.3,23.8,44,29.0,0.0,944.4
2022-05-09,PUNE_01,18.5204,73.8567,plains,37.3,24.8,49,26.3,0.2,943.3
2022-05-10,PUNE_01,18.5204,73.8567,plains,36.7,23.7,62,23.7,0.0,943.0
2022-05-11,PUNE_01,18.5204,73.8567,plains,35.7,23.2,62,24.7,0.4,942.8
2022-05-12,PUNE_01,18.5204,73.8567,plains,33.3,24.4,68,22.6,0.0,944.0
2022-05-13,PUNE_01,18.5204,73.8567,plains,34.7,23.8,62,20.3,0.0,943.9
2022-05-14,PUNE_01,18.5204,73.8567,plains,36.5,22.0,60,21.9,0.0,944.1
2022-05-15,PUNE_01,18.5204,73.8567,plains,37.1,22.1,63,18.6,0.0,945.1
2022-05-16,PUNE_01,18.5204,73.8567,plains,40.0,23.2,59,23.7,0.0,944.6
2022-05-17,PUNE_01,18.5204,73.8567,plains,37.0,22.9,59,19.8,0.0,943.8
2022-05-18,PUNE_01,18.5204,73.8567,plains,37.2,22.1,58,19.8,0.0,944.0
2022-05-19,PUNE_01,18.5204,73.8567,plains,37.1,24.0,62,25.5,0.0,944.4
2022-05-20,PUNE_01,18.5204,73.8567,plains,33.0,23.5,64,21.6,3.4,945.3
2022-05-21,PUNE_01,18.5204,73.8567,plains,34.3,23.0,61,27.9,0.0,945.0
2022-05-22,PUNE_01,18.5204,73.8567,plains,33.1,23.1,65,28.1,0.0,943.3
2022-05-23,PUNE_01,18.5204,73.8567,plains,34.1,23.5,63,26.2,0.0,943.0
2022-05-24,PUNE_01,18.5204,73.8567,plains,34.2,23.2,65,22.0,0.0,945.4
2022-05-25,PUNE_01,18.5204,73.8567,plains,34.7,23.1,62,19.6,0.0,947.4
2022-05-26,PUNE_01,18.5204,73.8567,plains,35.2,21.9,64,20.2,0.0,947.0
2022-05-27,PUNE_01,18.5204,73.8567,plains,34.3,22.4,61,21.5,0.0,946.8
2022-05-28,PUNE_01,18.5204,73.8567,plains,33.6,22.1,62,23.9,0.0,946.0
2022-05-29,PUNE_01,18.5204,73.8567,plains,33.4,22.4,63,23.7,0.0,946.0
2022-05-30,PUNE_01,18.5204,73.8567,plains,34.8,21.9,64,20.5,0.0,945.6
2022-05-31,PUNE_01,18.5204,73.8567,plains,35.7,22.0,64,23.0,0.2,944.9
2022-06-01,PUNE_01,18.5204,73.8567,plains,35.4,24.1,63,19.8,0.6,945.1
2022-06-02,PUNE_01,18.5204,73.8567,plains,34.1,23.2,64,18.7,0.4,945.4
2022-06-03,PUNE_01,18.5204,73.8567,plains,35.5,22.5,63,19.5,0.1,945.0
2022-06-04,PUNE_01,18.5204,73.8567,plains,36.4,22.6,61,19.8,0.0,944.8
2022-06-05,PUNE_01,18.5204,73.8567,plains,37.9,23.4,64,19.7,0.2,944.7
2022-06-06,PUNE_01,18.5204,73.8567,plains,35.6,23.8,70,17.6,19.8,945.3
2022-06-07,PUNE_01,18.5204,73.8567,plains,33.5,23.1,63,19.2,1.8,945.5
2022-06-08,PUNE_01,18.5204,73.8567,plains,34.6,22.8,67,16.9,0.9,945.2
2022-06-09,PUNE_01,18.5204,73.8567,plains,33.5,24.3,71,14.3,1.0,944.2
2022-06-10,PUNE_01,18.5204,73.8567,plains,34.6,22.9,74,21.0,9.9,944.2
2022-06-11,PUNE_01,18.5204,73.8567,plains,31.2,23.3,76,21.0,6.5,944.7
2022-06-12,PUNE_01,18.5204,73.8567,plains,29.9,22.8,76,17.5,3.0,944.6
2022-06-13,PUNE_01,18.5204,73.8567,plains,32.0,22.6,71,20.3,0.7,945.8
2022-06-14,PUNE_01,18.5204,73.8567,plains,33.2,22.4,68,20.7,0.0,946.1
2022-06-15,PUNE_01,18.5204,73.8567,plains,32.8,22.8,70,21.5,0.9,945.4
2022-06-16,PUNE_01,18.5204,73.8567,plains,32.3,22.8,72,19.3,0.9,945.1
2022-06-17,PUNE_01,18.5204,73.8567,plains,32.5,22.7,72,18.6,1.5,944.5
2022-06-18,PUNE_01,18.5204,73.8567,plains,31.5,22.9,72,19.7,1.9,944.8
2022-06-19,PUNE_01,18.5204,73.8567,plains,30.9,23.4,75,21.5,6.2,944.9
2022-06-20,PUNE_01,18.5204,73.8567,plains,27.7,22.1,83,24.2,15.2,943.8
2022-06-21,PUNE_01,18.5204,73.8567,plains,27.8,22.0,82,21.7,1.0,941.9
2022-06-22,PUNE_01,18.5204,73.8567,plains,31.0,22.1,81,16.1,22.3,943.1
2022-06-23,PUNE_01,18.5204,73.8567,plains,29.3,21.4,86,13.4,18.6,944.0
2022-06-24,PUNE_01,18.5204,73.8567,plains,30.2,21.7,82,14.3,5.9,942.7
2022-06-25,PUNE_01,18.5204,73.8567,plains,27.4,22.4,84,14.7,33.7,940.5
2022-06-26,PUNE_01,18.5204,73.8567,plains,26.0,21.6,88,21.4,13.1,940.7
2022-06-27,PUNE_01,18.5204,73.8567,plains,26.0,22.4,86,25.3,10.9,942.5
2022-06-28,PUNE_01,18.5204,73.8567,plains,27.9,22.1,82,22.9,1.1,943.8
2022-06-29,PUNE_01,18.5204,73.8567,plains,29.1,22.7,82,19.5,5.1,942.6
2022-06-30,PUNE_01,18.5204,73.8567,plains,29.1,22.7,82,21.9,4.1,942.4
2022-07-01,PUNE_01,18.5204,73.8567,plains,27.0,22.6,84,25.6,3.1,943.0
2022-07-02,PUNE_01,18.5204,73.8567,plains,27.5,22.5,82,28.0,3.5,941.8
2022-07-03,PUNE_01,18.5204,73.8567,plains,27.0,22.6,82,24.7,3.6,941.7
2022-07-04,PUNE_01,18.5204,73.8567,plains,27.1,22.3,84,21.6,3.7,941.4
2022-07-05,PUNE_01,18.5204,73.8567,plains,25.4,22.3,89,22.9,14.4,940.0
2022-07-06,PUNE_01,18.5204,73.8567,plains,25.0,22.3,87,21.6,2.4,941.4
2022-07-07,PUNE_01,18.5204,73.8567,plains,25.8,22.4,86,26.9,5.1,944.1
2022-07-08,PUNE_01,18.5204,73.8567,plains,24.2,21.8,89,24.2,10.3,943.3
2022-07-09,PUNE_01,18.5204,73.8567,plains,23.6,21.0,91,23.5,18.4,941.8
2022-07-10,PUNE_01,18.5204,73.8567,plains,23.8,21.0,90,25.4,11.2,942.5
2022-07-11,PUNE_01,18.5204,73.8567,plains,22.4,20.9,92,23.1,31.2,943.8
2022-07-12,PUNE_01,18.5204,73.8567,plains,24.2,21.0,90,28.2,28.6,943.2
2022-07-13,PUNE_01,18.5204,73.8567,plains,23.1,21.0,92,27.8,29.1,940.2
2022-07-14,PUNE_01,18.5204,73.8567,plains,24.5,21.4,90,28.6,27.9,937.8
2022-07-15,PUNE_01,18.5204,73.8567,plains,25.5,22.3,86,28.7,18.3,938.9
2022-07-16,PUNE_01,18.5204,73.8567,plains,26.7,22.4,85,28.0,17.5,940.5
2022-07-17,PUNE_01,18.5204,73.8567,plains,27.3,22.3,83,27.3,4.0,943.0
2022-07-18,PUNE_01,18.5204,73.8567,plains,25.4,21.9,89,22.7,8.9,943.5
2022-07-19,PUNE_01,18.5204,73.8567,plains,25.1,21.7,87,24.0,1.4,944.3
2022-07-20,PUNE_01,18.5204,73.8567,plains,26.3,21.5,85,23.4,2.1,945.2
2022-07-21,PUNE_01,18.5204,73.8567,plains,27.7,21.5,83,22.0,2.0,945.5
2022-07-22,PUNE_01,18.5204,73.8567,plains,27.1,21.5,83,22.1,2.3,945.9
2022-07-23,PUNE_01,18.5204,73.8567,plains,25.7,21.9,85,24.3,6.8,944.2
2022-07-24,PUNE_01,18.5204,73.8567,plains,25.0,21.6,90,19.1,9.2,943.6
2022-07-25,PUNE_01,18.5204,73.8567,plains,24.9,21.8,88,18.4,2.1,945.1
2022-07-26,PUNE_01,18.5204,73.8567,plains,27.9,21.7,85,17.3,5.8,946.7
2022-07-27,PUNE_01,18.5204,73.8567,plains,27.0,21.6,89,14.7,15.2,946.6
2022-07-28,PUNE_01,18.5204,73.8567,plains,28.6,20.9,86,11.0,1.2,947.4
2022-07-29,PUNE_01,18.5204,73.8567,plains,29.3,21.8,86,10.5,9.1,947.0
2022-07-30,PUNE_01,18.5204,73.8567,plains,28.3,22.2,87,12.1,5.8,946.1
2022-07-31,PUNE_01,18.5204,73.8567,plains,29.1,20.9,83,17.4,1.2,944.6
2022-08-01,PUNE_01,18.5204,73.8567,plains,28.1,21.2,83,19.1,1.8,944.7
2022-08-02,PUNE_01,18.5204,73.8567,plains,28.0,21.8,82,17.1,1.0,943.9
2022-08-03,PUNE_01,18.5204,73.8567,plains,29.1,22.0,86,16.5,4.0,943.0
2022-08-04,PUNE_01,18.5204,73.8567,plains,29.0,21.9,89,14.8,18.9,942.2
2022-08-05,PUNE_01,18.5204,73.8567,plains,27.5,22.0,91,11.8,27.5,940.7
2022-08-06,PUNE_01,18.5204,73.8567,plains,27.2,22.0,87,21.0,9.6,939.7
2022-08-07,PUNE_01,18.5204,73.8567,plains,26.8,22.4,88,20.0,23.9,939.2
2022-08-08,PUNE_01,18.5204,73.8567,plains,25.4,22.2,89,23.4,14.3,938.0
2022-08-09,PUNE_01,18.5204,73.8567,plains,25.0,22.5,87,25.6,17.1,937.3
2022-08-10,PUNE_01,18.5204,73.8567,plains,25.6,22.1,86,31.7,10.8,936.8
2022-08-11,PUNE_01,18.5204,73.8567,plains,25.7,22.4,85,34.5,7.2,938.3
2022-08-12,PUNE_01,18.5204,73.8567,plains,25.7,22.2,85,34.4,5.7,941.1
2022-08-13,PUNE_01,18.5204,73.8567,plains,26.0,22.2,84,30.9,5.5,943.0
2022-08-14,PUNE_01,18.5204,73.8567,plains,26.3,22.2,84,29.2,2.3,944.5
2022-08-15,PUNE_01,18.5204,73.8567,plains,26.0,21.8,87,25.5,8.6,944.6
2022-08-16,PUNE_01,18.5204,73.8567,plains,24.8,21.8,88,27.8,10.8,944.1
2022-08-17,PUNE_01,18.5204,73.8567,plains,26.0,21.7,85,28.0,4.7,945.4
2022-08-18,PUNE_01,18.5204,73.8567,plains,26.5,21.8,84,27.9,2.6,945.7
2022-08-19,PUNE_01,18.5204,73.8567,plains,26.5,21.2,84,25.7,1.8,946.0
2022-08-20,PUNE_01,18.5204,73.8567,plains,26.5,21.8,84,26.4,1.1,945.7
2022-08-21,PUNE_01,18.5204,73.8567,plains,26.3,21.6,85,25.6,1.3,944.5
2022-08-22,PUNE_01,18.5204,73.8567,plains,25.7,22.1,85,31.0,2.4,943.4
2022-08-23,PUNE_01,18.5204,73.8567,plains,26.2,22.1,85,27.3,1.6,943.7
2022-08-24,PUNE_01,18.5204,73.8567,plains,26.4,21.5,84,23.8,2.0,946.2
2022-08-25,PUNE_01,18.5204,73.8567,plains,27.4,21.0,84,17.6,3.2,946.0
2022-08-26,PUNE_01,18.5204,73.8567,plains,27.7,20.9,83,18.5,1.2,945.9
2022-08-27,PUNE_01,18.5204,73.8567,plains,27.9,20.6,82,18.8,1.3,946.1
2022-08-28,PUNE_01,18.5204,73.8567,plains,28.3,19.9,82,16.0,0.5,945.8
2022-08-29,PUNE_01,18.5204,73.8567,plains,28.9,20.4,81,14.1,0.6,947.0
2022-08-30,PUNE_01,18.5204,73.8567,plains,29.7,20.5,83,11.7,9.3,947.1
2022-08-31,PUNE_01,18.5204,73.8567,plains,29.9,21.5,87,15.8,27.3,946.0
2022-09-01,PUNE_01,18.5204,73.8567,plains,28.4,21.3,89,12.2,4.4,945.8
2022-09-02,PUNE_01,18.5204,73.8567,plains,29.9,20.5,84,13.3,0.8,946.3
2022-09-03,PUNE_01,18.5204,73.8567,plains,30.4,20.9,84,13.7,3.7,946.5
2022-09-04,PUNE_01,18.5204,73.8567,plains,28.3,22.2,88,15.5,13.1,946.5
2022-09-05,PUNE_01,18.5204,73.8567,plains,25.8,22.1,89,10.7,1.0,946.4
2022-09-06,PUNE_01,18.5204,73.8567,plains,27.4,21.4,88,13.9,14.0,945.9
2022-09-07,PUNE_01,18.5204,73.8567,plains,28.8,21.0,88,12.1,10.3,945.6
2022-09-08,PUNE_01,18.5204,73.8567,plains,27.4,21.5,90,9.4,18.3,944.6
2022-09-09,PUNE_01,18.5204,73.8567,plains,28.3,21.6,89,13.6,16.4,943.7
2022-09-10,PUNE_01,18.5204,73.8567,plains,27.5,20.6,91,13.1,16.7,943.5
2022-09-11,PUNE_01,18.5204,73.8567,plains,29.4,21.6,89,11.5,8.0,941.3
2022-09-12,PUNE_01,18.5204,73.8567,plains,27.4,21.6,90,14.8,13.0,940.1
2022-09-13,PUNE_01,18.5204,73.8567,plains,25.2,22.4,89,23.9,15.1,942.1
2022-09-14,PUNE_01,18.5204,73.8567,plains,26.5,22.3,86,26.8,4.0,945.0
2022-09-15,PUNE_01,18.5204,73.8567,plains,26.3,22.0,85,33.5,4.5,946.1
2022-09-16,PUNE_01,18.5204,73.8567,plains,25.3,21.6,87,27.3,2.6,945.0
2022-09-17,PUNE_01,18.5204,73.8567,plains,26.8,21.2,85,20.3,3.9,945.5
2022-09-18,PUNE_01,18.5204,73.8567,plains,26.7,21.1,85,19.0,4.8,947.0
2022-09-19,PUNE_01,18.5204,73.8567,plains,25.3,20.4,86,21.6,1.1,947.2
2022-09-20,PUNE_01,18.5204,73.8567,plains,23.8,20.7,88,16.2,3.6,946.9
2022-09-21,PUNE_01,18.5204,73.8567,plains,26.1,20.1,86,17.3,4.2,946.9
2022-09-22,PUNE_01,18.5204,73.8567,plains,24.5,19.8,85,19.6,2.4,947.2
2022-09-23,PUNE_01,18.5204,73.8567,plains,26.7,19.8,83,20.2,0.9,947.4
2022-09-24,PUNE_01,18.5204,73.8567,plains,26.0,20.7,86,17.9,1.3,946.9
2022-09-25,PUNE_01,18.5204,73.8567,plains,27.0,20.7,85,15.5,1.7,946.7
2022-09-26,PUNE_01,18.5204,73.8567,plains,27.2,20.4,87,13.1,2.2,948.2
2022-09-27,PUNE_01,18.5204,73.8567,plains,27.1,19.7,85,13.4,1.7,947.1
2022-09-28,PUNE_01,18.5204,73.8567,plains,27.9,19.9,87,16.0,1.3,946.2
2022-09-29,PUNE_01,18.5204,73.8567,plains,28.0,20.7,90,14.6,6.8,946.1
2022-09-30,PUNE_01,18.5204,73.8567,plains,28.9,20.5,88,20.6,9.8,946.6
2022-10-01,PUNE_01,18.5204,73.8567,plains,28.9,21.0,88,21.1,3.1,947.2
2022-10-02,PUNE_01,18.5204,73.8567,plains,28.0,20.7,85,14.4,1.1,947.4
2022-10-03,PUNE_01,18.5204,73.8567,plains,27.8,20.3,82,11.5,0.4,947.6
2022-10-04,PUNE_01,18.5204,73.8567,plains,29.1,20.1,83,12.8,0.6,947.7
2022-10-05,PUNE_01,18.5204,73.8567,plains,29.1,20.5,81,15.7,0.4,946.7
2022-10-06,PUNE_01,18.5204,73.8567,plains,28.4,20.9,83,16.9,18.0,945.0
2022-10-07,PUNE_01,18.5204,73.8567,plains,26.5,21.2,88,17.7,11.0,944.0
2022-10-08,PUNE_01,18.5204,73.8567,plains,26.2,20.8,84,20.9,2.4,946.3
2022-10-09,PUNE_01,18.5204,73.8567,plains,29.6,19.9,81,13.7,0.0,947.7
2022-10-10,PUNE_01,18.5204,73.8567,plains,28.3,20.3,89,9.8,6.5,948.7
2022-10-11,PUNE_01,18.5204,73.8567,plains,28.7,21.0,89,9.6,4.6,947.8
2022-10-12,PUNE_01,18.5204,73.8567,plains,27.5,20.9,90,10.8,23.0,948.2
2022-10-13,PUNE_01,18.5204,73.8567,plains,27.7,20.4,88,15.1,7.4,948.6
2022-10-14,PUNE_01,18.5204,73.8567,plains,27.5,20.7,89,17.7,19.7,948.5
2022-10-15,PUNE_01,18.5204,73.8567,plains,27.9,19.9,82,18.4,0.1,947.6
2022-10-16,PUNE_01,18.5204,73.8567,plains,27.8,19.8,83,16.5,14.3,949.0
2022-10-17,PUNE_01,18.5204,73.8567,plains,28.2,20.7,89,15.3,20.1,950.0
2022-10-18,PUNE_01,18.5204,73.8567,plains,27.5,20.1,90,7.6,12.6,949.8
2022-10-19,PUNE_01,18.5204,73.8567,plains,27.5,20.6,89,10.8,3.4,949.3
2022-10-20,PUNE_01,18.5204,73.8567,plains,27.5,20.1,87,11.1,1.4,949.8
2022-10-21,PUNE_01,18.5204,73.8567,plains,26.7,19.9,89,14.1,1.9,951.4
2022-10-22,PUNE_01,18.5204,73.8567,plains,27.5,19.7,78,16.1,0.0,952.6
2022-10-23,PUNE_01,18.5204,73.8567,plains,27.0,16.7,69,13.6,0.0,951.8
2022-10-24,PUNE_01,18.5204,73.8567,plains,27.4,14.8,62,10.4,0.0,949.6
2022-10-25,PUNE_01,18.5204,73.8567,plains,27.7,14.8,64,8.9,0.0,949.4
2022-10-26,PUNE_01,18.5204,73.8567,plains,27.0,16.6,65,11.7,0.0,951.1
2022-10-27,PUNE_01,18.5204,73.8567,plains,26.8,17.4,62,14.5,0.0,951.2
2022-10-28,PUNE_01,18.5204,73.8567,plains,26.6,15.1,60,17.5,0.0,950.4
2022-10-29,PUNE_01,18.5204,73.8567,plains,27.3,14.4,58,16.6,0.0,950.3
2022-10-30,PUNE_01,18.5204,73.8567,plains,27.3,14.3,58,17.3,0.0,950.6
2022-10-31,PUNE_01,18.5204,73.8567,plains,26.9,16.9,56,13.6,0.0,950.3
2022-11-01,PUNE_01,18.5204,73.8567,plains,27.0,14.3,61,14.2,0.0,950.8
2022-11-02,PUNE_01,18.5204,73.8567,plains,28.3,17.1,65,13.8,0.0,950.5
2022-11-03,PUNE_01,18.5204,73.8567,plains,28.9,16.9,60,17.3,0.0,950.3
2022-11-04,PUNE_01,18.5204,73.8567,plains,28.8,14.9,61,15.5,0.0,951.0
2022-11-05,PUNE_01,18.5204,73.8567,plains,28.9,15.9,58,12.4,0.0,952.2
2022-11-06,PUNE_01,18.5204,73.8567,plains,29.2,16.7,53,12.4,0.0,952.6
2022-11-07,PUNE_01,18.5204,73.8567,plains,29.1,16.9,53,9.2,0.0,952.0
2022-11-08,PUNE_01,18.5204,73.8567,plains,29.4,17.4,54,11.1,0.0,951.6
2022-11-09,PUNE_01,18.5204,73.8567,plains,29.2,18.2,53,12.1,0.0,951.5
2022-11-10,PUNE_01,18.5204,73.8567,plains,28.7,14.4,50,19.6,0.0,951.8
2022-11-11,PUNE_01,18.5204,73.8567,plains,29.0,16.0,54,21.3,0.0,951.8
2022-11-12,PUNE_01,18.5204,73.8567,plains,28.8,16.4,59,18.4,0.0,951.8
2022-11-13,PUNE_01,18.5204,73.8567,plains,28.9,16.3,59,15.5,0.0,950.9
2022-11-14,PUNE_01,18.5204,73.8567,plains,29.9,17.8,62,11.8,0.0,951.2
2022-11-15,PUNE_01,18.5204,73.8567,plains,29.4,17.8,61,7.6,0.0,951.5
2022-11-16,PUNE_01,18.5204,73.8567,plains,28.1,16.0,60,9.5,0.0,950.8
2022-11-17,PUNE_01,18.5204,73.8567,plains,28.3,16.9,54,12.9,0.0,950.6
2022-11-18,PUNE_01,18.5204,73.8567,plains,27.5,14.4,51,13.9,0.0,950.6
2022-11-19,PUNE_01,18.5204,73.8567,plains,26.5,14.2,52,12.6,0.0,950.5
2022-11-20,PUNE_01,18.5204,73.8567,plains,25.9,12.6,51,13.8,0.0,949.3
2022-11-21,PUNE_01,18.5204,73.8567,plains,26.2,14.0,50,10.9,0.0,949.1
2022-11-22,PUNE_01,18.5204,73.8567,plains,28.2,15.5,53,9.4,0.0,949.5
2022-11-23,PUNE_01,18.5204,73.8567,plains,29.0,16.8,57,12.6,0.0,950.0
2022-11-24,PUNE_01,18.5204,73.8567,plains,29.6,17.3,59,11.5,0.0,949.8
2022-11-25,PUNE_01,18.5204,73.8567,plains,29.8,17.8,62,9.3,0.0,950.3
2022-11-26,PUNE_01,18.5204,73.8567,plains,29.7,19.1,68,10.9,0.0,949.6
2022-11-27,PUNE_01,18.5204,73.8567,plains,29.6,19.5,70,9.0,0.0,947.6
2022-11-28,PUNE_01,18.5204,73.8567,plains,29.5,17.7,67,12.1,0.0,948.0
2022-11-29,PUNE_01,18.5204,73.8567,plains,30.1,17.1,59,11.2,0.0,949.0
2022-11-30,PUNE_01,18.5204,73.8567,plains,29.0,15.8,56,9.7,0.0,950.1
2022-12-01,PUNE_01,18.5204,73.8567,plains,28.4,15.6,46,9.7,0.0,949.9
2022-12-02,PUNE_01,18.5204,73.8567,plains,29.7,15.2,54,11.9,0.0,949.2
2022-12-03,PUNE_01,18.5204,73.8567,plains,30.2,17.9,60,8.2,0.0,949.4
2022-12-04,PUNE_01,18.5204,73.8567,plains,29.5,18.7,71,10.4,0.5,950.3
2022-12-05,PUNE_01,18.5204,73.8567,plains,29.3,19.4,69,10.0,0.0,951.2
2022-12-06,PUNE_01,18.5204,73.8567,plains,29.6,18.7,61,11.8,0.0,950.9
2022-12-07,PUNE_01,18.5204,73.8567,plains,29.6,16.1,62,10.4,0.0,950.1
2022-12-08,PUNE_01,18.5204,73.8567,plains,28.6,15.7,63,11.5,0.0,949.8
2022-12-09,PUNE_01,18.5204,73.8567,plains,27.2,11.6,47,15.8,0.0,948.2
2022-12-10,PUNE_01,18.5204,73.8567,plains,28.3,12.1,45,10.0,0.0,947.8
2022-12-11,PUNE_01,18.5204,73.8567,plains,29.0,15.6,61,11.3,0.0,948.6
2022-12-12,PUNE_01,18.5204,73.8567,plains,28.0,19.1,76,17.0,0.1,948.5
2022-12-13,PUNE_01,18.5204,73.8567,plains,27.6,19.8,76,22.2,0.0,949.2
2022-12-14,PUNE_01,18.5204,73.8567,plains,29.3,19.9,70,18.4,0.0,950.1
2022-12-15,PUNE_01,18.5204,73.8567,plains,29.0,19.4,68,14.0,0.3,949.9
2022-12-16,PUNE_01,18.5204,73.8567,plains,30.6,19.0,64,9.9,0.0,949.7
2022-12-17,PUNE_01,18.5204,73.8567,plains,29.6,18.9,62,12.7,0.0,950.5
2022-12-18,PUNE_01,18.5204,73.8567,plains,30.1,19.1,60,11.6,0.0,950.2
2022-12-19,PUNE_01,18.5204,73.8567,plains,29.1,17.1,55,10.1,0.0,949.1
2022-12-20,PUNE_01,18.5204,73.8567,plains,29.6,14.8,49,10.8,0.0,948.4
2022-12-21,PUNE_01,18.5204,73.8567,plains,30.3,15.0,47,8.4,0.0,949.1
2022-12-22,PUNE_01,18.5204,73.8567,plains,30.2,15.5,53,7.8,0.0,948.8
2022-12-23,PUNE_01,18.5204,73.8567,plains,30.2,15.7,56,11.1,0.0,948.8
2022-12-24,PUNE_01,18.5204,73.8567,plains,30.0,14.7,52,10.9,0.0,949.1
2022-12-25,PUNE_01,18.5204,73.8567,plains,29.8,12.9,49,12.1,0.0,949.4
2022-12-26,PUNE_01,18.5204,73.8567,plains,29.8,14.5,57,11.1,0.0,950.8
2022-12-27,PUNE_01,18.5204,73.8567,plains,30.4,17.3,60,8.3,0.0,952.1
2022-12-28,PUNE_01,18.5204,73.8567,plains,30.5,16.5,56,13.4,0.0,953.1
2022-12-29,PUNE_01,18.5204,73.8567,plains,30.1,15.8,55,10.2,0.0,954.2
2022-12-30,PUNE_01,18.5204,73.8567,plains,30.0,17.3,50,9.4,0.0,955.1
2022-12-31,PUNE_01,18.5204,73.8567,plains,29.9,16.7,54,13.8,0.0,954.1
2023-01-01,PUNE_01,18.5204,73.8567,plains,29.9,14.2,56,9.3,0.0,953.3
2023-01-02,PUNE_01,18.5204,73.8567,plains,29.8,14.5,49,8.4,0.0,953.3
2023-01-03,PUNE_01,18.5204,73.8567,plains,29.9,16.8,51,12.7,0.0,953.2
2023-01-04,PUNE_01,18.5204,73.8567,plains,29.4,15.3,62,8.7,0.0,951.9
2023-01-05,PUNE_01,18.5204,73.8567,plains,29.3,16.4,62,12.9,0.0,953.0
2023-01-06,PUNE_01,18.5204,73.8567,plains,28.5,17.2,61,17.4,0.0,954.5
2023-01-07,PUNE_01,18.5204,73.8567,plains,27.8,17.4,67,15.8,0.0,954.4
2023-01-08,PUNE_01,18.5204,73.8567,plains,27.2,16.1,58,10.4,0.0,953.3
2023-01-09,PUNE_01,18.5204,73.8567,plains,27.2,14.9,41,10.0,0.0,954.0
2023-01-10,PUNE_01,18.5204,73.8567,plains,28.2,14.3,35,10.7,0.0,953.4
2023-01-11,PUNE_01,18.5204,73.8567,plains,29.6,12.5,41,11.8,0.0,951.5
2023-01-12,PUNE_01,18.5204,73.8567,plains,29.3,15.1,43,12.7,0.0,950.1
2023-01-13,PUNE_01,18.5204,73.8567,plains,28.6,13.6,62,12.7,0.0,950.5
2023-01-14,PUNE_01,18.5204,73.8567,plains,29.7,12.5,67,14.2,0.0,950.2
2023-01-15,PUNE_01,18.5204,73.8567,plains,30.4,14.5,57,12.4,0.0,949.3
2023-01-16,PUNE_01,18.5204,73.8567,plains,30.6,12.7,55,15.8,0.0,949.3
2023-01-17,PUNE_01,18.5204,73.8567,plains,30.4,12.8,56,10.8,0.0,950.1
2023-01-18,PUNE_01,18.5204,73.8567,plains,30.2,16.2,48,10.9,0.0,951.3
2023-01-19,PUNE_01,18.5204,73.8567,plains,30.6,16.0,45,13.4,0.0,951.4
2023-01-20,PUNE_01,18.5204,73.8567,plains,30.2,15.4,46,11.9,0.0,950.9
2023-01-21,PUNE_01,18.5204,73.8567,plains,29.4,15.3,48,11.7,0.0,951.0
2023-01-22,PUNE_01,18.5204,73.8567,plains,29.6,14.5,48,15.9,0.0,950.0
2023-01-23,PUNE_01,18.5204,73.8567,plains,29.5,13.8,52,12.1,0.0,949.3
2023-01-24,PUNE_01,18.5204,73.8567,plains,30.2,14.8,61,16.4,0.0,949.2
2023-01-25,PUNE_01,18.5204,73.8567,plains,29.5,14.5,60,13.8,0.2,949.5
2023-01-26,PUNE_01,18.5204,73.8567,plains,29.5,17.0,58,12.9,0.5,950.0
2023-01-27,PUNE_01,18.5204,73.8567,plains,31.0,17.2,52,14.6,0.0,950.3
2023-01-28,PUNE_01,18.5204,73.8567,plains,30.9,15.9,42,16.2,0.0,949.2
2023-01-29,PUNE_01,18.5204,73.8567,plains,30.9,14.9,62,15.9,0.0,947.7
2023-01-30,PUNE_01,18.5204,73.8567,plains,30.3,17.8,65,9.3,0.0,950.3
2023-01-31,PUNE_01,18.5204,73.8567,plains,29.8,17.1,58,15.6,0.0,950.8
2023-02-01,PUNE_01,18.5204,73.8567,plains,28.8,17.5,58,16.7,0.1,951.1
2023-02-02,PUNE_01,18.5204,73.8567,plains,29.8,16.6,55,16.9,0.0,951.1
2023-02-03,PUNE_01,18.5204,73.8567,plains,29.5,15.5,43,13.0,0.0,951.3
2023-02-04,PUNE_01,18.5204,73.8567,plains,30.8,14.1,40,8.8,0.0,950.1
2023-02-05,PUNE_01,18.5204,73.8567,plains,31.3,16.9,39,8.0,0.0,949.4
2023-02-06,PUNE_01,18.5204,73.8567,plains,32.3,14.6,41,14.8,0.0,949.4
2023-02-07,PUNE_01,18.5204,73.8567,plains,31.6,16.0,42,10.0,0.0,949.2
2023-02-08,PUNE_01,18.5204,73.8567,plains,32.2,16.4,40,10.1,0.0,950.0
2023-02-09,PUNE_01,18.5204,73.8567,plains,33.1,15.9,37,10.1,0.0,950.6
2023-02-10,PUNE_01,18.5204,73.8567,plains,33.4,18.5,30,8.5,0.0,951.7
2023-02-11,PUNE_01,18.5204,73.8567,plains,33.6,18.1,29,12.7,0.0,952.0
2023-02-12,PUNE_01,18.5204,73.8567,plains,33.5,18.0,28,13.9,0.0,952.8
2023-02-13,PUNE_01,18.5204,73.8567,plains,32.3,14.6,32,15.5,0.0,952.8
2023-02-14,PUNE_01,18.5204,73.8567,plains,32.2,15.6,28,11.4,0.0,952.4
2023-02-15,PUNE_01,18.5204,73.8567,plains,33.0,16.5,22,12.4,0.0,951.0
2023-02-16,PUNE_01,18.5204,73.8567,plains,34.4,17.7,24,19.1,0.0,951.4
2023-02-17,PUNE_01,18.5204,73.8567,plains,34.3,17.7,25,15.1,0.0,951.7
2023-02-18,PUNE_01,18.5204,73.8567,plains,33.6,18.9,23,13.1,0.0,951.5
2023-02-19,PUNE_01,18.5204,73.8567,plains,33.2,16.0,26,15.5,0.0,951.3
2023-02-20,PUNE_01,18.5204,73.8567,plains,34.3,17.6,30,13.2,0.0,951.2
2023-02-21,PUNE_01,18.5204,73.8567,plains,34.5,17.1,32,11.2,0.0,951.4
2023-02-22,PUNE_01,18.5204,73.8567,plains,34.5,19.7,29,10.3,0.0,951.1
2023-02-23,PUNE_01,18.5204,73.8567,plains,34.6,20.2,28,11.4,0.0,950.7
2023-02-24,PUNE_01,18.5204,73.8567,plains,34.2,17.7,24,12.5,0.0,951.6
2023-02-25,PUNE_01,18.5204,73.8567,plains,34.0,18.8,23,11.5,0.0,953.0
2023-02-26,PUNE_01,18.5204,73.8567,plains,34.2,18.2,24,10.5,0.0,953.5
2023-02-27,PUNE_01,18.5204,73.8567,plains,34.8,20.1,24,19.1,0.0,953.4
2023-02-28,PUNE_01,18.5204,73.8567,plains,34.3,17.9,25,12.3,0.0,953.0
2023-03-01,PUNE_01,18.5204,73.8567,plains,34.0,17.0,25,18.4,0.0,953.5
2023-03-02,PUNE_01,18.5204,73.8567,plains,34.1,19.9,28,14.9,0.0,954.1
2023-03-03,PUNE_01,18.5204,73.8567,plains,34.5,19.6,29,18.6,0.0,954.7
2023-03-04,PUNE_01,18.5204,73.8567,plains,35.5,21.2,28,13.6,0.0,954.5
2023-03-05,PUNE_01,18.5204,73.8567,plains,35.8,21.2,30,11.5,0.0,954.1
2023-03-06,PUNE_01,18.5204,73.8567,plains,34.1,20.2,42,18.6,1.7,953.1
2023-03-07,PUNE_01,18.5204,73.8567,plains,29.2,17.2,51,15.3,0.3,953.6
2023-03-08,PUNE_01,18.5204,73.8567,plains,32.2,17.2,42,13.5,0.0,952.5
2023-03-09,PUNE_01,18.5204,73.8567,plains,32.5,19.3,33,14.4,0.0,952.2
2023-03-10,PUNE_01,18.5204,73.8567,plains,33.2,19.2,32,12.9,0.0,951.4
2023-03-11,PUNE_01,18.5204,73.8567,plains,33.8,19.5,31,16.2,0.0,951.2
2023-03-12,PUNE_01,18.5204,73.8567,plains,34.3,20.5,32,16.9,0.0,950.7
2023-03-13,PUNE_01,18.5204,73.8567,plains,34.5,21.6,36,15.0,0.0,949.9
2023-03-14,PUNE_01,18.5204,73.8567,plains,34.9,20.2,37,18.3,0.0,948.4
2023-03-15,PUNE_01,18.5204,73.8567,plains,32.4,20.2,39,16.9,0.0,947.4
2023-03-16,PUNE_01,18.5204,73.8567,plains,31.8,18.8,64,14.3,9.2,948.9
2023-03-17,PUNE_01,18.5204,73.8567,plains,30.9,18.4,62,18.7,0.1,948.7
2023-03-18,PUNE_01,18.5204,73.8567,plains,30.7,18.0,58,16.9,0.0,947.7
2023-03-19,PUNE_01,18.5204,73.8567,plains,30.9,17.5,58,21.3,0.0,947.1
2023-03-20,PUNE_01,18.5204,73.8567,plains,30.0,17.2,58,18.5,0.0,946.8
2023-03-21,PUNE_01,18.5204,73.8567,plains,30.1,16.6,59,18.0,1.0,947.4
2023-03-22,PUNE_01,18.5204,73.8567,plains,30.2,17.1,59,18.1,0.0,948.4
2023-03-23,PUNE_01,18.5204,73.8567,plains,31.2,17.5,61,18.2,0.0,948.5
2023-03-24,PUNE_01,18.5204,73.8567,plains,33.1,17.3,54,19.3,0.0,948.5
2023-03-25,PUNE_01,18.5204,73.8567,plains,33.5,17.2,51,18.3,0.0,949.3
2023-03-26,PUNE_01,18.5204,73.8567,plains,32.9,16.0,48,17.6,0.0,949.0
2023-03-27,PUNE_01,18.5204,73.8567,plains,33.3,16.0,55,15.5,0.0,948.9
2023-03-28,PUNE_01,18.5204,73.8567,plains,33.7,16.6,53,15.1,0.0,948.3
2023-03-29,PUNE_01,18.5204,73.8567,plains,34.9,17.7,52,19.4,0.0,948.6
2023-03-30,PUNE_01,18.5204,73.8567,plains,32.4,17.0,59,18.6,0.0,948.1
2023-03-31,PUNE_01,18.5204,73.8567,plains,30.8,18.7,64,18.9,0.0,948.0
2023-04-01,PUNE_01,18.5204,73.8567,plains,33.2,17.2,55,16.8,0.0,948.5
2023-04-02,PUNE_01,18.5204,73.8567,plains,33.4,17.3,60,19.0,0.0,948.0
2023-04-03,PUNE_01,18.5204,73.8567,plains,34.1,16.9,62,17.9,0.0,947.8
2023-04-04,PUNE_01,18.5204,73.8567,plains,35.6,19.0,57,22.0,0.0,948.6
2023-04-05,PUNE_01,18.5204,73.8567,plains,35.7,19.7,49,19.8,0.0,948.5
2023-04-06,PUNE_01,18.5204,73.8567,plains,35.6,22.2,37,16.5,0.0,948.9
2023-04-07,PUNE_01,18.5204,73.8567,plains,35.6,22.2,45,18.0,3.7,950.4
2023-04-08,PUNE_01,18.5204,73.8567,plains,32.4,20.5,61,21.9,1.3,952.5
2023-04-09,PUNE_01,18.5204,73.8567,plains,35.2,21.9,60,19.6,7.6,952.3
2023-04-10,PUNE_01,18.5204,73.8567,plains,34.5,21.9,50,14.3,0.0,950.8
2023-04-11,PUNE_01,18.5204,73.8567,plains,36.3,22.1,45,21.1,0.0,950.8
2023-04-12,PUNE_01,18.5204,73.8567,plains,35.8,22.4,39,12.3,0.0,950.4
2023-04-13,PUNE_01,18.5204,73.8567,plains,37.1,24.0,33,15.4,0.6,950.2
2023-04-14,PUNE_01,18.5204,73.8567,plains,36.3,23.2,35,15.5,0.0,950.1
2023-04-15,PUNE_01,18.5204,73.8567,plains,35.5,23.3,46,30.4,0.0,949.8
2023-04-16,PUNE_01,18.5204,73.8567,plains,36.4,21.1,48,26.2,0.2,948.5
2023-04-17,PUNE_01,18.5204,73.8567,plains,36.4,22.6,41,15.8,0.5,948.6
2023-04-18,PUNE_01,18.5204,73.8567,plains,36.8,22.2,39,25.1,0.0,949.4
2023-04-19,PUNE_01,18.5204,73.8567,plains,38.2,24.0,31,14.3,0.1,947.6
2023-04-20,PUNE_01,18.5204,73.8567,plains,36.9,22.5,37,21.7,0.0,945.6
2023-04-21,PUNE_01,18.5204,73.8567,plains,35.5,20.7,36,20.7,0.0,945.8
2023-04-22,PUNE_01,18.5204,73.8567,plains,34.3,20.5,43,20.9,0.0,946.0
2023-04-23,PUNE_01,18.5204,73.8567,plains,34.8,19.0,51,18.4,0.0,946.0
2023-04-24,PUNE_01,18.5204,73.8567,plains,36.9,20.6,44,18.5,0.0,946.8
2023-04-25,PUNE_01,18.5204,73.8567,plains,37.2,22.1,49,27.7,0.0,946.9
2023-04-26,PUNE_01,18.5204,73.8567,plains,33.9,20.5,60,20.9,0.0,947.3
2023-04-27,PUNE_01,18.5204,73.8567,plains,34.3,21.4,60,16.7,0.2,947.6
2023-04-28,PUNE_01,18.5204,73.8567,plains,33.9,22.6,59,21.6,0.3,948.4
2023-04-29,PUNE_01,18.5204,73.8567,plains,33.6,21.0,57,19.5,0.1,947.6
2023-04-30,PUNE_01,18.5204,73.8567,plains,34.3,21.0,55,24.6,0.0,946.0
2023-05-01,PUNE_01,18.5204,73.8567,plains,33.4,19.8,56,21.4,0.0,946.0
2023-05-02,PUNE_01,18.5204,73.8567,plains,32.8,20.3,59,16.6,0.3,946.8
2023-05-03,PUNE_01,18.5204,73.8567,plains,31.7,20.5,62,15.5,0.6,948.1
2023-05-04,PUNE_01,18.5204,73.8567,plains,33.5,20.1,60,15.2,0.0,947.5
2023-05-05,PUNE_01,18.5204,73.8567,plains,34.6,21.0,59,20.8,0.0,946.9
2023-05-06,PUNE_01,18.5204,73.8567,plains,34.5,21.3,63,19.8,0.1,947.0
2023-05-07,PUNE_01,18.5204,73.8567,plains,33.4,23.1,67,15.2,1.4,947.1
2023-05-08,PUNE_01,18.5204,73.8567,plains,34.1,22.9,73,19.6,2.8,946.8
2023-05-09,PUNE_01,18.5204,73.8567,plains,36.4,23.3,69,16.3,1.3,947.2
2023-05-10,PUNE_01,18.5204,73.8567,plains,38.5,24.6,55,18.2,0.0,946.6
2023-05-11,PUNE_01,18.5204,73.8567,plains,40.5,23.8,45,22.4,0.0,946.7
2023-05-12,PUNE_01,18.5204,73.8567,plains,39.4,23.8,47,22.9,0.0,947.1
2023-05-13,PUNE_01,18.5204,73.8567,plains,36.4,23.9,52,21.7,0.0,947.8
2023-05-14,PUNE_01,18.5204,73.8567,plains,36.1,23.0,51,23.2,0.0,947.2
2023-05-15,PUNE_01,18.5204,73.8567,plains,35.6,22.0,63,20.5,0.0,947.9
2023-05-16,PUNE_01,18.5204,73.8567,plains,35.5,21.4,62,20.6,0.0,949.3
2023-05-17,PUNE_01,18.5204,73.8567,plains,37.3,21.5,58,21.2,0.0,949.3
2023-05-18,PUNE_01,18.5204,73.8567,plains,38.1,22.5,56,21.3,0.0,950.4
2023-05-19,PUNE_01,18.5204,73.8567,plains,38.6,22.8,53,24.0,0.0,949.0
2023-05-20,PUNE_01,18.5204,73.8567,plains,36.8,22.2,55,19.1,0.0,948.5
2023-05-21,PUNE_01,18.5204,73.8567,plains,36.4,21.7,61,19.2,0.0,949.1
2023-05-22,PUNE_01,18.5204,73.8567,plains,37.4,22.4,55,21.2,0.0,949.7
2023-05-23,PUNE_01,18.5204,73.8567,plains,39.1,22.9,48,26.7,0.0,949.6
2023-05-24,PUNE_01,18.5204,73.8567,plains,36.9,23.1,59,20.2,0.0,949.4
2023-05-25,PUNE_01,18.5204,73.8567,plains,34.8,22.9,62,22.4,0.0,949.8
2023-05-26,PUNE_01,18.5204,73.8567,plains,33.8,23.2,67,22.3,0.1,950.3
2023-05-27,PUNE_01,18.5204,73.8567,plains,34.3,21.6,63,19.2,0.0,949.2
2023-05-28,PUNE_01,18.5204,73.8567,plains,36.1,22.0,60,19.4,0.0,948.4
2023-05-29,PUNE_01,18.5204,73.8567,plains,38.5,22.1,63,20.9,0.1,948.0
2023-05-30,PUNE_01,18.5204,73.8567,plains,38.3,22.6,57,22.3,0.0,948.3
2023-05-31,PUNE_01,18.5204,73.8567,plains,39.5,23.6,56,21.6,0.0,947.8
2023-06-01,PUNE_01,18.5204,73.8567,plains,38.9,24.2,50,24.5,0.0,947.6
2023-06-02,PUNE_01,18.5204,73.8567,plains,35.4,22.8,61,19.7,0.0,948.2
2023-06-03,PUNE_01,18.5204,73.8567,plains,35.9,23.1,65,18.7,0.7,947.8
2023-06-04,PUNE_01,18.5204,73.8567,plains,33.1,23.7,70,20.6,1.8,947.7
2023-06-05,PUNE_01,18.5204,73.8567,plains,34.3,22.6,67,19.9,0.5,947.0
2023-06-06,PUNE_01,18.5204,73.8567,plains,35.6,22.4,63,17.4,0.0,946.7
2023-06-07,PUNE_01,18.5204,73.8567,plains,35.9,23.2,61,20.0,0.0,946.5
2023-06-08,PUNE_01,18.5204,73.8567,plains,35.8,23.5,65,19.0,0.1,946.9
2023-06-09,PUNE_01,18.5204,73.8567,plains,36.1,24.0,64,21.1,0.0,945.2
2023-06-10,PUNE_01,18.5204,73.8567,plains,34.5,24.3,65,24.5,2.0,944.1
2023-06-11,PUNE_01,18.5204,73.8567,plains,34.5,23.9,64,24.5,1.3,943.7
2023-06-12,PUNE_01,18.5204,73.8567,plains,34.0,23.3,62,28.0,0.6,943.4
2023-06-13,PUNE_01,18.5204,73.8567,plains,31.6,23.9,69,27.6,0.8,944.6
2023-06-14,PUNE_01,18.5204,73.8567,plains,32.0,23.8,73,26.8,2.5,946.2
2023-06-15,PUNE_01,18.5204,73.8567,plains,32.8,23.6,70,25.8,0.1,946.4
2023-06-16,PUNE_01,18.5204,73.8567,plains,31.3,23.3,72,31.4,0.4,945.5
2023-06-17,PUNE_01,18.5204,73.8567,plains,32.1,24.0,71,26.6,0.1,946.2
2023-06-18,PUNE_01,18.5204,73.8567,plains,32.7,23.6,73,25.9,0.5,946.4
2023-06-19,PUNE_01,18.5204,73.8567,plains,33.1,23.2,68,23.0,0.0,945.5
2023-06-20,PUNE_01,18.5204,73.8567,plains,33.1,23.0,68,22.7,0.0,944.7
2023-06-21,PUNE_01,18.5204,73.8567,plains,33.6,22.7,69,22.7,1.4,945.1
2023-06-22,PUNE_01,18.5204,73.8567,plains,33.5,23.2,67,21.6,0.9,945.3
2023-06-23,PUNE_01,18.5204,73.8567,plains,32.2,23.4,72,20.9,2.2,945.0
2023-06-24,PUNE_01,18.5204,73.8567,plains,32.2,23.2,76,21.3,6.5,943.6
2023-06-25,PUNE_01,18.5204,73.8567,plains,27.8,22.2,80,24.5,2.8,943.6
2023-06-26,PUNE_01,18.5204,73.8567,plains,25.7,22.5,84,23.4,3.8,944.6
2023-06-27,PUNE_01,18.5204,73.8567,plains,28.4,22.5,81,22.4,2.0,944.4
2023-06-28,PUNE_01,18.5204,73.8567,plains,28.5,22.6,83,26.6,10.5,944.9
2023-06-29,PUNE_01,18.5204,73.8567,plains,25.7,22.7,89,22.5,15.5,944.9
2023-06-30,PUNE_01,18.5204,73.8567,plains,26.7,22.3,88,30.2,23.5,944.8
2023-07-01,PUNE_01,18.5204,73.8567,plains,27.0,22.4,84,26.8,5.1,945.8
2023-07-02,PUNE_01,18.5204,73.8567,plains,28.1,22.7,83,24.1,4.3,945.2
2023-07-03,PUNE_01,18.5204,73.8567,plains,29.0,22.5,84,18.6,4.1,943.6
2023-07-04,PUNE_01,18.5204,73.8567,plains,29.3,22.8,83,19.9,4.9,941.9
2023-07-05,PUNE_01,18.5204,73.8567,plains,30.0,22.7,84,16.6,11.0,940.3
2023-07-06,PUNE_01,18.5204,73.8567,plains,26.2,22.7,86,29.3,5.4,941.5
2023-07-07,PUNE_01,18.5204,73.8567,plains,26.9,22.9,87,26.9,25.6,942.6
2023-07-08,PUNE_01,18.5204,73.8567,plains,27.4,22.8,84,30.3,20.6,944.3
2023-07-09,PUNE_01,18.5204,73.8567,plains,27.3,23.0,83,28.7,3.5,945.2
2023-07-10,PUNE_01,18.5204,73.8567,plains,27.1,22.7,83,25.1,1.3,945.6
2023-07-11,PUNE_01,18.5204,73.8567,plains,28.3,22.7,80,22.7,0.7,945.7
2023-07-12,PUNE_01,18.5204,73.8567,plains,26.1,22.6,87,18.8,9.8,944.7
2023-07-13,PUNE_01,18.5204,73.8567,plains,28.0,22.0,82,21.4,3.8,944.4
2023-07-14,PUNE_01,18.5204,73.8567,plains,27.8,22.5,85,23.2,24.6,945.6
2023-07-15,PUNE_01,18.5204,73.8567,plains,27.1,22.6,84,26.0,1.4,946.1
2023-07-16,PUNE_01,18.5204,73.8567,plains,27.8,22.3,83,23.9,4.5,945.3
2023-07-17,PUNE_01,18.5204,73.8567,plains,26.7,22.1,85,25.8,2.7,944.2
2023-07-18,PUNE_01,18.5204,73.8567,plains,25.1,22.6,88,32.8,13.3,942.8
2023-07-19,PUNE_01,18.5204,73.8567,plains,25.3,22.6,91,28.5,35.3,940.8
2023-07-20,PUNE_01,18.5204,73.8567,plains,26.5,22.7,86,32.3,3.5,941.3
2023-07-21,PUNE_01,18.5204,73.8567,plains,26.4,22.7,87,25.3,13.3,943.0
2023-07-22,PUNE_01,18.5204,73.8567,plains,27.2,22.7,88,29.2,11.5,943.4
2023-07-23,PUNE_01,18.5204,73.8567,plains,25.9,22.6,89,28.7,8.4,942.8
2023-07-24,PUNE_01,18.5204,73.8567,plains,26.3,22.8,86,28.7,11.5,943.1
2023-07-25,PUNE_01,18.5204,73.8567,plains,25.4,22.6,89,23.8,13.1,944.6
2023-07-26,PUNE_01,18.5204,73.8567,plains,25.7,22.3,89,24.8,22.4,945.5
2023-07-27,PUNE_01,18.5204,73.8567,plains,24.7,22.0,91,26.4,23.5,945.6
2023-07-28,PUNE_01,18.5204,73.8567,plains,25.9,22.1,89,28.4,7.6,945.7
2023-07-29,PUNE_01,18.5204,73.8567,plains,25.0,21.9,88,26.4,1.6,946.3
2023-07-30,PUNE_01,18.5204,73.8567,plains,26.7,22.3,85,27.9,3.4,945.6
2023-07-31,PUNE_01,18.5204,73.8567,plains,27.2,22.7,85,27.1,2.4,945.1
2023-08-01,PUNE_01,18.5204,73.8567,plains,26.8,22.8,84,30.5,2.1,945.1
2023-08-02,PUNE_01,18.5204,73.8567,plains,26.6,22.3,85,30.6,1.0,945.6
2023-08-03,PUNE_01,18.5204,73.8567,plains,26.2,22.7,85,34.2,1.9,945.1
2023-08-04,PUNE_01,18.5204,73.8567,plains,27.2,22.5,84,30.7,1.4,946.2
2023-08-05,PUNE_01,18.5204,73.8567,plains,26.9,22.6,85,28.4,2.5,948.0
2023-08-06,PUNE_01,18.5204,73.8567,plains,27.1,22.5,83,29.8,0.9,947.5
2023-08-07,PUNE_01,18.5204,73.8567,plains,27.7,22.4,82,29.9,0.3,945.9
2023-08-08,PUNE_01,18.5204,73.8567,plains,27.8,22.5,82,26.3,1.0,946.3
2023-08-09,PUNE_01,18.5204,73.8567,plains,27.9,22.1,81,24.1,1.3,948.3
2023-08-10,PUNE_01,18.5204,73.8567,plains,27.7,22.2,82,23.1,2.0,948.8
2023-08-11,PUNE_01,18.5204,73.8567,plains,28.2,21.2,79,19.7,1.2,948.4
2023-08-12,PUNE_01,18.5204,73.8567,plains,28.1,21.2,81,24.5,1.3,948.0
2023-08-13,PUNE_01,18.5204,73.8567,plains,27.1,21.7,81,25.3,1.6,946.8
2023-08-14,PUNE_01,18.5204,73.8567,plains,28.1,22.2,80,23.6,0.9,947.1
2023-08-15,PUNE_01,18.5204,73.8567,plains,27.9,21.6,79,22.3,0.8,947.6
2023-08-16,PUNE_01,18.5204,73.8567,plains,28.8,21.5,80,23.1,0.7,947.9
2023-08-17,PUNE_01,18.5204,73.8567,plains,27.7,21.3,80,24.6,0.1,948.0
2023-08-18,PUNE_01,18.5204,73.8567,plains,28.8,21.7,80,23.6,0.0,946.7
2023-08-19,PUNE_01,18.5204,73.8567,plains,28.3,22.1,82,24.6,1.0,945.6
2023-08-20,PUNE_01,18.5204,73.8567,plains,26.9,22.0,83,23.9,1.6,945.7
2023-08-21,PUNE_01,18.5204,73.8567,plains,28.2,21.4,80,23.3,1.1,946.2
2023-08-22,PUNE_01,18.5204,73.8567,plains,28.5,21.1,83,22.7,3.8,946.2
2023-08-23,PUNE_01,18.5204,73.8567,plains,28.3,20.9,80,22.9,0.2,946.1
2023-08-24,PUNE_01,18.5204,73.8567,plains,28.5,21.8,80,24.3,1.3,945.4
2023-08-25,PUNE_01,18.5204,73.8567,plains,28.4,22.5,83,22.8,2.0,945.4
2023-08-26,PUNE_01,18.5204,73.8567,plains,28.3,22.2,81,25.3,1.4,946.8
2023-08-27,PUNE_01,18.5204,73.8567,plains,28.1,22.0,81,24.5,2.4,947.7
2023-08-28,PUNE_01,18.5204,73.8567,plains,28.6,21.6,81,22.8,2.1,947.1
2023-08-29,PUNE_01,18.5204,73.8567,plains,28.9,21.6,79,17.9,1.3,947.0
2023-08-30,PUNE_01,18.5204,73.8567,plains,30.4,20.4,78,15.2,0.0,947.7
2023-08-31,PUNE_01,18.5204,73.8567,plains,30.3,21.3,80,14.8,1.1,947.7
2023-09-01,PUNE_01,18.5204,73.8567,plains,32.1,21.7,80,14.0,5.0,947.6
2023-09-02,PUNE_01,18.5204,73.8567,plains,30.1,22.2,83,16.2,2.5,947.3
2023-09-03,PUNE_01,18.5204,73.8567,plains,29.6,21.6,82,15.1,9.4,946.2
2023-09-04,PUNE_01,18.5204,73.8567,plains,29.6,21.5,81,17.5,0.9,945.2
2023-09-05,PUNE_01,18.5204,73.8567,plains,29.7,20.5,78,16.9,0.3,944.7
2023-09-06,PUNE_01,18.5204,73.8567,plains,29.2,21.0,79,21.5,0.9,944.7
2023-09-07,PUNE_01,18.5204,73.8567,plains,27.8,22.1,82,26.0,3.4,944.5
2023-09-08,PUNE_01,18.5204,73.8567,plains,27.5,22.1,89,26.7,24.2,944.5
2023-09-09,PUNE_01,18.5204,73.8567,plains,27.2,22.7,88,25.1,7.5,944.9
2023-09-10,PUNE_01,18.5204,73.8567,plains,27.8,22.2,83,25.2,1.1,944.8
2023-09-11,PUNE_01,18.5204,73.8567,plains,28.1,22.0,83,24.2,1.2,945.5
2023-09-12,PUNE_01,18.5204,73.8567,plains,28.6,21.0,80,22.0,3.3,946.2
2023-09-13,PUNE_01,18.5204,73.8567,plains,28.4,21.5,81,20.5,1.1,945.7
2023-09-14,PUNE_01,18.5204,73.8567,plains,28.9,21.5,80,20.2,0.8,945.8
2023-09-15,PUNE_01,18.5204,73.8567,plains,28.6,20.8,80,21.3,0.4,945.7
2023-09-16,PUNE_01,18.5204,73.8567,plains,26.4,22.5,83,26.9,0.0,945.3
2023-09-17,PUNE_01,18.5204,73.8567,plains,26.8,22.5,83,27.6,2.3,944.6
2023-09-18,PUNE_01,18.5204,73.8567,plains,28.0,21.8,82,25.8,3.0,944.7
2023-09-19,PUNE_01,18.5204,73.8567,plains,28.3,22.2,82,22.9,1.6,946.2
2023-09-20,PUNE_01,18.5204,73.8567,plains,28.9,23.0,81,20.6,2.3,946.7
2023-09-21,PUNE_01,18.5204,73.8567,plains,29.8,23.3,84,14.5,18.5,946.9
2023-09-22,PUNE_01,18.5204,73.8567,plains,27.4,22.8,90,14.5,33.4,947.1
2023-09-23,PUNE_01,18.5204,73.8567,plains,27.5,22.3,91,12.3,32.1,947.4
2023-09-24,PUNE_01,18.5204,73.8567,plains,27.6,21.5,88,14.5,7.9,947.7
2023-09-25,PUNE_01,18.5204,73.8567,plains,28.7,21.5,86,14.3,5.8,946.7
2023-09-26,PUNE_01,18.5204,73.8567,plains,29.3,21.6,85,13.3,14.5,946.6
2023-09-27,PUNE_01,18.5204,73.8567,plains,27.9,21.4,89,9.8,33.6,945.9
2023-09-28,PUNE_01,18.5204,73.8567,plains,28.9,21.7,87,14.0,11.2,945.2
2023-09-29,PUNE_01,18.5204,73.8567,plains,29.4,21.1,88,14.8,19.9,945.1
2023-09-30,PUNE_01,18.5204,73.8567,plains,28.7,21.4,89,16.4,9.6,944.9
2023-10-01,PUNE_01,18.5204,73.8567,plains,27.7,21.3,90,20.6,14.1,944.8
2023-10-02,PUNE_01,18.5204,73.8567,plains,27.7,21.5,82,17.3,0.0,947.3
2023-10-03,PUNE_01,18.5204,73.8567,plains,29.8,20.8,80,13.4,0.2,948.6
2023-10-04,PUNE_01,18.5204,73.8567,plains,29.7,21.4,80,13.1,0.0,949.4
2023-10-05,PUNE_01,18.5204,73.8567,plains,30.0,20.4,77,9.0,0.0,949.1
2023-10-06,PUNE_01,18.5204,73.8567,plains,29.8,20.2,77,9.8,0.0,948.3
2023-10-07,PUNE_01,18.5204,73.8567,plains,30.5,20.8,74,8.8,0.0,948.6
2023-10-08,PUNE_01,18.5204,73.8567,plains,30.7,20.4,72,8.2,0.0,949.6
2023-10-09,PUNE_01,18.5204,73.8567,plains,30.8,20.4,70,6.5,0.0,950.8
2023-10-10,PUNE_01,18.5204,73.8567,plains,31.3,20.3,67,9.7,0.0,950.6
2023-10-11,PUNE_01,18.5204,73.8567,plains,30.1,20.6,71,10.9,0.0,950.5
2023-10-12,PUNE_01,18.5204,73.8567,plains,31.1,21.2,70,10.3,0.5,950.9
2023-10-13,PUNE_01,18.5204,73.8567,plains,31.9,20.3,69,12.7,0.0,951.4
2023-10-14,PUNE_01,18.5204,73.8567,plains,31.5,20.2,64,12.1,0.0,951.2
2023-10-15,PUNE_01,18.5204,73.8567,plains,30.8,20.7,64,7.9,0.0,950.0
2023-10-16,PUNE_01,18.5204,73.8567,plains,31.0,21.3,63,12.6,0.5,949.8
2023-10-17,PUNE_01,18.5204,73.8567,plains,30.9,20.5,62,8.4,0.2,951.0
2023-10-18,PUNE_01,18.5204,73.8567,plains,30.7,21.3,59,12.7,0.0,951.9
2023-10-19,PUNE_01,18.5204,73.8567,plains,30.8,21.1,66,13.7,1.0,951.8
2023-10-20,PUNE_01,18.5204,73.8567,plains,30.3,21.1,69,12.0,1.9,951.6
2023-10-21,PUNE_01,18.5204,73.8567,plains,30.5,21.0,63,11.3,0.5,952.1
2023-10-22,PUNE_01,18.5204,73.8567,plains,31.7,22.1,57,14.8,0.0,952.3
2023-10-23,PUNE_01,18.5204,73.8567,plains,31.5,19.2,58,10.2,0.0,951.2
2023-10-24,PUNE_01,18.5204,73.8567,plains,31.2,21.5,49,10.3,0.0,950.9
2023-10-25,PUNE_01,18.5204,73.8567,plains,31.0,20.8,48,11.0,0.0,952.3
2023-10-26,PUNE_01,18.5204,73.8567,plains,30.0,19.4,45,14.0,0.0,952.4
2023-10-27,PUNE_01,18.5204,73.8567,plains,30.2,18.5,44,15.1,0.0,951.0
2023-10-28,PUNE_01,18.5204,73.8567,plains,30.1,18.7,46,10.9,0.0,950.7
2023-10-29,PUNE_01,18.5204,73.8567,plains,30.6,17.4,46,14.4,0.0,950.3
2023-10-30,PUNE_01,18.5204,73.8567,plains,31.0,19.7,48,13.6,0.0,950.4
2023-10-31,PUNE_01,18.5204,73.8567,plains,30.5,18.9,55,14.3,0.0,950.9
2023-11-01,PUNE_01,18.5204,73.8567,plains,30.4,18.0,52,11.3,0.0,951.4
2023-11-02,PUNE_01,18.5204,73.8567,plains,30.4,19.4,51,11.1,0.0,950.7
2023-11-03,PUNE_01,18.5204,73.8567,plains,31.0,19.8,53,12.0,0.0,949.2
2023-11-04,PUNE_01,18.5204,73.8567,plains,30.8,19.9,54,14.8,0.0,949.1
2023-11-05,PUNE_01,18.5204,73.8567,plains,31.4,19.2,53,13.7,0.0,950.3
2023-11-06,PUNE_01,18.5204,73.8567,plains,31.3,19.3,50,15.1,0.0,951.3
2023-11-07,PUNE_01,18.5204,73.8567,plains,31.0,19.4,55,15.5,0.0,951.2
2023-11-08,PUNE_01,18.5204,73.8567,plains,30.0,21.3,73,16.7,1.6,951.1
2023-11-09,PUNE_01,18.5204,73.8567,plains,30.4,19.5,80,15.0,9.5,951.5
2023-11-10,PUNE_01,18.5204,73.8567,plains,29.8,19.9,83,13.7,2.5,952.8
2023-11-11,PUNE_01,18.5204,73.8567,plains,30.8,19.2,70,14.1,0.0,953.0
2023-11-12,PUNE_01,18.5204,73.8567,plains,31.1,19.1,64,13.4,0.0,953.0
2023-11-13,PUNE_01,18.5204,73.8567,plains,30.4,19.3,61,7.7,0.0,952.5
2023-11-14,PUNE_01,18.5204,73.8567,plains,30.0,19.5,58,10.4,0.0,951.8
2023-11-15,PUNE_01,18.5204,73.8567,plains,29.2,16.7,51,10.1,0.0,951.6
2023-11-16,PUNE_01,18.5204,73.8567,plains,29.3,17.4,56,9.8,0.0,951.6
2023-11-17,PUNE_01,18.5204,73.8567,plains,29.3,17.7,54,11.3,0.0,951.5
2023-11-18,PUNE_01,18.5204,73.8567,plains,30.3,16.7,55,10.0,0.0,950.9
2023-11-19,PUNE_01,18.5204,73.8567,plains,31.3,17.3,59,8.7,0.0,951.0
2023-11-20,PUNE_01,18.5204,73.8567,plains,30.8,19.6,62,12.8,0.0,951.5
2023-11-21,PUNE_01,18.5204,73.8567,plains,29.8,18.8,58,14.3,0.0,951.2
2023-11-22,PUNE_01,18.5204,73.8567,plains,29.7,18.4,55,10.5,0.0,950.4
2023-11-23,PUNE_01,18.5204,73.8567,plains,30.4,18.4,57,9.5,0.0,948.8
2023-11-24,PUNE_01,18.5204,73.8567,plains,30.8,18.6,63,14.6,0.4,949.1
2023-11-25,PUNE_01,18.5204,73.8567,plains,29.6,18.3,70,14.3,1.9,950.8
2023-11-26,PUNE_01,18.5204,73.8567,plains,30.2,19.6,77,16.6,25.0,951.0
2023-11-27,PUNE_01,18.5204,73.8567,plains,28.1,18.9,79,14.3,2.4,949.7
2023-11-28,PUNE_01,18.5204,73.8567,plains,28.6,19.0,81,11.8,0.3,948.8
2023-11-29,PUNE_01,18.5204,73.8567,plains,28.8,18.6,78,8.7,0.3,949.5
2023-11-30,PUNE_01,18.5204,73.8567,plains,29.3,17.6,77,13.3,0.3,949.9
2023-12-01,PUNE_01,18.5204,73.8567,plains,29.3,17.0,73,8.3,0.3,949.7
2023-12-02,PUNE_01,18.5204,73.8567,plains,30.3,18.3,67,16.3,0.3,949.2
2023-12-03,PUNE_01,18.5204,73.8567,plains,29.9,18.5,69,14.9,0.0,949.8
2023-12-04,PUNE_01,18.5204,73.8567,plains,30.5,18.5,68,13.7,0.0,949.0
2023-12-05,PUNE_01,18.5204,73.8567,plains,29.9,18.0,66,10.2,0.0,948.1
2023-12-06,PUNE_01,18.5204,73.8567,plains,28.1,18.8,73,10.8,0.5,948.9
2023-12-07,PUNE_01,18.5204,73.8567,plains,27.5,17.4,76,8.7,0.5,949.5
2023-12-08,PUNE_01,18.5204,73.8567,plains,28.3,17.4,72,8.6,0.3,950.1
2023-12-09,PUNE_01,18.5204,73.8567,plains,29.1,17.1,67,10.5,0.0,951.1
2023-12-10,PUNE_01,18.5204,73.8567,plains,29.3,16.8,67,11.0,0.0,950.2
2023-12-11,PUNE_01,18.5204,73.8567,plains,29.4,17.8,61,9.5,0.0,950.4
2023-12-12,PUNE_01,18.5204,73.8567,plains,29.3,16.7,63,10.5,0.0,949.3
2023-12-13,PUNE_01,18.5204,73.8567,plains,29.0,15.6,61,13.1,0.0,950.0
2023-12-14,PUNE_01,18.5204,73.8567,plains,28.0,16.0,59,13.3,0.0,951.5
2023-12-15,PUNE_01,18.5204,73.8567,plains,27.3,15.7,59,14.0,0.0,952.2
2023-12-16,PUNE_01,18.5204,73.8567,plains,27.4,15.5,60,13.0,0.0,951.7
2023-12-17,PUNE_01,18.5204,73.8567,plains,27.4,15.3,69,14.5,0.0,951.2
2023-12-18,PUNE_01,18.5204,73.8567,plains,27.0,16.9,64,19.4,0.0,952.3
2023-12-19,PUNE_01,18.5204,73.8567,plains,26.3,17.5,62,16.6,0.0,953.2
2023-12-20,PUNE_01,18.5204,73.8567,plains,27.2,14.1,61,14.8,0.0,952.9
2023-12-21,PUNE_01,18.5204,73.8567,plains,29.3,15.6,59,10.6,0.0,952.1
2023-12-22,PUNE_01,18.5204,73.8567,plains,29.6,15.9,60,9.2,0.0,952.0
2023-12-23,PUNE_01,18.5204,73.8567,plains,29.4,14.3,52,12.1,0.0,952.4
2023-12-24,PUNE_01,18.5204,73.8567,plains,29.1,16.3,50,12.3,0.0,954.0
2023-12-25,PUNE_01,18.5204,73.8567,plains,29.6,14.9,59,11.2,0.0,953.7
2023-12-26,PUNE_01,18.5204,73.8567,plains,30.6,16.8,54,10.6,0.0,953.4
2023-12-27,PUNE_01,18.5204,73.8567,plains,30.1,16.6,52,12.1,0.0,953.7
2023-12-28,PUNE_01,18.5204,73.8567,plains,30.0,15.8,62,11.3,0.0,952.1
2023-12-29,PUNE_01,18.5204,73.8567,plains,29.8,16.8,57,11.5,0.0,952.1
2023-12-30,PUNE_01,18.5204,73.8567,plains,29.6,14.3,58,10.0,0.0,951.5
2023-12-31,PUNE_01,18.5204,73.8567,plains,30.1,16.4,52,11.1,0.0,951.1
2024-01-01,PUNE_01,18.5204,73.8567,plains,29.5,16.5,55,10.1,0.0,951.1
2024-01-02,PUNE_01,18.5204,73.8567,plains,30.0,15.9,58,10.6,0.0,950.2
2024-01-03,PUNE_01,18.5204,73.8567,plains,29.8,16.6,60,7.6,0.0,949.6
2024-01-04,PUNE_01,18.5204,73.8567,plains,30.0,15.9,60,13.0,0.0,949.6
2024-01-05,PUNE_01,18.5204,73.8567,plains,29.6,13.9,59,13.2,0.0,949.8
2024-01-06,PUNE_01,18.5204,73.8567,plains,29.2,16.0,59,10.2,0.0,950.2
2024-01-07,PUNE_01,18.5204,73.8567,plains,29.5,17.2,62,13.0,0.8,950.5
2024-01-08,PUNE_01,18.5204,73.8567,plains,29.7,17.4,57,15.4,0.2,951.0
2024-01-09,PUNE_01,18.5204,73.8567,plains,28.2,18.1,72,16.3,1.0,951.4
2024-01-10,PUNE_01,18.5204,73.8567,plains,28.4,16.7,84,9.8,3.1,951.7
2024-01-11,PUNE_01,18.5204,73.8567,plains,28.7,16.9,73,10.4,0.0,952.0
2024-01-12,PUNE_01,18.5204,73.8567,plains,29.3,17.6,62,11.6,0.0,951.6
2024-01-13,PUNE_01,18.5204,73.8567,plains,29.7,17.7,51,11.2,0.0,952.3
2024-01-14,PUNE_01,18.5204,73.8567,plains,29.9,16.7,51,14.5,0.0,952.4
2024-01-15,PUNE_01,18.5204,73.8567,plains,28.4,14.1,49,13.4,0.0,951.3
2024-01-16,PUNE_01,18.5204,73.8567,plains,29.5,12.1,58,13.2,0.0,949.1
2024-01-17,PUNE_01,18.5204,73.8567,plains,28.9,13.2,63,16.6,0.0,948.3
2024-01-18,PUNE_01,18.5204,73.8567,plains,27.4,14.0,68,12.3,0.0,949.7
2024-01-19,PUNE_01,18.5204,73.8567,plains,28.8,13.0,66,13.8,0.0,949.8
2024-01-20,PUNE_01,18.5204,73.8567,plains,28.8,15.7,62,17.3,0.0,950.7
2024-01-21,PUNE_01,18.5204,73.8567,plains,28.5,15.9,62,10.6,0.0,951.2
2024-01-22,PUNE_01,18.5204,73.8567,plains,29.9,13.7,61,16.1,0.0,951.7
2024-01-23,PUNE_01,18.5204,73.8567,plains,27.4,15.4,57,11.0,0.0,951.4
2024-01-24,PUNE_01,18.5204,73.8567,plains,27.0,14.2,45,10.5,0.0,951.7
2024-01-25,PUNE_01,18.5204,73.8567,plains,27.4,13.5,46,10.9,0.0,953.0
2024-01-26,PUNE_01,18.5204,73.8567,plains,29.9,13.0,43,11.3,0.0,953.9
2024-01-27,PUNE_01,18.5204,73.8567,plains,29.9,16.3,40,11.5,0.0,954.2
2024-01-28,PUNE_01,18.5204,73.8567,plains,31.2,15.0,48,14.5,0.0,953.6
2024-01-29,PUNE_01,18.5204,73.8567,plains,30.7,15.8,45,8.7,0.0,953.0
2024-01-30,PUNE_01,18.5204,73.8567,plains,30.6,16.7,44,13.4,0.0,952.2
2024-01-31,PUNE_01,18.5204,73.8567,plains,31.4,15.5,47,18.1,0.0,951.6
2024-02-01,PUNE_01,18.5204,73.8567,plains,28.5,14.1,52,16.3,0.0,952.2
2024-02-02,PUNE_01,18.5204,73.8567,plains,28.8,15.3,53,10.9,0.0,952.7
2024-02-03,PUNE_01,18.5204,73.8567,plains,31.1,15.3,47,14.9,0.0,953.2
2024-02-04,PUNE_01,18.5204,73.8567,plains,33.1,16.7,47,8.8,0.0,954.0
2024-02-05,PUNE_01,18.5204,73.8567,plains,33.6,18.3,47,15.0,0.0,954.0
2024-02-06,PUNE_01,18.5204,73.8567,plains,34.6,18.0,45,18.5,0.0,953.7
2024-02-07,PUNE_01,18.5204,73.8567,plains,33.8,18.8,42,16.8,0.0,954.1
2024-02-08,PUNE_01,18.5204,73.8567,plains,32.9,17.1,39,10.0,0.0,953.4
2024-02-09,PUNE_01,18.5204,73.8567,plains,33.7,14.5,34,18.2,0.0,952.5
2024-02-10,PUNE_01,18.5204,73.8567,plains,34.2,14.5,37,20.3,0.0,953.2
2024-02-11,PUNE_01,18.5204,73.8567,plains,32.9,14.5,37,18.7,0.0,953.4
2024-02-12,PUNE_01,18.5204,73.8567,plains,33.1,15.6,37,18.4,0.0,952.9
2024-02-13,PUNE_01,18.5204,73.8567,plains,33.8,16.6,28,18.4,0.0,952.7
2024-02-14,PUNE_01,18.5204,73.8567,plains,32.7,15.5,33,9.8,0.0,952.4
2024-02-15,PUNE_01,18.5204,73.8567,plains,33.6,17.6,34,11.4,0.0,952.0
2024-02-16,PUNE_01,18.5204,73.8567,plains,35.2,18.8,39,12.9,0.0,952.5
2024-02-17,PUNE_01,18.5204,73.8567,plains,33.9,17.6,39,9.3,0.0,951.4
2024-02-18,PUNE_01,18.5204,73.8567,plains,34.6,17.8,38,15.6,0.0,950.0
2024-02-19,PUNE_01,18.5204,73.8567,plains,33.9,18.6,29,17.1,0.0,950.6
2024-02-20,PUNE_01,18.5204,73.8567,plains,33.7,17.8,33,21.5,0.0,951.0
2024-02-21,PUNE_01,18.5204,73.8567,plains,31.5,17.5,50,18.9,0.0,950.4
2024-02-22,PUNE_01,18.5204,73.8567,plains,30.5,16.2,58,18.7,0.0,950.6
2024-02-23,PUNE_01,18.5204,73.8567,plains,31.2,15.0,45,11.6,0.0,950.4
2024-02-24,PUNE_01,18.5204,73.8567,plains,33.0,14.6,36,18.0,0.0,949.9
2024-02-25,PUNE_01,18.5204,73.8567,plains,33.2,18.0,20,12.1,0.0,949.4
2024-02-26,PUNE_01,18.5204,73.8567,plains,34.9,16.6,38,16.6,0.0,949.4
2024-02-27,PUNE_01,18.5204,73.8567,plains,35.1,20.9,38,22.0,0.0,950.7
2024-02-28,PUNE_01,18.5204,73.8567,plains,33.6,22.0,35,11.9,0.0,950.9
2024-02-29,PUNE_01,18.5204,73.8567,plains,35.1,21.4,34,17.1,0.0,950.5
2024-03-01,PUNE_01,18.5204,73.8567,plains,35.8,20.9,37,15.5,0.0,951.0
2024-03-02,PUNE_01,18.5204,73.8567,plains,34.5,20.8,45,24.5,0.0,950.7
2024-03-03,PUNE_01,18.5204,73.8567,plains,31.1,18.6,63,22.2,0.0,950.5
2024-03-04,PUNE_01,18.5204,73.8567,plains,32.4,15.2,49,18.7,0.0,950.4
2024-03-05,PUNE_01,18.5204,73.8567,plains,34.6,14.5,39,19.5,0.0,950.5
2024-03-06,PUNE_01,18.5204,73.8567,plains,34.9,16.7,35,22.7,0.0,950.5
2024-03-07,PUNE_01,18.5204,73.8567,plains,34.7,14.4,23,17.8,0.0,950.1
2024-03-08,PUNE_01,18.5204,73.8567,plains,35.5,20.1,23,20.8,0.0,950.9
2024-03-09,PUNE_01,18.5204,73.8567,plains,35.2,18.5,21,15.3,0.0,951.0
2024-03-10,PUNE_01,18.5204,73.8567,plains,36.5,17.7,26,19.5,0.0,951.5
2024-03-11,PUNE_01,18.5204,73.8567,plains,36.0,19.9,25,18.8,0.0,952.8
2024-03-12,PUNE_01,18.5204,73.8567,plains,37.2,20.6,29,20.5,0.0,952.0
2024-03-13,PUNE_01,18.5204,73.8567,plains,35.4,19.9,30,18.1,0.0,951.1
2024-03-14,PUNE_01,18.5204,73.8567,plains,35.2,17.3,32,17.8,0.0,951.2
2024-03-15,PUNE_01,18.5204,73.8567,plains,35.1,18.0,29,20.5,0.0,950.3
2024-03-16,PUNE_01,18.5204,73.8567,plains,35.6,17.7,35,20.7,0.0,950.2
2024-03-17,PUNE_01,18.5204,73.8567,plains,36.2,18.8,30,23.9,0.0,950.4
2024-03-18,PUNE_01,18.5204,73.8567,plains,35.1,20.4,21,21.5,0.0,950.4
2024-03-19,PUNE_01,18.5204,73.8567,plains,34.9,19.7,27,17.4,0.0,950.2
2024-03-20,PUNE_01,18.5204,73.8567,plains,35.5,20.6,19,16.6,0.0,950.3
2024-03-21,PUNE_01,18.5204,73.8567,plains,36.3,19.2,22,13.1,0.0,949.3
2024-03-22,PUNE_01,18.5204,73.8567,plains,36.4,19.9,38,20.8,0.0,948.0
2024-03-23,PUNE_01,18.5204,73.8567,plains,36.6,19.9,30,22.2,0.0,948.2
2024-03-24,PUNE_01,18.5204,73.8567,plains,37.6,22.0,27,18.5,0.0,949.5
2024-03-25,PUNE_01,18.5204,73.8567,plains,37.8,22.8,35,15.8,0.0,950.0
2024-03-26,PUNE_01,18.5204,73.8567,plains,38.3,21.7,33,16.9,0.0,950.1
2024-03-27,PUNE_01,18.5204,73.8567,plains,39.5,22.2,34,20.9,0.0,951.3
2024-03-28,PUNE_01,18.5204,73.8567,plains,38.7,23.6,34,22.7,0.0,950.1
2024-03-29,PUNE_01,18.5204,73.8567,plains,38.9,23.8,37,21.1,0.1,949.2
2024-03-30,PUNE_01,18.5204,73.8567,plains,38.2,23.8,40,20.9,0.0,950.4
2024-03-31,PUNE_01,18.5204,73.8567,plains,38.4,24.5,29,21.7,0.0,951.5
2024-04-01,PUNE_01,18.5204,73.8567,plains,39.0,24.9,20,21.1,0.0,949.1
2024-04-02,PUNE_01,18.5204,73.8567,plains,39.1,21.8,27,21.7,0.0,947.6
2024-04-03,PUNE_01,18.5204,73.8567,plains,39.1,21.8,31,23.1,0.0,948.4
2024-04-04,PUNE_01,18.5204,73.8567,plains,39.2,23.1,29,21.3,0.0,948.9
2024-04-05,PUNE_01,18.5204,73.8567,plains,39.9,22.7,28,22.9,0.0,948.4
2024-04-06,PUNE_01,18.5204,73.8567,plains,39.4,23.5,24,25.8,0.0,947.6
2024-04-07,PUNE_01,18.5204,73.8567,plains,38.2,23.4,22,25.8,0.0,947.1
2024-04-08,PUNE_01,18.5204,73.8567,plains,38.0,20.5,20,17.7,0.0,947.8
2024-04-09,PUNE_01,18.5204,73.8567,plains,38.8,20.9,32,22.0,0.0,947.8
2024-04-10,PUNE_01,18.5204,73.8567,plains,38.8,21.5,32,22.0,0.0,948.0
2024-04-11,PUNE_01,18.5204,73.8567,plains,39.1,22.8,27,23.8,0.0,948.5
2024-04-12,PUNE_01,18.5204,73.8567,plains,38.3,22.6,28,23.6,0.0,948.3
2024-04-13,PUNE_01,18.5204,73.8567,plains,37.9,20.8,35,20.9,0.0,948.5
2024-04-14,PUNE_01,18.5204,73.8567,plains,39.2,19.7,45,24.0,0.0,949.1
2024-04-15,PUNE_01,18.5204,73.8567,plains,40.4,23.2,43,20.2,0.1,949.7
2024-04-16,PUNE_01,18.5204,73.8567,plains,39.5,27.3,35,14.8,0.0,948.9
2024-04-17,PUNE_01,18.5204,73.8567,plains,40.7,27.4,33,22.5,0.3,948.6
2024-04-18,PUNE_01,18.5204,73.8567,plains,40.3,25.5,50,18.8,0.1,947.8
2024-04-19,PUNE_01,18.5204,73.8567,plains,40.2,25.8,40,24.6,0.0,946.4
2024-04-20,PUNE_01,18.5204,73.8567,plains,38.9,25.4,43,19.3,0.0,946.9
2024-04-21,PUNE_01,18.5204,73.8567,plains,38.2,23.8,37,19.7,0.0,947.0
2024-04-22,PUNE_01,18.5204,73.8567,plains,38.8,24.0,34,19.5,0.0,947.7
2024-04-23,PUNE_01,18.5204,73.8567,plains,39.4,23.5,32,23.3,0.0,946.7
2024-04-24,PUNE_01,18.5204,73.8567,plains,39.4,23.8,37,11.3,0.0,946.2
2024-04-25,PUNE_01,18.5204,73.8567,plains,39.2,24.8,40,17.0,3.0,946.6
2024-04-26,PUNE_01,18.5204,73.8567,plains,39.4,25.3,33,24.2,0.1,946.5
2024-04-27,PUNE_01,18.5204,73.8567,plains,40.3,25.4,33,14.4,0.0,946.7
2024-04-28,PUNE_01,18.5204,73.8567,plains,41.0,25.5,30,22.2,0.0,946.7
2024-04-29,PUNE_01,18.5204,73.8567,plains,40.8,25.6,24,21.4,0.0,947.9
2024-04-30,PUNE_01,18.5204,73.8567,plains,40.9,24.8,20,20.0,0.0,946.8
2024-05-01,PUNE_01,18.5204,73.8567,plains,38.3,25.2,27,24.3,0.0,945.5
2024-05-02,PUNE_01,18.5204,73.8567,plains,38.8,22.6,33,18.7,0.0,945.5
2024-05-03,PUNE_01,18.5204,73.8567,plains,39.8,20.4,32,18.6,0.0,946.5
2024-05-04,PUNE_01,18.5204,73.8567,plains,39.0,21.6,42,16.7,0.0,947.3
2024-05-05,PUNE_01,18.5204,73.8567,plains,39.2,23.4,45,23.0,0.0,946.1
2024-05-06,PUNE_01,18.5204,73.8567,plains,37.9,23.4,47,21.5,0.0,946.7
2024-05-07,PUNE_01,18.5204,73.8567,plains,37.4,21.7,55,23.6,0.0,947.5
2024-05-08,PUNE_01,18.5204,73.8567,plains,38.6,21.2,61,26.2,0.0,947.0
2024-05-09,PUNE_01,18.5204,73.8567,plains,36.5,22.6,58,22.8,0.4,946.4
2024-05-10,PUNE_01,18.5204,73.8567,plains,36.9,23.7,62,17.1,11.8,947.5
2024-05-11,PUNE_01,18.5204,73.8567,plains,36.4,23.8,58,25.4,0.2,948.3
2024-05-12,PUNE_01,18.5204,73.8567,plains,36.1,24.1,52,16.1,2.1,948.5
2024-05-13,PUNE_01,18.5204,73.8567,plains,34.8,24.1,56,24.0,7.0,948.1
2024-05-14,PUNE_01,18.5204,73.8567,plains,37.7,24.0,52,17.6,0.0,947.8
2024-05-15,PUNE_01,18.5204,73.8567,plains,38.3,23.0,49,19.1,0.0,948.1
2024-05-16,PUNE_01,18.5204,73.8567,plains,39.1,24.0,58,14.0,4.4,948.2
2024-05-17,PUNE_01,18.5204,73.8567,plains,37.7,23.4,59,23.1,2.0,947.0
2024-05-18,PUNE_01,18.5204,73.8567,plains,38.7,23.0,51,19.1,0.3,945.1
2024-05-19,PUNE_01,18.5204,73.8567,plains,38.9,24.9,56,20.8,0.3,943.6
2024-05-20,PUNE_01,18.5204,73.8567,plains,40.5,25.6,62,24.5,0.8,943.8
2024-05-21,PUNE_01,18.5204,73.8567,plains,41.7,24.5,56,21.8,0.0,943.6
2024-05-22,PUNE_01,18.5204,73.8567,plains,39.9,25.2,59,20.4,0.4,943.5
2024-05-23,PUNE_01,18.5204,73.8567,plains,38.8,25.4,68,20.9,2.7,942.4
2024-05-24,PUNE_01,18.5204,73.8567,plains,35.9,24.7,62,26.4,0.3,942.1
2024-05-25,PUNE_01,18.5204,73.8567,plains,34.1,23.6,66,27.4,0.0,942.9
2024-05-26,PUNE_01,18.5204,73.8567,plains,34.3,24.4,68,26.9,0.0,943.7
2024-05-27,PUNE_01,18.5204,73.8567,plains,32.7,24.8,73,27.8,0.0,943.4
2024-05-28,PUNE_01,18.5204,73.8567,plains,34.1,24.2,68,31.8,0.0,943.7
2024-05-29,PUNE_01,18.5204,73.8567,plains,34.4,23.5,66,28.1,0.0,943.9
2024-05-30,PUNE_01,18.5204,73.8567,plains,36.2,23.3,64,23.1,0.0,945.1
2024-05-31,PUNE_01,18.5204,73.8567,plains,35.8,24.1,67,21.7,0.0,945.8
2024-06-01,PUNE_01,18.5204,73.8567,plains,35.9,24.0,65,20.2,0.1,945.7
2024-06-02,PUNE_01,18.5204,73.8567,plains,36.2,24.6,58,18.8,0.0,946.1
2024-06-03,PUNE_01,18.5204,73.8567,plains,37.4,24.2,62,19.4,2.1,946.4
2024-06-04,PUNE_01,18.5204,73.8567,plains,31.4,24.1,81,16.5,21.0,946.9
2024-06-05,PUNE_01,18.5204,73.8567,plains,33.2,24.4,79,23.9,7.9,947.0
2024-06-06,PUNE_01,18.5204,73.8567,plains,33.6,23.6,79,17.5,6.1,947.4
2024-06-07,PUNE_01,18.5204,73.8567,plains,33.9,23.3,78,19.2,13.8,945.6
2024-06-08,PUNE_01,18.5204,73.8567,plains,32.3,23.5,80,17.3,9.3,944.4
2024-06-09,PUNE_01,18.5204,73.8567,plains,27.0,23.1,85,16.1,2.8,943.9
2024-06-10,PUNE_01,18.5204,73.8567,plains,27.7,22.1,85,18.2,17.1,945.0
2024-06-11,PUNE_01,18.5204,73.8567,plains,27.9,22.7,86,19.9,21.9,945.6
2024-06-12,PUNE_01,18.5204,73.8567,plains,28.8,22.9,84,18.4,9.5,946.6
2024-06-13,PUNE_01,18.5204,73.8567,plains,28.8,23.2,82,19.8,9.1,946.2
2024-06-14,PUNE_01,18.5204,73.8567,plains,28.9,22.9,80,20.6,1.2,945.5
2024-06-15,PUNE_01,18.5204,73.8567,plains,29.3,23.0,80,16.0,3.4,944.8
2024-06-16,PUNE_01,18.5204,73.8567,plains,30.5,22.6,82,15.9,8.7,945.1
2024-06-17,PUNE_01,18.5204,73.8567,plains,30.6,22.8,82,17.1,5.9,945.4
2024-06-18,PUNE_01,18.5204,73.8567,plains,29.6,23.2,81,23.2,19.5,945.1
2024-06-19,PUNE_01,18.5204,73.8567,plains,27.8,23.1,82,23.2,1.8,943.4
2024-06-20,PUNE_01,18.5204,73.8567,plains,29.0,23.2,84,23.7,3.4,942.7
2024-06-21,PUNE_01,18.5204,73.8567,plains,29.4,23.4,81,23.8,0.6,943.0
2024-06-22,PUNE_01,18.5204,73.8567,plains,29.8,22.8,78,20.5,0.5,941.8
2024-06-23,PUNE_01,18.5204,73.8567,plains,30.3,23.2,80,15.5,2.5,940.9
2024-06-24,PUNE_01,18.5204,73.8567,plains,30.8,23.2,80,16.2,5.4,939.4
2024-06-25,PUNE_01,18.5204,73.8567,plains,29.4,23.9,81,22.3,4.0,938.5
2024-06-26,PUNE_01,18.5204,73.8567,plains,29.7,23.7,84,26.7,5.3,938.6
2024-06-27,PUNE_01,18.5204,73.8567,plains,27.6,23.4,84,28.4,2.2,940.7
2024-06-28,PUNE_01,18.5204,73.8567,plains,27.8,23.6,84,28.8,11.5,941.7
2024-06-29,PUNE_01,18.5204,73.8567,plains,28.4,23.1,82,27.6,1.7,942.9
2024-06-30,PUNE_01,18.5204,73.8567,plains,27.9,23.4,84,26.1,4.7,943.1
2024-07-01,PUNE_01,18.5204,73.8567,plains,27.2,22.5,85,32.1,4.9,942.3
2024-07-02,PUNE_01,18.5204,73.8567,plains,27.4,22.5,87,27.2,11.4,941.5
2024-07-03,PUNE_01,18.5204,73.8567,plains,27.5,22.9,83,25.8,0.7,942.6
2024-07-04,PUNE_01,18.5204,73.8567,plains,26.8,23.4,84,22.9,1.0,943.6
2024-07-05,PUNE_01,18.5204,73.8567,plains,28.1,23.3,83,27.7,4.5,941.9
2024-07-06,PUNE_01,18.5204,73.8567,plains,27.7,23.0,83,30.8,4.3,940.9
2024-07-07,PUNE_01,18.5204,73.8567,plains,26.0,22.9,86,19.9,6.4,941.9
2024-07-08,PUNE_01,18.5204,73.8567,plains,27.1,22.7,88,19.2,63.8,941.8
2024-07-09,PUNE_01,18.5204,73.8567,plains,27.7,22.2,85,17.2,17.1,942.6
2024-07-10,PUNE_01,18.5204,73.8567,plains,28.2,22.6,81,21.6,0.7,945.2
2024-07-11,PUNE_01,18.5204,73.8567,plains,26.9,22.6,86,23.1,12.0,944.7
2024-07-12,PUNE_01,18.5204,73.8567,plains,26.2,22.9,88,24.0,22.2,942.8
2024-07-13,PUNE_01,18.5204,73.8567,plains,26.5,22.7,87,27.2,17.9,942.2
2024-07-14,PUNE_01,18.5204,73.8567,plains,24.3,22.7,92,19.8,74.5,940.5
2024-07-15,PUNE_01,18.5204,73.8567,plains,28.7,22.5,85,20.5,6.1,940.0
2024-07-16,PUNE_01,18.5204,73.8567,plains,28.8,22.5,83,26.7,2.5,939.8
2024-07-17,PUNE_01,18.5204,73.8567,plains,26.9,22.9,86,25.0,11.0,941.3
2024-07-18,PUNE_01,18.5204,73.8567,plains,26.7,22.9,87,26.7,6.3,941.7
2024-07-19,PUNE_01,18.5204,73.8567,plains,25.1,23.2,88,24.9,5.8,940.1
2024-07-20,PUNE_01,18.5204,73.8567,plains,25.9,22.9,88,27.3,21.3,940.6
2024-07-21,PUNE_01,18.5204,73.8567,plains,26.7,22.9,87,28.0,10.6,941.0
2024-07-22,PUNE_01,18.5204,73.8567,plains,24.4,22.8,90,26.9,21.3,942.5
2024-07-23,PUNE_01,18.5204,73.8567,plains,24.1,22.7,91,27.6,21.7,943.2
2024-07-24,PUNE_01,18.5204,73.8567,plains,24.6,22.6,90,32.9,24.5,940.9
2024-07-25,PUNE_01,18.5204,73.8567,plains,23.7,21.9,91,29.4,54.9,940.0
2024-07-26,PUNE_01,18.5204,73.8567,plains,25.1,22.0,89,26.1,15.9,941.2
2024-07-27,PUNE_01,18.5204,73.8567,plains,25.1,22.8,90,32.8,10.0,941.9
2024-07-28,PUNE_01,18.5204,73.8567,plains,25.0,22.7,90,27.7,11.4,939.9
2024-07-29,PUNE_01,18.5204,73.8567,plains,26.3,22.5,89,26.0,13.0,938.9
2024-07-30,PUNE_01,18.5204,73.8567,plains,27.7,22.4,85,26.5,7.4,942.3
2024-07-31,PUNE_01,18.5204,73.8567,plains,26.3,22.1,87,24.4,14.7,944.4
2024-08-01,PUNE_01,18.5204,73.8567,plains,26.6,22.8,85,26.8,2.2,944.1
2024-08-02,PUNE_01,18.5204,73.8567,plains,26.7,22.0,86,30.1,9.8,943.5
2024-08-03,PUNE_01,18.5204,73.8567,plains,25.8,22.6,87,29.6,8.2,943.8
2024-08-04,PUNE_01,18.5204,73.8567,plains,26.0,22.8,90,30.0,28.4,944.2
2024-08-05,PUNE_01,18.5204,73.8567,plains,26.8,22.6,85,26.5,3.3,945.3
2024-08-06,PUNE_01,18.5204,73.8567,plains,27.4,22.5,82,25.5,0.7,945.3
2024-08-07,PUNE_01,18.5204,73.8567,plains,27.0,22.7,84,23.8,2.7,945.3
2024-08-08,PUNE_01,18.5204,73.8567,plains,27.2,22.3,83,22.3,2.9,946.2
2024-08-09,PUNE_01,18.5204,73.8567,plains,24.8,22.1,89,20.1,6.4,947.0
2024-08-10,PUNE_01,18.5204,73.8567,plains,28.6,21.9,85,22.6,4.4,946.8
2024-08-11,PUNE_01,18.5204,73.8567,plains,27.6,22.0,83,23.2,1.1,945.5
2024-08-12,PUNE_01,18.5204,73.8567,plains,28.2,21.7,83,21.6,1.2,945.2
2024-08-13,PUNE_01,18.5204,73.8567,plains,29.5,21.5,81,16.7,0.5,945.8
2024-08-14,PUNE_01,18.5204,73.8567,plains,29.2,21.2,83,16.7,0.8,945.6
2024-08-15,PUNE_01,18.5204,73.8567,plains,30.4,21.4,82,17.3,0.3,944.8
2024-08-16,PUNE_01,18.5204,73.8567,plains,30.3,21.1,82,17.0,1.0,943.9
2024-08-17,PUNE_01,18.5204,73.8567,plains,28.8,21.4,85,11.5,2.9,945.0
2024-08-18,PUNE_01,18.5204,73.8567,plains,28.3,23.0,89,6.8,31.0,945.7
2024-08-19,PUNE_01,18.5204,73.8567,plains,30.3,22.4,86,8.1,8.9,945.1
2024-08-20,PUNE_01,18.5204,73.8567,plains,29.8,22.5,85,12.8,8.7,944.5
2024-08-21,PUNE_01,18.5204,73.8567,plains,30.3,22.0,87,14.0,18.1,944.7
2024-08-22,PUNE_01,18.5204,73.8567,plains,28.9,22.5,87,12.1,16.4,944.3
2024-08-23,PUNE_01,18.5204,73.8567,plains,27.9,23.0,89,17.6,15.4,944.8
2024-08-24,PUNE_01,18.5204,73.8567,plains,24.1,22.5,93,21.2,61.8,944.9
2024-08-25,PUNE_01,18.5204,73.8567,plains,25.3,21.4,90,30.5,24.3,943.9
2024-08-26,PUNE_01,18.5204,73.8567,plains,24.3,21.1,87,25.3,6.1,942.8
2024-08-27,PUNE_01,18.5204,73.8567,plains,26.1,21.4,86,27.9,7.9,944.0
2024-08-28,PUNE_01,18.5204,73.8567,plains,26.7,21.5,85,30.5,4.0,944.8
2024-08-29,PUNE_01,18.5204,73.8567,plains,27.1,22.1,84,25.5,1.5,944.2
2024-08-30,PUNE_01,18.5204,73.8567,plains,27.1,22.3,84,20.8,2.2,945.0
2024-08-31,PUNE_01,18.5204,73.8567,plains,25.6,22.2,87,17.6,9.7,945.9
2024-09-01,PUNE_01,18.5204,73.8567,plains,25.6,21.6,89,22.3,2.3,945.2
2024-09-02,PUNE_01,18.5204,73.8567,plains,23.8,22.2,93,18.8,49.4,943.9
2024-09-03,PUNE_01,18.5204,73.8567,plains,26.4,21.9,87,21.3,10.4,944.9
2024-09-04,PUNE_01,18.5204,73.8567,plains,26.6,22.6,85,23.8,1.4,945.9
2024-09-05,PUNE_01,18.5204,73.8567,plains,27.5,22.6,86,23.3,17.8,944.7
2024-09-06,PUNE_01,18.5204,73.8567,plains,26.4,21.9,86,24.9,1.7,945.5
2024-09-07,PUNE_01,18.5204,73.8567,plains,27.8,21.7,84,23.6,0.9,946.2
2024-09-08,PUNE_01,18.5204,73.8567,plains,28.2,22.2,83,19.8,1.8,946.2
2024-09-09,PUNE_01,18.5204,73.8567,plains,28.2,21.8,85,19.9,2.9,944.0
2024-09-10,PUNE_01,18.5204,73.8567,plains,27.7,22.4,85,17.7,18.7,943.3
2024-09-11,PUNE_01,18.5204,73.8567,plains,27.8,22.2,84,19.9,2.3,944.3
2024-09-12,PUNE_01,18.5204,73.8567,plains,27.5,21.8,81,23.6,0.3,946.0
2024-09-13,PUNE_01,18.5204,73.8567,plains,27.1,21.2,82,21.2,0.3,946.4
2024-09-14,PUNE_01,18.5204,73.8567,plains,27.1,20.6,82,22.8,0.9,946.1
2024-09-15,PUNE_01,18.5204,73.8567,plains,26.8,20.6,83,21.7,1.6,946.4
2024-09-16,PUNE_01,18.5204,73.8567,plains,28.3,20.0,80,16.5,0.7,947.2
2024-09-17,PUNE_01,18.5204,73.8567,plains,27.8,20.0,79,16.2,1.3,947.2
2024-09-18,PUNE_01,18.5204,73.8567,plains,28.6,19.1,78,14.1,0.0,945.6
2024-09-19,PUNE_01,18.5204,73.8567,plains,29.0,19.3,79,15.3,0.0,946.0
2024-09-20,PUNE_01,18.5204,73.8567,plains,28.1,20.7,85,14.9,4.4,946.3
2024-09-21,PUNE_01,18.5204,73.8567,plains,29.5,22.3,84,17.3,7.2,947.0
2024-09-22,PUNE_01,18.5204,73.8567,plains,29.6,21.3,84,13.8,13.0,946.3
2024-09-23,PUNE_01,18.5204,73.8567,plains,28.6,22.2,89,14.2,33.5,945.4
2024-09-24,PUNE_01,18.5204,73.8567,plains,29.5,21.7,90,8.9,19.7,943.6
2024-09-25,PUNE_01,18.5204,73.8567,plains,27.6,22.4,92,14.0,39.1,942.9
2024-09-26,PUNE_01,18.5204,73.8567,plains,25.4,21.7,90,22.7,13.3,942.2
2024-09-27,PUNE_01,18.5204,73.8567,plains,25.6,22.2,87,26.9,2.7,943.9
2024-09-28,PUNE_01,18.5204,73.8567,plains,27.5,22.2,84,20.2,0.9,946.7
2024-09-29,PUNE_01,18.5204,73.8567,plains,28.2,21.6,84,15.5,2.0,948.7
2024-09-30,PUNE_01,18.5204,73.8567,plains,29.8,20.8,82,8.6,0.0,948.8
2024-10-01,PUNE_01,18.5204,73.8567,plains,30.4,22.0,82,10.1,0.0,947.5
2024-10-02,PUNE_01,18.5204,73.8567,plains,30.6,22.5,87,14.9,2.5,948.0
2024-10-03,PUNE_01,18.5204,73.8567,plains,29.8,21.8,85,16.2,2.9,948.0
2024-10-04,PUNE_01,18.5204,73.8567,plains,28.8,21.0,85,16.1,1.0,948.0
2024-10-05,PUNE_01,18.5204,73.8567,plains,29.4,20.8,81,13.1,0.0,948.3
2024-10-06,PUNE_01,18.5204,73.8567,plains,29.5,20.9,83,17.5,1.3,948.6
2024-10-07,PUNE_01,18.5204,73.8567,plains,30.5,20.7,75,17.1,0.0,949.3
2024-10-08,PUNE_01,18.5204,73.8567,plains,30.4,20.6,77,12.3,0.4,949.6
2024-10-09,PUNE_01,18.5204,73.8567,plains,27.8,22.0,81,13.0,3.1,947.9
2024-10-10,PUNE_01,18.5204,73.8567,plains,29.0,21.1,85,23.2,4.2,946.3
2024-10-11,PUNE_01,18.5204,73.8567,plains,29.4,21.3,85,21.5,8.2,946.0
2024-10-12,PUNE_01,18.5204,73.8567,plains,29.8,21.3,86,15.7,5.8,947.1
2024-10-13,PUNE_01,18.5204,73.8567,plains,29.9,21.3,86,16.0,6.0,948.0
2024-10-14,PUNE_01,18.5204,73.8567,plains,29.2,20.6,84,15.4,7.0,948.6
2024-10-15,PUNE_01,18.5204,73.8567,plains,28.9,20.2,86,12.3,1.7,948.6
2024-10-16,PUNE_01,18.5204,73.8567,plains,29.8,21.2,85,13.7,14.5,947.9
2024-10-17,PUNE_01,18.5204,73.8567,plains,27.8,22.0,86,14.0,5.5,947.2
2024-10-18,PUNE_01,18.5204,73.8567,plains,29.1,21.6,86,20.8,17.4,947.2
2024-10-19,PUNE_01,18.5204,73.8567,plains,29.7,21.3,89,11.2,22.0,949.0
2024-10-20,PUNE_01,18.5204,73.8567,plains,28.2,21.1,88,12.5,7.4,949.9
2024-10-21,PUNE_01,18.5204,73.8567,plains,27.2,20.7,86,11.9,6.4,950.1
2024-10-22,PUNE_01,18.5204,73.8567,plains,28.3,19.8,84,9.2,0.4,949.9
2024-10-23,PUNE_01,18.5204,73.8567,plains,28.8,19.6,81,11.4,0.0,949.6
2024-10-24,PUNE_01,18.5204,73.8567,plains,28.7,19.5,77,9.3,0.0,949.2
2024-10-25,PUNE_01,18.5204,73.8567,plains,29.0,19.7,63,10.2,0.0,949.3
2024-10-26,PUNE_01,18.5204,73.8567,plains,29.1,18.7,63,11.7,0.0,949.3
2024-10-27,PUNE_01,18.5204,73.8567,plains,30.5,18.1,67,12.0,0.0,947.9
2024-10-28,PUNE_01,18.5204,73.8567,plains,30.7,18.9,69,11.1,0.0,946.6
2024-10-29,PUNE_01,18.5204,73.8567,plains,30.7,18.2,71,12.9,0.0,947.7
2024-10-30,PUNE_01,18.5204,73.8567,plains,29.6,19.0,72,9.7,0.3,948.9
2024-10-31,PUNE_01,18.5204,73.8567,plains,30.5,20.6,68,14.8,0.3,949.9
2024-11-01,PUNE_01,18.5204,73.8567,plains,30.0,20.7,74,14.3,0.1,951.0
2024-11-02,PUNE_01,18.5204,73.8567,plains,30.1,20.1,66,13.9,0.0,951.3
2024-11-03,PUNE_01,18.5204,73.8567,plains,30.2,18.6,61,13.9,0.0,951.1
2024-11-04,PUNE_01,18.5204,73.8567,plains,30.1,18.6,61,14.3,0.0,950.2
2024-11-05,PUNE_01,18.5204,73.8567,plains,29.7,19.0,59,14.3,0.0,950.8
2024-11-06,PUNE_01,18.5204,73.8567,plains,30.2,17.9,62,11.5,0.0,951.3
2024-11-07,PUNE_01,18.5204,73.8567,plains,30.0,19.0,56,11.3,0.0,951.2
2024-11-08,PUNE_01,18.5204,73.8567,plains,29.6,19.1,54,16.6,0.0,950.9
2024-11-09,PUNE_01,18.5204,73.8567,plains,29.7,18.4,54,14.8,0.0,950.9
2024-11-10,PUNE_01,18.5204,73.8567,plains,29.4,19.5,53,12.0,0.0,951.1
2024-11-11,PUNE_01,18.5204,73.8567,plains,29.1,18.5,54,17.5,0.0,950.7
2024-11-12,PUNE_01,18.5204,73.8567,plains,29.3,16.4,55,16.2,0.0,950.1
2024-11-13,PUNE_01,18.5204,73.8567,plains,30.2,17.8,55,13.0,0.0,949.2
2024-11-14,PUNE_01,18.5204,73.8567,plains,32.1,18.9,57,13.7,0.0,950.2
2024-11-15,PUNE_01,18.5204,73.8567,plains,31.3,21.5,66,10.2,1.1,950.9
2024-11-16,PUNE_01,18.5204,73.8567,plains,31.2,22.4,63,11.3,0.1,950.2
2024-11-17,PUNE_01,18.5204,73.8567,plains,30.9,21.8,55,13.5,0.0,950.2
2024-11-18,PUNE_01,18.5204,73.8567,plains,28.9,17.8,51,12.6,0.0,950.8
2024-11-19,PUNE_01,18.5204,73.8567,plains,28.4,16.4,53,10.1,0.0,951.4
2024-11-20,PUNE_01,18.5204,73.8567,plains,28.0,15.9,53,11.4,0.0,950.9
2024-11-21,PUNE_01,18.5204,73.8567,plains,29.0,16.0,52,9.5,0.0,950.4
2024-11-22,PUNE_01,18.5204,73.8567,plains,29.2,15.7,54,9.3,0.0,950.0
2024-11-23,PUNE_01,18.5204,73.8567,plains,29.6,15.6,55,10.1,0.0,950.8
2024-11-24,PUNE_01,18.5204,73.8567,plains,28.9,16.8,56,11.0,0.0,951.0
2024-11-25,PUNE_01,18.5204,73.8567,plains,27.9,15.6,52,11.6,0.0,950.8
2024-11-26,PUNE_01,18.5204,73.8567,plains,27.4,14.8,50,11.5,0.0,950.6
2024-11-27,PUNE_01,18.5204,73.8567,plains,27.4,14.4,46,11.0,0.0,949.9
2024-11-28,PUNE_01,18.5204,73.8567,plains,27.5,14.4,45,16.5,0.0,949.8
2024-11-29,PUNE_01,18.5204,73.8567,plains,27.0,14.1,44,11.6,0.0,949.8
2024-11-30,PUNE_01,18.5204,73.8567,plains,27.9,14.0,50,10.4,0.0,948.6
2024-12-01,PUNE_01,18.5204,73.8567,plains,29.0,16.1,56,9.7,0.0,947.0
2024-12-02,PUNE_01,18.5204,73.8567,plains,28.9,21.1,68,14.8,0.3,947.0
2024-12-03,PUNE_01,18.5204,73.8567,plains,29.5,20.7,74,15.9,1.1,948.6
2024-12-04,PUNE_01,18.5204,73.8567,plains,30.6,21.3,72,15.9,0.9,949.6
2024-12-05,PUNE_01,18.5204,73.8567,plains,31.4,20.8,68,10.3,0.2,950.2
2024-12-06,PUNE_01,18.5204,73.8567,plains,31.8,21.3,63,7.3,0.0,950.3
2024-12-07,PUNE_01,18.5204,73.8567,plains,31.6,21.0,58,11.4,0.0,949.4
2024-12-08,PUNE_01,18.5204,73.8567,plains,30.1,18.9,49,12.2,0.0,949.1
2024-12-09,PUNE_01,18.5204,73.8567,plains,29.5,16.1,49,10.5,0.0,949.4
2024-12-10,PUNE_01,18.5204,73.8567,plains,28.4,15.5,53,7.9,0.0,950.3
2024-12-11,PUNE_01,18.5204,73.8567,plains,29.3,16.7,58,7.8,0.0,950.5
2024-12-12,PUNE_01,18.5204,73.8567,plains,28.4,16.2,55,8.1,0.0,949.9
2024-12-13,PUNE_01,18.5204,73.8567,plains,27.8,15.9,52,10.8,0.0,950.6
2024-12-14,PUNE_01,18.5204,73.8567,plains,27.6,14.1,51,11.3,0.0,951.7
2024-12-15,PUNE_01,18.5204,73.8567,plains,27.9,13.2,50,9.3,0.0,952.5
2024-12-16,PUNE_01,18.5204,73.8567,plains,27.8,12.5,46,7.9,0.0,951.1
2024-12-17,PUNE_01,18.5204,73.8567,plains,28.6,12.1,47,9.3,0.0,949.7
2024-12-18,PUNE_01,18.5204,73.8567,plains,28.8,12.4,47,6.4,0.0,949.1
2024-12-19,PUNE_01,18.5204,73.8567,plains,29.6,12.6,51,8.3,0.0,948.8
2024-12-20,PUNE_01,18.5204,73.8567,plains,30.1,15.5,59,10.6,0.0,948.5
2024-12-21,PUNE_01,18.5204,73.8567,plains,30.3,16.3,71,12.3,0.0,948.7
2024-12-22,PUNE_01,18.5204,73.8567,plains,29.5,17.6,76,15.1,0.0,949.3
2024-12-23,PUNE_01,18.5204,73.8567,plains,27.9,17.2,75,11.9,0.1,949.3
2024-12-24,PUNE_01,18.5204,73.8567,plains,28.1,17.4,72,10.1,0.3,949.8
2024-12-25,PUNE_01,18.5204,73.8567,plains,30.0,17.4,65,11.9,0.1,950.8
2024-12-26,PUNE_01,18.5204,73.8567,plains,30.1,19.6,66,11.9,0.2,952.6
2024-12-27,PUNE_01,18.5204,73.8567,plains,29.9,19.7,70,11.4,0.7,952.8
2024-12-28,PUNE_01,18.5204,73.8567,plains,29.7,19.1,72,11.4,1.8,952.8
2024-12-29,PUNE_01,18.5204,73.8567,plains,30.6,19.2,65,7.6,0.2,953.2
2024-12-30,PUNE_01,18.5204,73.8567,plains,30.7,19.4,60,8.2,0.0,953.4
2024-12-31,PUNE_01,18.5204,73.8567,plains,30.3,18.5,55,9.9,0.0,953.4
